date,AAPL,MSFT,KO,WMT,BA,PG
2006-01-03T14:30:00.0,2.669642925262451,26.84000015258789,20.450000762939453,15.40999984741211,70.44000244140625,58.779998779296875
2006-01-04T14:30:00.0,2.677500009536743,26.969999313354492,20.40999984741211,15.4399995803833,71.16999816894531,58.88999938964844
2006-01-05T14:30:00.0,2.6564290523529053,26.989999771118164,20.510000228881836,15.229999542236328,70.33000183105469,58.70000076293945
2006-01-06T14:30:00.0,2.7249999046325684,26.90999984741211,20.704999923706055,15.293333053588867,69.3499984741211,58.63999938964844
2006-01-09T14:30:00.0,2.7160708904266357,26.860000610351562,20.80500030517578,15.236666679382324,68.7699966430664,59.08000183105469
2006-01-10T14:30:00.0,2.887856960296631,27.0,20.825000762939453,15.286666870117188,69.0999984741211,58.849998474121094
2006-01-11T14:30:00.0,2.996428966522217,27.290000915527344,20.834999084472656,15.523332595825195,70.0999984741211,59.060001373291016
2006-01-12T14:30:00.0,3.010356903076172,27.139999389648438,20.719999313354492,15.24666690826416,69.69000244140625,58.40999984741211
2006-01-13T14:30:00.0,3.056786060333252,27.190000534057617,20.655000686645508,15.133333206176758,69.4800033569336,58.900001525878906
2006-01-17T14:30:00.0,3.0253570079803467,26.989999771118164,20.514999389648438,14.983332633972168,68.69000244140625,58.650001525878906
2006-01-18T14:30:00.0,2.946070909500122,26.829999923706055,20.40999984741211,15.0600004196167,68.33000183105469,58.66999816894531
2006-01-19T14:30:00.0,2.822856903076172,27.020000457763672,20.46500015258789,15.266667366027832,68.16999816894531,58.5099983215332
2006-01-20T14:30:00.0,2.7174999713897705,26.40999984741211,20.045000076293945,15.0,66.5,57.84000015258789
2006-01-23T14:30:00.0,2.7739291191101074,26.350000381469727,20.25,15.083333015441895,67.0199966430664,57.63999938964844
2006-01-24T14:30:00.0,2.7157139778137207,26.280000686645508,20.450000762939453,15.239999771118164,67.66000366210938,57.869998931884766
2006-01-25T14:30:00.0,2.6500000953674316,26.399999618530273,20.56999969482422,15.323332786560059,66.91000366210938,58.470001220703125
2006-01-26T14:30:00.0,2.583214044570923,26.5,20.739999771118164,15.4399995803833,68.72000122070312,58.81999969482422
2006-01-27T14:30:00.0,2.572499990463257,27.790000915527344,20.985000610351562,15.279999732971191,68.55999755859375,59.7400016784668
2006-01-30T14:30:00.0,2.6785709857940674,28.0,20.875,15.470000267028809,69.02999877929688,59.13999938964844
2006-01-31T14:30:00.0,2.6967859268188477,28.149999618530273,20.690000534057617,15.369999885559082,68.30999755859375,59.22999954223633
2006-02-01T14:30:00.0,2.693571090698242,28.040000915527344,20.75,15.380000114440918,71.62000274658203,59.81999969482422
2006-02-02T14:30:00.0,2.575000047683716,27.68000030517578,20.614999771118164,15.426667213439941,71.69999694824219,59.650001525878906
2006-02-03T14:30:00.0,2.566071033477783,27.540000915527344,20.440000534057617,15.16333293914795,70.87000274658203,59.68000030517578
2006-02-06T14:30:00.0,2.4035708904266357,27.170000076293945,20.469999313354492,15.026666641235352,71.13999938964844,59.790000915527344
2006-02-07T14:30:00.0,2.414285898208618,26.940000534057617,20.514999389648438,14.91333293914795,71.55000305175781,59.31999969482422
2006-02-08T14:30:00.0,2.4574999809265137,26.90999984741211,20.614999771118164,15.133333206176758,71.76000213623047,59.470001220703125
2006-02-09T14:30:00.0,2.319643020629883,26.65999984741211,20.5,15.233332633972168,72.01000213623047,59.619998931884766
2006-02-10T14:30:00.0,2.4039289951324463,26.690000534057617,20.579999923706055,15.25,72.52999877929688,59.70000076293945
2006-02-13T14:30:00.0,2.3110709190368652,26.389999389648438,20.3700008392334,15.170000076293945,72.11000061035156,59.439998626708984
2006-02-14T14:30:00.0,2.4157140254974365,26.649999618530273,20.670000076293945,15.483332633972168,72.70999908447266,59.84000015258789
2006-02-15T14:30:00.0,2.4721429347991943,26.8799991607666,20.670000076293945,15.630000114440918,72.44999694824219,60.11000061035156
2006-02-16T14:30:00.0,2.5203568935394287,26.809999465942383,20.795000076293945,15.543333053588867,72.55000305175781,60.72999954223633
2006-02-17T14:30:00.0,2.510356903076172,26.700000762939453,20.895000457763672,15.366666793823242,72.95999908447266,61.0
2006-02-21T14:30:00.0,2.4671430587768555,26.540000915527344,20.924999237060547,15.24666690826416,73.05000305175781,60.880001068115234
2006-02-22T14:30:00.0,2.54714298248291,26.719999313354492,21.040000915527344,15.15999984741211,74.38999938964844,61.939998626708984
2006-02-23T14:30:00.0,2.5625,26.65999984741211,21.014999389648438,15.233332633972168,73.9000015258789,61.47999954223633
2006-02-24T14:30:00.0,2.552143096923828,26.6299991607666,21.114999771118164,15.149999618530273,74.30999755859375,61.5
2006-02-27T14:30:00.0,2.5353569984436035,27.049999237060547,21.264999389648438,15.25333309173584,74.12999725341797,61.349998474121094
2006-02-28T14:30:00.0,2.446070909500122,26.8700008392334,20.985000610351562,15.119999885559082,72.69000244140625,59.93000030517578
2006-03-01T14:30:00.0,2.4678568840026855,27.139999389648438,21.155000686645508,15.050000190734863,72.94999694824219,60.11000061035156
2006-03-02T14:30:00.0,2.4860711097717285,26.969999313354492,20.954999923706055,15.020000457763672,72.80000305175781,59.54999923706055
2006-03-03T14:30:00.0,2.4185709953308105,26.93000030517578,20.899999618530273,15.109999656677246,73.38999938964844,59.66999816894531
2006-03-06T14:30:00.0,2.338571071624756,26.90999984741211,20.975000381469727,15.039999961853027,72.62999725341797,59.66999816894531
2006-03-07T14:30:00.0,2.3682138919830322,27.059999465942383,20.899999618530273,15.09000015258789,73.16000366210938,60.29999923706055
2006-03-08T14:30:00.0,2.3450000286102295,27.25,21.114999771118164,15.09000015258789,72.81999969482422,61.06999969482422
2006-03-09T14:30:00.0,2.2832140922546387,27.0,21.200000762939453,15.079999923706055,73.76000213623047,61.400001525878906
2006-03-10T14:30:00.0,2.2567861080169678,27.170000076293945,21.385000228881836,15.109999656677246,74.79000091552734,62.25
2006-03-13T14:30:00.0,2.3457140922546387,27.110000610351562,21.2450008392334,15.09000015258789,74.83999633789062,61.97999954223633
2006-03-14T14:30:00.0,2.4042859077453613,27.229999542236328,21.395000457763672,15.180000305175781,75.44999694824219,60.0099983215332
2006-03-15T14:30:00.0,2.365356922149658,27.360000610351562,21.364999771118164,15.106666564941406,76.05000305175781,59.900001525878906
2006-03-16T14:30:00.0,2.296786069869995,27.270000457763672,21.344999313354492,15.453332901000977,76.7300033569336,59.38999938964844
2006-03-17T14:30:00.0,2.309286117553711,27.5,21.395000457763672,15.563332557678223,77.8499984741211,59.099998474121094
2006-03-20T14:30:00.0,2.2853569984436035,27.889999389648438,21.44499969482422,15.920000076293945,78.18000030517578,59.18000030517578
2006-03-21T14:30:00.0,2.2074999809265137,27.739999771118164,21.375,16.036666870117188,78.26000213623047,59.029998779296875
2006-03-22T14:30:00.0,2.202500104904175,27.149999618530273,21.385000228881836,16.03333282470703,78.61000061035156,59.4900016784668
2006-03-23T14:30:00.0,2.148571014404297,26.850000381469727,21.204999923706055,16.18000030517578,77.9000015258789,58.650001525878906
2006-03-24T14:30:00.0,2.1414289474487305,27.010000228881836,21.329999923706055,16.06333351135254,78.7300033569336,58.7400016784668
2006-03-27T14:30:00.0,2.125356912612915,27.010000228881836,21.19499969482422,15.983332633972168,78.38999938964844,58.290000915527344
2006-03-28T14:30:00.0,2.0967860221862793,26.899999618530273,21.079999923706055,15.916666984558105,77.51000213623047,57.529998779296875
2006-03-29T14:30:00.0,2.2260708808898926,27.020000457763672,21.079999923706055,16.016666412353516,79.18000030517578,57.7400016784668
2006-03-30T14:30:00.0,2.2410709857940674,27.229999542236328,21.059999465942383,15.886667251586914,78.41999816894531,57.630001068115234
2006-03-31T14:30:00.0,2.240000009536743,27.209999084472656,20.934999465942383,15.74666690826416,77.93000030517578,57.630001068115234
2006-04-03T13:30:00.0,2.237499952316284,27.559999465942383,20.934999465942383,15.59000015258789,78.01000213623047,57.880001068115234
2006-04-04T13:30:00.0,2.184643030166626,27.639999389648438,21.040000915527344,15.5,78.5999984741211,58.0
2006-04-05T13:30:00.0,2.4003570079803467,27.739999771118164,20.975000381469727,15.623332977294922,79.11000061035156,57.619998931884766
2006-04-06T13:30:00.0,2.544286012649536,27.559999465942383,20.844999313354492,15.520000457763672,79.81999969482422,57.5
2006-04-07T13:30:00.0,2.492500066757202,27.25,20.674999237060547,15.34000015258789,79.56999969482422,57.279998779296875
2006-04-10T13:30:00.0,2.452500104904175,27.290000915527344,20.739999771118164,15.233332633972168,80.79000091552734,57.150001525878906
2006-04-11T13:30:00.0,2.4282140731811523,27.1299991607666,20.645000457763672,15.166666984558105,80.56999969482422,56.4900016784668
2006-04-12T13:30:00.0,2.382499933242798,27.200000762939453,20.575000762939453,15.300000190734863,83.20999908447266,56.41999816894531
2006-04-13T13:30:00.0,2.373929023742676,27.06999969482422,20.6299991607666,15.256667137145996,82.93000030517578,56.599998474121094
2006-04-17T13:30:00.0,2.314642906188965,26.84000015258789,20.520000457763672,15.273332595825195,82.3499984741211,56.029998779296875
2006-04-18T13:30:00.0,2.365000009536743,27.219999313354492,20.649999618530273,15.466667175292969,83.30000305175781,56.15999984741211
2006-04-19T13:30:00.0,2.3446431159973145,27.030000686645508,20.844999313354492,15.489999771118164,84.95999908447266,56.06999969482422
2006-04-20T13:30:00.0,2.4153571128845215,27.030000686645508,20.905000686645508,15.466667175292969,85.5,56.2599983215332
2006-04-21T13:30:00.0,2.3942859172821045,27.149999618530273,20.924999237060547,15.273332595825195,86.45999908447266,56.34000015258789
2006-04-24T13:30:00.0,2.3482139110565186,27.110000610351562,20.780000686645508,15.180000305175781,86.0999984741211,56.599998474121094
2006-04-25T13:30:00.0,2.3632140159606934,27.110000610351562,20.674999237060547,15.210000038146973,85.11000061035156,57.27000045776367
2006-04-26T13:30:00.0,2.433928966522217,27.100000381469727,20.860000610351562,15.326666831970215,84.91000366210938,58.0099983215332
2006-04-27T13:30:00.0,2.4771430492401123,27.25,21.024999618530273,15.213333129882812,84.0999984741211,58.380001068115234
2006-04-28T13:30:00.0,2.5139288902282715,24.149999618530273,20.979999542236328,15.010000228881836,83.44999694824219,58.209999084472656
2006-05-01T13:30:00.0,2.4857139587402344,24.290000915527344,20.985000610351562,15.3100004196167,83.86000061035156,57.880001068115234
2006-05-02T13:30:00.0,2.557857036590576,24.010000228881836,21.1200008392334,15.386667251586914,85.33000183105469,58.11000061035156
2006-05-03T13:30:00.0,2.5407140254974365,23.170000076293945,20.959999084472656,15.563332557678223,85.87000274658203,56.220001220703125
2006-05-04T13:30:00.0,2.5403571128845215,23.440000534057617,21.040000915527344,15.466667175292969,86.63999938964844,55.86000061035156
2006-05-05T13:30:00.0,2.567500114440918,23.799999237060547,21.354999542236328,15.75,88.47000122070312,55.72999954223633
2006-05-08T13:30:00.0,2.567500114440918,23.729999542236328,21.684999465942383,15.856666564941406,87.58999633789062,56.34000015258789
2006-05-09T13:30:00.0,2.5367860794067383,23.6200008392334,21.834999084472656,15.956666946411133,87.98999786376953,56.5
2006-05-10T13:30:00.0,2.5214290618896484,23.770000457763672,21.790000915527344,15.926667213439941,88.94000244140625,56.34000015258789
2006-05-11T13:30:00.0,2.433928966522217,23.219999313354492,21.690000534057617,15.75,88.20999908447266,55.650001525878906
2006-05-12T13:30:00.0,2.4178569316864014,23.170000076293945,21.59000015258789,15.513333320617676,87.01000213623047,55.0099983215332
2006-05-15T13:30:00.0,2.4210710525512695,23.149999618530273,21.969999313354492,15.8100004196167,85.86000061035156,55.56999969482422
2006-05-16T13:30:00.0,2.320713996887207,23.010000228881836,21.920000076293945,16.023332595825195,86.4000015258789,56.040000915527344
2006-05-17T13:30:00.0,2.330713987350464,22.729999542236328,21.774999618530273,15.613332748413086,83.7699966430664,55.33000183105469
2006-05-18T13:30:00.0,2.2564289569854736,22.829999923706055,21.774999618530273,15.739999771118164,82.7300033569336,54.88999938964844
2006-05-19T13:30:00.0,2.303929090499878,22.559999465942383,21.825000762939453,15.773332595825195,84.61000061035156,54.150001525878906
2006-05-22T13:30:00.0,2.26357102394104,22.8799991607666,21.799999237060547,15.783332824707031,85.70999908447266,54.279998779296875
2006-05-23T13:30:00.0,2.255357027053833,22.790000915527344,21.790000915527344,15.84000015258789,85.1500015258789,54.4900016784668
2006-05-24T13:30:00.0,2.2621428966522217,23.5,22.014999389648438,16.010000228881836,82.37999725341797,54.81999969482422
2006-05-25T13:30:00.0,2.297499895095825,23.739999771118164,22.184999465942383,16.483333587646484,82.98999786376953,55.2599983215332
2006-05-26T13:30:00.0,2.2696430683135986,23.719999313354492,22.2450008392334,16.549999237060547,83.5,55.130001068115234
2006-05-30T13:30:00.0,2.186429023742676,23.149999618530273,21.834999084472656,16.100000381469727,82.12999725341797,54.380001068115234
2006-05-31T13:30:00.0,2.134643077850342,22.649999618530273,22.014999389648438,16.149999618530273,83.25,54.25
2006-06-01T13:30:00.0,2.2203569412231445,22.81999969482422,21.959999084472656,16.1299991607666,83.63999938964844,54.47999954223633
2006-06-02T13:30:00.0,2.2021429538726807,22.760000228881836,21.94499969482422,15.94333267211914,83.80000305175781,53.95000076293945
2006-06-05T13:30:00.0,2.142857074737549,22.5,21.71500015258789,15.729999542236328,82.12999725341797,53.18000030517578
2006-06-06T13:30:00.0,2.132857084274292,22.1299991607666,21.75,15.676667213439941,80.6500015258789,53.369998931884766
2006-06-07T13:30:00.0,2.0914289951324463,22.040000915527344,21.690000534057617,15.680000305175781,81.45999908447266,53.2400016784668
2006-06-08T13:30:00.0,2.1700000762939453,22.110000610351562,21.69499969482422,15.766667366027832,81.19000244140625,54.7400016784668
2006-06-09T13:30:00.0,2.1157140731811523,21.920000076293945,21.774999618530273,15.710000038146973,80.5,54.45000076293945
2006-06-12T13:30:00.0,2.0357139110565186,21.709999084472656,21.655000686645508,15.66333293914795,77.87999725341797,54.310001373291016
2006-06-13T13:30:00.0,2.083214044570923,21.510000228881836,21.454999923706055,15.84333324432373,76.9800033569336,54.130001068115234
2006-06-14T13:30:00.0,2.057499885559082,21.8799991607666,21.405000686645508,15.903332710266113,82.01000213623047,54.83000183105469
2006-06-15T13:30:00.0,2.120713949203491,22.06999969482422,21.520000457763672,16.219999313354492,84.80999755859375,54.880001068115234
2006-06-16T13:30:00.0,2.0557138919830322,22.100000381469727,21.604999542236328,16.10333251953125,85.54000091552734,55.02000045776367
2006-06-19T13:30:00.0,2.0428569316864014,22.549999237060547,21.46500015258789,16.09000015258789,84.76000213623047,54.869998931884766
2006-06-20T13:30:00.0,2.052500009536743,22.559999465942383,21.399999618530273,16.143333435058594,84.8499984741211,55.58000183105469
2006-06-21T13:30:00.0,2.0664288997650146,23.079999923706055,21.5049991607666,16.299999237060547,85.8499984741211,55.81999969482422
2006-06-22T13:30:00.0,2.127856969833374,22.8799991607666,21.434999465942383,16.15999984741211,84.05999755859375,55.849998474121094
2006-06-23T13:30:00.0,2.1010708808898926,22.5,21.375,15.979999542236328,83.38999938964844,55.72999954223633
2006-06-26T13:30:00.0,2.106786012649536,22.81999969482422,21.415000915527344,16.023332595825195,83.88999938964844,55.9900016784668
2006-06-27T13:30:00.0,2.0510709285736084,22.860000610351562,21.2549991607666,15.876667022705078,81.93000030517578,55.75
2006-06-28T13:30:00.0,2.000714063644409,23.15999984741211,21.209999084472656,15.973333358764648,82.63999938964844,55.77000045776367
2006-06-29T13:30:00.0,2.1060709953308105,23.469999313354492,21.530000686645508,16.23666763305664,83.0,56.9900016784668
2006-06-30T13:30:00.0,2.0453569889068604,23.299999237060547,21.510000228881836,16.05666732788086,81.91000366210938,55.599998474121094
2006-07-03T13:30:00.0,2.069643020629883,23.700000762939453,21.684999465942383,15.856666564941406,81.30000305175781,56.29999923706055
2006-07-05T13:30:00.0,2.0357139110565186,23.350000381469727,21.510000228881836,15.673333168029785,80.16999816894531,55.93000030517578
2006-07-06T13:30:00.0,1.991786003112793,23.479999542236328,21.665000915527344,15.573332786560059,80.80999755859375,56.45000076293945
2006-07-07T13:30:00.0,1.9785710573196411,23.299999237060547,21.59000015258789,15.333333015441895,79.98999786376953,56.5
2006-07-10T13:30:00.0,1.964285969734192,23.5,21.815000534057617,15.393333435058594,80.3499984741211,56.97999954223633
2006-07-11T13:30:00.0,1.9874999523162842,23.100000381469727,21.905000686645508,15.376667022705078,81.62999725341797,57.25
2006-07-12T13:30:00.0,1.8914289474487305,22.639999389648438,21.78499984741211,15.050000190734863,80.91999816894531,56.61000061035156
2006-07-13T13:30:00.0,1.8660709857940674,22.260000228881836,21.549999237060547,14.720000267028809,79.58999633789062,56.540000915527344
2006-07-14T13:30:00.0,1.809643030166626,22.290000915527344,21.325000762939453,14.350000381469727,77.25,55.65999984741211
2006-07-17T13:30:00.0,1.8703570365905762,22.479999542236328,21.350000381469727,14.34000015258789,78.94999694824219,55.81999969482422
2006-07-18T13:30:00.0,1.8892860412597656,22.739999771118164,21.774999618530273,14.390000343322754,79.16999816894531,55.810001373291016
2006-07-19T13:30:00.0,1.932142972946167,23.399999618530273,21.90999984741211,14.733332633972168,82.29000091552734,56.63999938964844
2006-07-20T13:30:00.0,2.1607139110565186,22.850000381469727,21.920000076293945,14.763333320617676,80.69000244140625,56.61000061035156
2006-07-21T13:30:00.0,2.1685709953308105,23.8700008392334,21.950000762939453,14.573332786560059,79.08000183105469,56.06999969482422
2006-07-24T13:30:00.0,2.193571090698242,24.0,22.0,14.8100004196167,81.44000244140625,56.900001525878906
2006-07-25T13:30:00.0,2.2117860317230225,24.219999313354492,22.125,14.890000343322754,83.75,56.880001068115234
2006-07-26T13:30:00.0,2.2810709476470947,24.3700008392334,22.225000381469727,14.55666732788086,79.9000015258789,56.66999816894531
2006-07-27T13:30:00.0,2.2642860412597656,23.8700008392334,22.155000686645508,14.510000228881836,78.70999908447266,56.439998626708984
2006-07-28T13:30:00.0,2.3424999713897705,24.25,22.260000228881836,14.819999694824219,78.91000366210938,56.810001373291016
2006-07-31T13:30:00.0,2.427143096923828,24.059999465942383,22.25,14.833333015441895,77.41999816894531,56.20000076293945
2006-08-01T13:30:00.0,2.3992860317230225,23.989999771118164,22.155000686645508,14.696666717529297,78.16999816894531,55.93000030517578
2006-08-02T13:30:00.0,2.434286117553711,24.299999237060547,22.155000686645508,14.789999961853027,78.62000274658203,58.290000915527344
2006-08-03T13:30:00.0,2.4853570461273193,24.209999084472656,22.010000228881836,14.90999984741211,79.4000015258789,59.45000076293945
2006-08-04T13:30:00.0,2.43928599357605,24.290000915527344,21.924999237060547,14.956666946411133,79.48999786376953,59.45000076293945
2006-08-07T13:30:00.0,2.4003570079803467,24.219999313354492,21.80500030517578,14.9399995803833,79.75,59.400001525878906
2006-08-08T13:30:00.0,2.313570976257324,24.34000015258789,21.905000686645508,14.819999694824219,78.1500015258789,59.720001220703125
2006-08-09T13:30:00.0,2.271070957183838,24.440000534057617,21.875,14.633333206176758,77.16000366210938,59.540000915527344
2006-08-10T13:30:00.0,2.2882139682769775,24.459999084472656,21.950000762939453,14.963333129882812,76.19999694824219,60.2599983215332
2006-08-11T13:30:00.0,2.273214101791382,24.43000030517578,21.8799991607666,14.896666526794434,75.95999908447266,60.2599983215332
2006-08-14T13:30:00.0,2.2835710048675537,24.530000686645508,21.9950008392334,15.033332824707031,75.38999938964844,59.7599983215332
2006-08-15T13:30:00.0,2.37321400642395,24.6200008392334,22.15999984741211,14.850000381469727,76.58000183105469,60.439998626708984
2006-08-16T13:30:00.0,2.427856922149658,24.700000762939453,22.165000915527344,14.8100004196167,78.83000183105469,60.41999816894531
2006-08-17T13:30:00.0,2.413928985595703,24.700000762939453,22.09000015258789,14.876667022705078,78.58999633789062,60.34000015258789
2006-08-18T13:30:00.0,2.4253571033477783,25.790000915527344,22.155000686645508,14.829999923706055,77.62000274658203,60.38999938964844
2006-08-21T13:30:00.0,2.377142906188965,26.1200008392334,22.094999313354492,14.696666717529297,76.62999725341797,60.779998779296875
2006-08-22T13:30:00.0,2.4149999618530273,25.6200008392334,22.204999923706055,14.6899995803833,76.94999694824219,61.04999923706055
2006-08-23T13:30:00.0,2.4039289951324463,25.670000076293945,22.15999984741211,14.58666706085205,76.36000061035156,60.91999816894531
2006-08-24T13:30:00.0,2.421786069869995,25.739999771118164,22.2549991607666,14.566666603088379,75.23999786376953,61.04999923706055
2006-08-25T13:30:00.0,2.455357074737549,25.850000381469727,22.260000228881836,14.626667022705078,73.93000030517578,60.869998931884766
2006-08-28T13:30:00.0,2.3921430110931396,25.950000762939453,22.354999542236328,14.8100004196167,74.72000122070312,60.97999954223633
2006-08-29T13:30:00.0,2.374285936355591,25.84000015258789,22.56999969482422,14.829999923706055,73.77999877929688,61.20000076293945
2006-08-30T13:30:00.0,2.3914289474487305,25.799999237060547,22.479999542236328,14.873332977294922,75.0199966430664,61.75
2006-08-31T13:30:00.0,2.4232139587402344,25.700000762939453,22.405000686645508,14.90666675567627,74.9000015258789,61.900001525878906
2006-09-01T13:30:00.0,2.442142963409424,25.84000015258789,22.53499984741211,15.149999618530273,75.43000030517578,61.90999984741211
2006-09-05T13:30:00.0,2.552856922149658,25.610000610351562,22.489999771118164,15.1899995803833,75.36000061035156,61.560001373291016
2006-09-06T13:30:00.0,2.501070976257324,25.610000610351562,22.350000381469727,15.133333206176758,74.44000244140625,61.439998626708984
2006-09-07T13:30:00.0,2.5999999046325684,25.43000030517578,22.2450008392334,15.180000305175781,72.87000274658203,61.529998779296875
2006-09-08T13:30:00.0,2.5899999141693115,25.600000381469727,22.299999237060547,15.573332786560059,72.80000305175781,61.13999938964844
2006-09-11T13:30:00.0,2.5892860889434814,25.90999984741211,22.274999618530273,15.829999923706055,73.81999969482422,61.91999816894531
2006-09-12T13:30:00.0,2.5939290523529053,25.93000030517578,22.389999389648438,16.023332595825195,74.26000213623047,61.849998474121094
2006-09-13T13:30:00.0,2.6500000953674316,25.979999542236328,22.30500030517578,16.02666664123535,76.31999969482422,60.560001373291016
2006-09-14T13:30:00.0,2.6489291191101074,26.329999923706055,22.290000915527344,16.123332977294922,75.01000213623047,60.77000045776367
2006-09-15T13:30:00.0,2.6464290618896484,26.850000381469727,22.299999237060547,16.073333740234375,75.01000213623047,60.900001525878906
2006-09-18T13:30:00.0,2.6389288902282715,26.790000915527344,22.219999313354492,16.03333282470703,75.20999908447266,60.5
2006-09-19T13:30:00.0,2.634643077850342,26.860000610351562,22.190000534057617,16.166667938232422,74.87000274658203,60.90999984741211
2006-09-20T13:30:00.0,2.687856912612915,27.18000030517578,22.225000381469727,16.290000915527344,76.19000244140625,61.630001068115234
2006-09-21T13:30:00.0,2.6660709381103516,26.899999618530273,22.100000381469727,16.15333366394043,76.11000061035156,61.7400016784668
2006-09-22T13:30:00.0,2.607142925262451,26.65999984741211,21.9950008392334,16.09666633605957,77.25,61.810001373291016
2006-09-25T13:30:00.0,2.705357074737549,26.950000762939453,22.200000762939453,16.273332595825195,77.70999908447266,62.290000915527344
2006-09-26T13:30:00.0,2.7717859745025635,27.200000762939453,22.31999969482422,16.416667938232422,79.0,62.47999954223633
2006-09-27T13:30:00.0,2.728929042816162,27.440000534057617,22.354999542236328,16.5,79.41000366210938,62.72999954223633
2006-09-28T13:30:00.0,2.750356912612915,27.399999618530273,22.475000381469727,16.60333251953125,79.27999877929688,62.2599983215332
2006-09-29T13:30:00.0,2.749285936355591,27.350000381469727,22.34000015258789,16.440000534057617,78.8499984741211,61.97999954223633
2006-10-02T13:30:00.0,2.6735711097717285,27.360000610351562,22.25,16.14666748046875,79.97000122070312,62.040000915527344
2006-10-03T13:30:00.0,2.645714044570923,27.3700008392334,22.280000686645508,16.48666763305664,81.77999877929688,62.29999923706055
2006-10-04T13:30:00.0,2.692142963409424,27.940000534057617,22.399999618530273,16.516666412353516,83.95999908447266,63.34000015258789
2006-10-05T13:30:00.0,2.672499895095825,27.920000076293945,22.415000915527344,16.136667251586914,83.62000274658203,63.52000045776367
2006-10-06T13:30:00.0,2.6507139205932617,27.8700008392334,22.3799991607666,16.106666564941406,83.68000030517578,63.09000015258789
2006-10-09T13:30:00.0,2.6653571128845215,27.719999313354492,22.209999084472656,16.073333740234375,82.6500015258789,62.849998474121094
2006-10-10T13:30:00.0,2.636070966720581,27.690000534057617,22.030000686645508,16.040000915527344,82.12999725341797,62.720001220703125
2006-10-11T13:30:00.0,2.615356922149658,27.540000915527344,22.059999465942383,16.10333251953125,81.63999938964844,62.47999954223633
2006-10-12T13:30:00.0,2.687856912612915,28.219999313354492,22.024999618530273,16.106666564941406,83.63999938964844,62.40999984741211
2006-10-13T13:30:00.0,2.679286003112793,28.3700008392334,22.010000228881836,16.15333366394043,82.38999938964844,62.130001068115234
2006-10-16T13:30:00.0,2.692857027053833,28.450000762939453,22.125,16.106666564941406,82.66000366210938,62.04999923706055
2006-10-17T13:30:00.0,2.6532139778137207,28.440000534057617,21.895000457763672,16.093332290649414,82.29000091552734,62.25
2006-10-18T13:30:00.0,2.6617860794067383,28.520000457763672,21.979999542236328,16.116666793823242,82.73999786376953,62.59000015258789
2006-10-19T13:30:00.0,2.821070909500122,28.290000915527344,22.454999923706055,16.163333892822266,82.41000366210938,62.5
2006-10-20T13:30:00.0,2.8553569316864014,28.43000030517578,23.375,16.456666946411133,81.73999786376953,62.68000030517578
2006-10-23T13:30:00.0,2.9092860221862793,28.450000762939453,23.639999389648438,17.093332290649414,82.80000305175781,63.279998779296875
2006-10-24T13:30:00.0,2.8946430683135986,28.280000686645508,23.514999389648438,17.100000381469727,83.58999633789062,62.880001068115234
2006-10-25T13:30:00.0,2.9171431064605713,28.309999465942383,23.594999313354492,16.950000762939453,80.86000061035156,63.130001068115234
2006-10-26T13:30:00.0,2.935357093811035,28.350000381469727,23.56999969482422,17.25,79.13999938964844,63.5
2006-10-27T13:30:00.0,2.871786117553711,28.34000015258789,23.434999465942383,16.90999984741211,79.73999786376953,63.560001373291016
2006-10-30T14:30:00.0,2.872143030166626,28.530000686645508,23.3799991607666,16.510000228881836,80.22000122070312,63.810001373291016
2006-10-31T14:30:00.0,2.895714044570923,28.709999084472656,23.360000610351562,16.426666259765625,79.86000061035156,63.38999938964844
2006-11-01T14:30:00.0,2.8271429538726807,28.809999465942383,23.31999969482422,16.28333282470703,80.05999755859375,63.040000915527344
2006-11-02T14:30:00.0,2.820713996887207,28.770000457763672,23.354999542236328,16.09666633605957,79.19999694824219,63.27000045776367
2006-11-03T14:30:00.0,2.7960710525512695,28.729999542236328,23.25,15.84333324432373,79.97000122070312,63.400001525878906
2006-11-06T14:30:00.0,2.8467860221862793,28.84000015258789,23.405000686645508,15.829999923706055,80.4800033569336,63.560001373291016
2006-11-07T14:30:00.0,2.875356912612915,28.950000762939453,23.459999084472656,15.883333206176758,84.8499984741211,64.11000061035156
2006-11-08T14:30:00.0,2.944643020629883,28.979999542236328,23.440000534057617,15.676667213439941,85.44999694824219,64.04000091552734
2006-11-09T14:30:00.0,2.976428985595703,29.260000228881836,23.325000762939453,15.463333129882812,85.11000061035156,63.79999923706055
2006-11-10T14:30:00.0,2.9685709476470947,29.239999771118164,23.235000610351562,15.489999771118164,85.62000274658203,63.70000076293945
2006-11-13T14:30:00.0,3.012500047683716,29.350000381469727,23.204999923706055,15.4399995803833,85.69000244140625,63.25
2006-11-14T14:30:00.0,3.0357139110565186,29.229999542236328,23.274999618530273,15.886667251586914,85.73999786376953,63.20000076293945
2006-11-15T14:30:00.0,3.00178599357605,29.1200008392334,23.325000762939453,15.893333435058594,87.08000183105469,63.119998931884766
2006-11-16T14:30:00.0,3.057499885559082,29.469999313354492,23.56999969482422,15.970000267028809,88.70999908447266,63.52000045776367
2006-11-17T14:30:00.0,3.066071033477783,29.399999618530273,23.6299991607666,15.833333015441895,89.5199966430664,63.86000061035156
2006-11-20T14:30:00.0,3.0882139205932617,29.889999389648438,23.520000457763672,15.90666675567627,89.12000274658203,63.689998626708984
2006-11-21T14:30:00.0,3.164285898208618,29.920000076293945,23.4950008392334,15.936667442321777,91.0999984741211,63.2599983215332
2006-11-22T14:30:00.0,3.2253570556640625,29.920000076293945,23.549999237060547,16.010000228881836,90.0999984741211,63.63999938964844
2006-11-24T14:30:00.0,3.2725000381469727,29.760000228881836,23.459999084472656,15.966667175292969,89.7699966430664,63.529998779296875
2006-11-27T14:30:00.0,3.197856903076172,29.479999542236328,23.274999618530273,15.536666870117188,87.37000274658203,62.84000015258789
2006-11-28T14:30:00.0,3.2789289951324463,29.389999389648438,23.34000015258789,15.569999694824219,87.94000244140625,63.06999969482422
2006-11-29T14:30:00.0,3.2785708904266357,29.56999969482422,23.31999969482422,15.630000114440918,88.88999938964844,63.209999084472656
2006-11-30T14:30:00.0,3.273571014404297,29.360000610351562,23.415000915527344,15.366666793823242,88.52999877929688,62.790000915527344
2006-12-01T14:30:00.0,3.2614290714263916,29.1200008392334,23.28499984741211,15.289999961853027,89.55000305175781,62.689998626708984
2006-12-04T14:30:00.0,3.254286050796509,29.329999923706055,23.415000915527344,15.430000305175781,89.58000183105469,63.41999816894531
2006-12-05T14:30:00.0,3.259643077850342,29.1299991607666,24.0,15.493332862854004,90.7300033569336,63.5099983215332
2006-12-06T14:30:00.0,3.208214044570923,28.989999771118164,24.190000534057617,15.513333320617676,90.83000183105469,63.79999923706055
2006-12-07T14:30:00.0,3.1085710525512695,28.850000381469727,24.360000610351562,15.456666946411133,90.01000213623047,63.79999923706055
2006-12-08T14:30:00.0,3.1521430015563965,29.399999618530273,24.454999923706055,15.449999809265137,90.12999725341797,63.88999938964844
2006-12-11T14:30:00.0,3.169642925262451,29.540000915527344,24.405000686645508,15.333333015441895,89.77999877929688,63.869998931884766
2006-12-12T14:30:00.0,3.0764288902282715,29.43000030517578,24.450000762939453,15.216667175292969,90.30999755859375,63.70000076293945
2006-12-13T14:30:00.0,3.180356979370117,29.549999237060547,24.420000076293945,15.300000190734863,89.5999984741211,63.400001525878906
2006-12-14T14:30:00.0,3.1624999046325684,30.06999969482422,24.5,15.506667137145996,89.93000030517578,63.349998474121094
2006-12-15T14:30:00.0,3.132857084274292,30.190000534057617,24.46500015258789,15.483332633972168,90.69999694824219,64.11000061035156
2006-12-18T14:30:00.0,3.052500009536743,29.889999389648438,24.450000762939453,15.456666946411133,89.55999755859375,64.16000366210938
2006-12-19T14:30:00.0,3.0824999809265137,29.989999771118164,24.385000228881836,15.363332748413086,90.16999816894531,64.38999938964844
2006-12-20T14:30:00.0,3.0271430015563965,30.09000015258789,24.375,15.289999961853027,90.0999984741211,64.47000122070312
2006-12-21T14:30:00.0,2.960714101791382,29.979999542236328,24.329999923706055,15.236666679382324,89.94000244140625,64.05000305175781
2006-12-22T14:30:00.0,2.93571400642395,29.639999389648438,24.190000534057617,15.180000305175781,88.76000213623047,63.79999923706055
2006-12-26T14:30:00.0,2.9110710620880127,29.989999771118164,24.274999618530273,15.369999885559082,88.79000091552734,64.19000244140625
2006-12-27T14:30:00.0,2.911428928375244,30.020000457763672,24.344999313354492,15.386667251586914,88.87999725341797,64.41999816894531
2006-12-28T14:30:00.0,2.888214111328125,29.979999542236328,24.270000457763672,15.33666706085205,89.0,64.4800033569336
2006-12-29T14:30:00.0,3.0299999713897705,29.860000610351562,24.125,15.393333435058594,88.83999633789062,64.2699966430664
2007-01-03T14:30:00.0,2.992856979370117,29.860000610351562,24.290000915527344,15.850000381469727,89.16999816894531,64.54000091552734
2007-01-04T14:30:00.0,3.059286117553711,29.809999465942383,24.299999237060547,15.926667213439941,89.52999877929688,64.05000305175781
2007-01-05T14:30:00.0,3.0374999046325684,29.639999389648438,24.1299991607666,15.796667098999023,89.1500015258789,63.5
2007-01-08T14:30:00.0,3.052500009536743,29.93000030517578,24.28499984741211,15.666666984558105,88.94000244140625,63.63999938964844
2007-01-09T14:30:00.0,3.3060710430145264,29.959999084472656,24.30500030517578,15.796667098999023,88.0,63.47999954223633
2007-01-10T14:30:00.0,3.4642860889434814,29.65999984741211,24.34000015258789,15.760000228881836,89.2699966430664,64.23999786376953
2007-01-11T14:30:00.0,3.421428918838501,30.700000762939453,24.3700008392334,15.866666793823242,88.83999633789062,64.63999938964844
2007-01-12T14:30:00.0,3.379286050796509,31.209999084472656,24.274999618530273,15.993332862854004,88.12999725341797,65.0
2007-01-16T14:30:00.0,3.4678568840026855,31.15999984741211,24.25,16.10333251953125,88.0,65.0
2007-01-17T14:30:00.0,3.391071081161499,31.100000381469727,24.299999237060547,16.066667556762695,88.83000183105469,65.36000061035156
2007-01-18T14:30:00.0,3.1810710430145264,31.0,24.174999237060547,16.1299991607666,88.0,65.54000091552734
2007-01-19T14:30:00.0,3.1607139110565186,31.110000610351562,24.1299991607666,16.10333251953125,88.62999725341797,66.08999633789062
2007-01-22T14:30:00.0,3.0996429920196533,30.719999313354492,24.014999389648438,15.986666679382324,85.5999984741211,65.72000122070312
2007-01-23T14:30:00.0,3.06071400642395,30.739999771118164,24.059999465942383,15.936667442321777,87.36000061035156,65.63999938964844
2007-01-24T14:30:00.0,3.0964291095733643,31.09000015258789,24.065000534057617,16.203332901000977,87.5999984741211,65.51000213623047
2007-01-25T14:30:00.0,3.080357074737549,30.450000762939453,23.969999313354492,16.049999237060547,86.16000366210938,64.91999816894531
2007-01-26T14:30:00.0,3.049285888671875,30.600000381469727,23.915000915527344,15.890000343322754,85.43000030517578,64.86000061035156
2007-01-29T14:30:00.0,3.0692861080169678,30.530000686645508,23.854999542236328,15.876667022705078,85.5,64.87999725341797
2007-01-30T14:30:00.0,3.055356979370117,30.479999542236328,23.905000686645508,15.760000228881836,86.0,64.58999633789062
2007-01-31T14:30:00.0,3.061785936355591,30.860000610351562,23.940000534057617,15.896666526794434,89.55999755859375,64.87000274658203
2007-02-01T14:30:00.0,3.0264289379119873,30.559999465942383,24.049999237060547,15.926667213439941,91.05000305175781,65.33999633789062
2007-02-02T14:30:00.0,3.0267860889434814,30.190000534057617,24.1200008392334,16.02666664123535,90.05000305175781,65.33999633789062
2007-02-05T14:30:00.0,2.997857093811035,29.610000610351562,23.950000762939453,16.17333221435547,90.72000122070312,65.1500015258789
2007-02-06T14:30:00.0,3.005357027053833,29.510000228881836,24.024999618530273,16.19333267211914,90.9800033569336,64.58999633789062
2007-02-07T14:30:00.0,3.0767860412597656,29.3700008392334,24.014999389648438,16.19333267211914,90.3499984741211,64.4800033569336
2007-02-08T14:30:00.0,3.07785701751709,29.260000228881836,23.93000030517578,16.10333251953125,89.5199966430664,64.58999633789062
2007-02-09T14:30:00.0,2.973928928375244,28.979999542236328,23.8799991607666,15.989999771118164,90.0,64.43000030517578
2007-02-12T14:30:00.0,3.0314290523529053,28.940000534057617,23.959999084472656,15.91333293914795,89.19999694824219,64.16000366210938
2007-02-13T14:30:00.0,3.0250000953674316,29.010000228881836,24.104999542236328,15.993332862854004,89.29000091552734,64.70999908447266
2007-02-14T14:30:00.0,3.046428918838501,29.399999618530273,23.940000534057617,15.956666946411133,89.94000244140625,64.87999725341797
2007-02-15T14:30:00.0,3.0432140827178955,29.459999084472656,23.924999237060547,16.1200008392334,91.70999908447266,64.98999786376953
2007-02-16T14:30:00.0,3.0296430587768555,28.739999771118164,23.934999465942383,16.15999984741211,90.94000244140625,65.06999969482422
2007-02-20T14:30:00.0,3.067857027053833,28.829999923706055,23.889999389648438,16.753332138061523,91.02999877929688,64.87999725341797
2007-02-21T14:30:00.0,3.18571400642395,29.350000381469727,23.78499984741211,16.656667709350586,90.95999908447266,64.69000244140625
2007-02-22T14:30:00.0,3.1967859268188477,29.389999389648438,23.649999618530273,16.56333351135254,90.58000183105469,64.70999908447266
2007-02-23T14:30:00.0,3.1810710430145264,28.899999618530273,23.6299991607666,16.523332595825195,90.27999877929688,64.81999969482422
2007-02-26T14:30:00.0,3.1610710620880127,29.06999969482422,23.860000610351562,16.65999984741211,88.93000030517578,64.44000244140625
2007-02-27T14:30:00.0,2.997499942779541,27.8700008392334,23.19499969482422,16.066667556762695,87.19999694824219,61.25
2007-02-28T14:30:00.0,3.0217859745025635,28.170000076293945,23.34000015258789,16.10333251953125,87.26000213623047,63.4900016784668
2007-03-01T14:30:00.0,3.109286069869995,28.09000015258789,23.260000228881836,15.963333129882812,87.8499984741211,63.68000030517578
2007-03-02T14:30:00.0,3.0503571033477783,27.760000228881836,22.94499969482422,15.936667442321777,87.02999877929688,63.15999984741211
2007-03-05T14:30:00.0,3.0828568935394287,27.549999237060547,23.145000457763672,15.823332786560059,87.0199966430664,62.790000915527344
2007-03-06T14:30:00.0,3.1496429443359375,27.829999923706055,23.46500015258789,16.01333236694336,87.81999969482422,62.939998626708984
2007-03-07T14:30:00.0,3.132857084274292,27.610000610351562,23.375,15.976667404174805,88.70999908447266,62.08000183105469
2007-03-08T14:30:00.0,3.142857074737549,27.31999969482422,23.575000762939453,15.960000038146973,88.88999938964844,62.310001373291016
2007-03-09T14:30:00.0,3.1417860984802246,27.290000915527344,23.78499984741211,15.80666732788086,89.51000213623047,62.15999984741211
2007-03-12T13:30:00.0,3.2096428871154785,27.440000534057617,23.975000381469727,15.75333309173584,91.19999694824219,62.09000015258789
2007-03-13T13:30:00.0,3.1571431159973145,26.719999313354492,23.530000686645508,15.393333435058594,89.44999694824219,61.16999816894531
2007-03-14T13:30:00.0,3.2142860889434814,27.399999618530273,23.520000457763672,15.243332862854004,89.9800033569336,61.36000061035156
2007-03-15T13:30:00.0,3.1989290714263916,27.280000686645508,23.540000915527344,15.333333015441895,91.04000091552734,61.90999984741211
2007-03-16T13:30:00.0,3.1996428966522217,27.329999923706055,23.604999542236328,15.403332710266113,90.0,61.61000061035156
2007-03-19T13:30:00.0,3.254642963409424,27.829999923706055,23.665000915527344,15.529999732971191,90.31999969482422,61.97999954223633
2007-03-20T13:30:00.0,3.2671430110931396,27.84000015258789,23.809999465942383,15.766667366027832,90.16000366210938,62.279998779296875
2007-03-21T13:30:00.0,3.3524999618530273,28.520000457763672,24.1299991607666,15.923333168029785,90.80000305175781,62.959999084472656
2007-03-22T13:30:00.0,3.3557140827178955,28.270000457763672,24.125,16.003332138061523,90.56999969482422,63.849998474121094
2007-03-23T13:30:00.0,3.3399999141693115,28.020000457763672,24.024999618530273,15.970000267028809,90.9800033569336,63.79999923706055
2007-03-26T13:30:00.0,3.4232139587402344,28.219999313354492,24.075000762939453,15.946666717529297,90.83000183105469,63.900001525878906
2007-03-27T13:30:00.0,3.4092860221862793,27.719999313354492,24.010000228881836,15.829999923706055,90.5199966430664,63.27000045776367
2007-03-28T13:30:00.0,3.3299999237060547,27.639999389648438,23.954999923706055,15.546667098999023,89.44999694824219,63.0099983215332
2007-03-29T13:30:00.0,3.3482139110565186,27.75,24.05500030517578,15.573332786560059,89.76000213623047,63.2599983215332
2007-03-30T13:30:00.0,3.318213939666748,27.8700008392334,24.0,15.649999618530273,88.91000366210938,63.15999984741211
2007-04-02T13:30:00.0,3.3446431159973145,27.739999771118164,24.260000228881836,15.800000190734863,88.83000183105469,63.02000045776367
2007-04-03T13:30:00.0,3.375,27.8700008392334,24.4950008392334,16.03333282470703,89.9000015258789,62.900001525878906
2007-04-04T13:30:00.0,3.366786003112793,28.5,24.729999542236328,16.016666412353516,90.2699966430664,63.04999923706055
2007-04-05T13:30:00.0,3.3814289569854736,28.549999237060547,24.760000228881836,16.09000015258789,90.5,63.0
2007-04-09T13:30:00.0,3.3446431159973145,28.56999969482422,24.815000534057617,16.156667709350586,90.02999877929688,63.2599983215332
2007-04-10T13:30:00.0,3.3660709857940674,28.399999618530273,25.040000915527344,15.979999542236328,90.83999633789062,63.209999084472656
2007-04-11T13:30:00.0,3.306786060333252,28.110000610351562,24.81999969482422,15.756667137145996,89.97000122070312,63.040000915527344
2007-04-12T13:30:00.0,3.2925000190734863,28.540000915527344,24.834999084472656,15.75333309173584,90.8499984741211,63.52000045776367
2007-04-13T13:30:00.0,3.2228569984436035,28.610000610351562,24.940000534057617,15.803333282470703,91.02999877929688,63.380001068115234
2007-04-16T13:30:00.0,3.26535701751709,28.729999542236328,25.135000228881836,16.023332595825195,90.30999755859375,63.72999954223633
2007-04-17T13:30:00.0,3.226785898208618,28.850000381469727,25.78499984741211,16.05666732788086,90.44999694824219,63.900001525878906
2007-04-18T13:30:00.0,3.2285709381103516,28.600000381469727,25.829999923706055,15.989999771118164,93.87999725341797,63.7599983215332
2007-04-19T13:30:00.0,3.223928928375244,28.690000534057617,25.875,16.113332748413086,92.98999786376953,63.619998931884766
2007-04-20T13:30:00.0,3.248929023742676,29.020000457763672,26.045000076293945,16.586666107177734,93.29000091552734,63.79999923706055
2007-04-23T13:30:00.0,3.3396430015563965,28.780000686645508,25.825000762939453,16.309999465942383,93.63999938964844,63.630001068115234
2007-04-24T13:30:00.0,3.3299999237060547,28.790000915527344,25.854999542236328,16.229999542236328,93.66999816894531,63.72999954223633
2007-04-25T13:30:00.0,3.4053568840026855,28.989999771118164,25.8700008392334,16.270000457763672,94.69000244140625,63.529998779296875
2007-04-26T13:30:00.0,3.5299999713897705,29.100000381469727,26.040000915527344,16.233333587646484,94.26000213623047,62.9900016784668
2007-04-27T13:30:00.0,3.568571090698242,30.1200008392334,26.030000686645508,16.113332748413086,94.0199966430664,62.97999954223633
2007-04-30T13:30:00.0,3.56428599357605,29.940000534057617,26.094999313354492,15.973333358764648,93.0,64.4000015258789
2007-05-01T13:30:00.0,3.552500009536743,30.399999618530273,26.315000534057617,16.110000610351562,93.2300033569336,62.959999084472656
2007-05-02T13:30:00.0,3.5853569507598877,30.610000610351562,26.354999542236328,16.093332290649414,93.83000183105469,62.369998931884766
2007-05-03T13:30:00.0,3.585714101791382,30.969999313354492,26.454999923706055,16.1200008392334,93.8499984741211,62.0
2007-05-04T13:30:00.0,3.6003570556640625,30.559999465942383,26.604999542236328,16.09000015258789,93.61000061035156,62.40999984741211
2007-05-07T13:30:00.0,3.7114291191101074,30.709999084472656,26.80500030517578,16.203332901000977,94.55999755859375,62.18000030517578
2007-05-08T13:30:00.0,3.752142906188965,30.75,26.53499984741211,16.03333282470703,94.20999908447266,61.75
2007-05-09T13:30:00.0,3.817142963409424,30.780000686645508,26.55500030517578,15.976667404174805,94.08000183105469,62.0099983215332
2007-05-10T13:30:00.0,3.833570957183838,30.579999923706055,26.239999771118164,15.916666984558105,92.80000305175781,61.4900016784668
2007-05-11T13:30:00.0,3.883570909500122,30.889999389648438,26.344999313354492,15.926667213439941,93.4000015258789,61.650001525878906
2007-05-14T13:30:00.0,3.9057140350341797,30.969999313354492,26.299999237060547,15.946666717529297,93.55999755859375,61.720001220703125
2007-05-15T13:30:00.0,3.8399999141693115,30.899999618530273,26.229999542236328,15.873332977294922,94.33999633789062,62.06999969482422
2007-05-16T13:30:00.0,3.833570957183838,31.06999969482422,26.3700008392334,15.726667404174805,95.33999633789062,63.31999969482422
2007-05-17T13:30:00.0,3.9085710048675537,30.979999542236328,26.100000381469727,15.703332901000977,96.79000091552734,63.369998931884766
2007-05-18T13:30:00.0,3.929286003112793,30.829999923706055,26.315000534057617,15.756667137145996,96.62999725341797,63.47999954223633
2007-05-21T13:30:00.0,3.999285936355591,31.049999237060547,25.954999923706055,15.539999961853027,96.9000015258789,63.27000045776367
2007-05-22T13:30:00.0,4.054999828338623,30.690000534057617,25.739999771118164,15.513333320617676,96.4800033569336,63.0
2007-05-23T13:30:00.0,4.03178596496582,30.579999923706055,25.665000915527344,15.44333267211914,95.56999969482422,63.099998474121094
2007-05-24T13:30:00.0,3.953213930130005,30.170000076293945,25.6200008392334,15.550000190734863,97.41999816894531,62.869998931884766
2007-05-25T13:30:00.0,4.057857036590576,30.479999542236328,25.94499969482422,15.636667251586914,98.25,62.959999084472656
2007-05-29T13:30:00.0,4.083929061889648,30.790000915527344,26.09000015258789,15.646666526794434,98.5,63.650001525878906
2007-05-30T13:30:00.0,4.241786003112793,31.110000610351562,26.524999618530273,15.706666946411133,100.55000305175781,63.849998474121094
2007-05-31T13:30:00.0,4.328214168548584,30.690000534057617,26.4950008392334,15.866666793823242,100.58999633789062,63.54999923706055
2007-06-01T13:30:00.0,4.228570938110352,30.59000015258789,26.399999618530273,16.489999771118164,99.83000183105469,63.47999954223633
2007-06-04T13:30:00.0,4.333213806152344,30.719999313354492,26.334999084472656,17.06999969482422,99.9800033569336,63.189998626708984
2007-06-05T13:30:00.0,4.381071090698242,30.579999923706055,26.15999984741211,16.84000015258789,99.5,63.459999084472656
2007-06-06T13:30:00.0,4.415713787078857,30.290000915527344,26.0,16.916667938232422,98.29000091552734,63.189998626708984
2007-06-07T13:30:00.0,4.431070804595947,29.6200008392334,25.690000534057617,16.586666107177734,96.83999633789062,62.31999969482422
2007-06-08T13:30:00.0,4.446071147918701,30.049999237060547,25.834999084472656,16.69333267211914,98.19000244140625,63.06999969482422
2007-06-11T13:30:00.0,4.292500019073486,30.020000457763672,25.815000534057617,16.60333251953125,97.55000305175781,63.04999923706055
2007-06-12T13:30:00.0,4.299285888671875,29.850000381469727,25.56999969482422,16.303333282470703,96.4800033569336,62.15999984741211
2007-06-13T13:30:00.0,4.1964287757873535,30.389999389648438,25.68000030517578,16.5,98.47000122070312,62.369998931884766
2007-06-14T13:30:00.0,4.2410712242126465,30.520000457763672,25.655000686645508,16.426666259765625,98.97000122070312,62.41999816894531
2007-06-15T13:30:00.0,4.3035712242126465,30.489999771118164,25.790000915527344,16.446666717529297,98.1500015258789,62.56999969482422
2007-06-18T13:30:00.0,4.46750020980835,30.510000228881836,25.8799991607666,16.3700008392334,97.4000015258789,61.77000045776367
2007-06-19T13:30:00.0,4.416429042816162,30.459999084472656,25.69499969482422,16.270000457763672,96.91999816894531,61.81999969482422
2007-06-20T13:30:00.0,4.341071128845215,30.010000228881836,25.7450008392334,16.196666717529297,96.08000183105469,61.939998626708984
2007-06-21T13:30:00.0,4.425000190734863,30.219999313354492,26.045000076293945,16.1299991607666,97.19999694824219,61.880001068115234
2007-06-22T13:30:00.0,4.392857074737549,29.489999771118164,25.809999465942383,15.94333267211914,95.91999816894531,61.029998779296875
2007-06-25T13:30:00.0,4.369286060333252,29.489999771118164,25.885000228881836,15.9399995803833,95.56999969482422,61.08000183105469
2007-06-26T13:30:00.0,4.273213863372803,29.520000457763672,25.975000381469727,15.989999771118164,94.9800033569336,61.189998626708984
2007-06-27T13:30:00.0,4.353213787078857,29.8700008392334,26.219999313354492,16.15333366394043,94.6500015258789,61.43000030517578
2007-06-28T13:30:00.0,4.305714130401611,29.829999923706055,26.315000534057617,16.06999969482422,95.16000366210938,61.36000061035156
2007-06-29T13:30:00.0,4.3585710525512695,29.469999313354492,26.155000686645508,16.036666870117188,96.16000366210938,61.189998626708984
2007-07-02T13:30:00.0,4.330714225769043,29.739999771118164,26.280000686645508,16.110000610351562,96.7699966430664,61.7400016784668
2007-07-03T13:30:00.0,4.541786193847656,30.020000457763672,26.450000762939453,16.156667709350586,97.6500015258789,61.790000915527344
2007-07-05T13:30:00.0,4.7410712242126465,29.989999771118164,26.334999084472656,16.030000686645508,98.36000061035156,61.66999816894531
2007-07-06T13:30:00.0,4.724999904632568,29.969999313354492,26.299999237060547,16.1299991607666,98.87999725341797,61.47999954223633
2007-07-09T13:30:00.0,4.6546430587768555,29.8700008392334,26.350000381469727,16.166667938232422,99.9000015258789,61.52000045776367
2007-07-10T13:30:00.0,4.726786136627197,29.329999923706055,26.049999237060547,15.859999656677246,100.25,61.029998779296875
2007-07-11T13:30:00.0,4.728213787078857,29.489999771118164,26.045000076293945,15.893333435058594,100.12000274658203,61.560001373291016
2007-07-12T13:30:00.0,4.788214206695557,30.06999969482422,26.315000534057617,16.27666664123535,100.77999877929688,62.93000030517578
2007-07-13T13:30:00.0,4.918929100036621,29.81999969482422,26.55500030517578,16.383333206176758,101.87999725341797,62.65999984741211
2007-07-16T13:30:00.0,4.932143211364746,30.030000686645508,26.924999237060547,16.31333351135254,102.06999969482422,63.150001525878906
2007-07-17T13:30:00.0,4.961071014404297,30.780000686645508,26.584999084472656,16.116666793823242,102.05000305175781,62.68000030517578
2007-07-18T13:30:00.0,4.932857036590576,30.920000076293945,26.71500015258789,16.01333236694336,101.81999969482422,62.59000015258789
2007-07-19T13:30:00.0,5.0,31.510000228881836,26.850000381469727,16.26333236694336,102.4800033569336,62.790000915527344
2007-07-20T13:30:00.0,5.1339287757873535,31.15999984741211,26.604999542236328,16.020000457763672,103.86000061035156,62.150001525878906
2007-07-23T13:30:00.0,5.132143020629883,31.190000534057617,26.81999969482422,16.036666870117188,104.04000091552734,63.34000015258789
2007-07-24T13:30:00.0,4.817500114440918,30.799999237060547,26.610000610351562,16.00666618347168,103.80000305175781,62.959999084472656
2007-07-25T13:30:00.0,4.9021430015563965,30.709999084472656,27.024999618530273,15.956666946411133,107.2300033569336,62.97999954223633
2007-07-26T13:30:00.0,5.214285850524902,29.979999542236328,26.489999771118164,15.606666564941406,103.69999694824219,62.560001373291016
2007-07-27T13:30:00.0,5.137499809265137,29.389999389648438,26.139999389648438,15.313332557678223,103.70999908447266,62.81999969482422
2007-07-30T13:30:00.0,5.0510711669921875,29.399999618530273,26.19499969482422,15.403332710266113,105.54000091552734,63.27000045776367
2007-07-31T13:30:00.0,4.705714225769043,28.989999771118164,26.05500030517578,15.316666603088379,103.43000030517578,61.86000061035156
2007-08-01T13:30:00.0,4.8214287757873535,29.299999237060547,26.635000228881836,15.40666675567627,104.52999877929688,63.15999984741211
2007-08-02T13:30:00.0,4.874642848968506,29.520000457763672,26.829999923706055,15.576666831970215,105.93000030517578,63.29999923706055
2007-08-03T13:30:00.0,4.708929061889648,28.959999084472656,26.639999389648438,15.173333168029785,104.23999786376953,62.880001068115234
2007-08-06T13:30:00.0,4.830357074737549,29.540000915527344,27.114999771118164,15.673333168029785,104.33999633789062,65.0
2007-08-07T13:30:00.0,4.822500228881836,29.549999237060547,27.229999542236328,15.686667442321777,103.22000122070312,65.2300033569336
2007-08-08T13:30:00.0,4.786070823669434,30.0,27.93000030517578,16.139999389648438,102.72000122070312,65.16000366210938
2007-08-09T13:30:00.0,4.5139288902282715,29.299999237060547,27.924999237060547,15.483332633972168,98.30000305175781,64.97000122070312
2007-08-10T13:30:00.0,4.464285850524902,28.709999084472656,27.489999771118164,15.356666564941406,98.44000244140625,65.38999938964844
2007-08-13T13:30:00.0,4.563929080963135,28.6299991607666,27.260000228881836,15.390000343322754,100.05000305175781,64.27999877929688
2007-08-14T13:30:00.0,4.429643154144287,28.270000457763672,27.06999969482422,14.606666564941406,97.62999725341797,63.720001220703125
2007-08-15T13:30:00.0,4.2821431159973145,28.100000381469727,26.915000915527344,14.426667213439941,95.51000213623047,63.47999954223633
2007-08-16T13:30:00.0,4.180356979370117,27.809999465942383,26.790000915527344,14.5,92.73999786376953,64.02999877929688
2007-08-17T13:30:00.0,4.359285831451416,28.25,27.225000381469727,14.49666690826416,95.93000030517578,65.3499984741211
2007-08-20T13:30:00.0,4.364999771118164,28.260000228881836,27.260000228881836,14.529999732971191,97.20999908447266,65.01000213623047
2007-08-21T13:30:00.0,4.556070804595947,28.06999969482422,27.014999389648438,14.566666603088379,96.94999694824219,64.45999908447266
2007-08-22T13:30:00.0,4.732500076293945,28.219999313354492,26.975000381469727,14.583333015441895,97.98999786376953,64.73999786376953
2007-08-23T13:30:00.0,4.681070804595947,28.299999237060547,26.989999771118164,14.390000343322754,96.73999786376953,65.04000091552734
2007-08-24T13:30:00.0,4.8321428298950195,28.809999465942383,27.0,14.579999923706055,98.47000122070312,65.93000030517578
2007-08-27T13:30:00.0,4.723214149475098,28.489999771118164,27.0049991607666,14.606666564941406,98.54000091552734,65.2300033569336
2007-08-28T13:30:00.0,4.529285907745361,27.93000030517578,26.6299991607666,14.466667175292969,95.6500015258789,64.69999694824219
2007-08-29T13:30:00.0,4.788570880889893,28.59000015258789,26.7549991607666,14.729999542236328,96.9000015258789,65.12000274658203
2007-08-30T13:30:00.0,4.8660712242126465,28.450000762939453,26.700000762939453,14.4399995803833,96.8499984741211,65.01000213623047
2007-08-31T13:30:00.0,4.945713996887207,28.729999542236328,26.889999389648438,14.543333053588867,96.69999694824219,65.30999755859375
2007-09-04T13:30:00.0,5.148571014404297,28.809999465942383,27.184999465942383,14.433333396911621,95.91999816894531,65.44999694824219
2007-09-05T13:30:00.0,4.884285926818848,28.479999542236328,26.844999313354492,14.149999618530273,95.83999633789062,65.45999908447266
2007-09-06T13:30:00.0,4.821785926818848,28.90999984741211,27.329999923706055,14.25333309173584,96.19999694824219,66.11000061035156
2007-09-07T13:30:00.0,4.706070899963379,28.440000534057617,27.295000076293945,14.130000114440918,94.83999633789062,65.47000122070312
2007-09-10T13:30:00.0,4.882500171661377,28.479999542236328,27.28499984741211,14.09000015258789,95.33000183105469,65.9000015258789
2007-09-11T13:30:00.0,4.838929176330566,28.93000030517578,27.829999923706055,14.313332557678223,97.44000244140625,66.98999786376953
2007-09-12T13:30:00.0,4.887499809265137,28.93000030517578,27.920000076293945,14.236666679382324,98.31999969482422,67.30999755859375
2007-09-13T13:30:00.0,4.900000095367432,29.15999984741211,27.934999465942383,14.353333473205566,98.94999694824219,67.45999908447266
2007-09-14T13:30:00.0,4.957499980926514,29.040000915527344,28.200000762939453,14.4399995803833,99.3499984741211,67.80999755859375
2007-09-17T13:30:00.0,4.943213939666748,28.729999542236328,27.639999389648438,14.4399995803833,98.63999938964844,67.94999694824219
2007-09-18T13:30:00.0,5.0328569412231445,28.93000030517578,28.204999923706055,14.813332557678223,98.47000122070312,68.68000030517578
2007-09-19T13:30:00.0,5.027500152587891,28.670000076293945,28.309999465942383,14.916666984558105,100.0199966430664,68.79000091552734
2007-09-20T13:30:00.0,5.01107120513916,28.420000076293945,28.155000686645508,14.773332595825195,101.25,68.9800033569336
2007-09-21T13:30:00.0,5.148213863372803,28.649999618530273,28.274999618530273,14.743332862854004,102.58999633789062,69.38999938964844
2007-09-24T13:30:00.0,5.295713901519775,29.079999923706055,28.350000381469727,14.65666675567627,103.05000305175781,69.80000305175781
2007-09-25T13:30:00.0,5.470714092254639,29.559999465942383,28.510000228881836,14.386667251586914,104.93000030517578,69.8499984741211
2007-09-26T13:30:00.0,5.456070899963379,29.5,28.674999237060547,14.433333396911621,104.44999694824219,70.51000213623047
2007-09-27T13:30:00.0,5.517857074737549,29.489999771118164,28.665000915527344,14.536666870117188,105.45999908447266,70.0999984741211
2007-09-28T13:30:00.0,5.4810709953308105,29.459999084472656,28.735000610351562,14.550000190734863,104.98999786376953,70.33999633789062
2007-10-01T13:30:00.0,5.583570957183838,29.770000457763672,28.950000762939453,14.823332786560059,106.6500015258789,70.91000366210938
2007-10-02T13:30:00.0,5.658928871154785,29.700000762939453,28.959999084472656,14.956666946411133,105.93000030517578,70.7300033569336
2007-10-03T13:30:00.0,5.639999866485596,29.450000762939453,28.78499984741211,15.043333053588867,104.72000122070312,70.41000366210938
2007-10-04T13:30:00.0,5.579999923706055,29.709999084472656,28.934999465942383,15.0,104.5,70.83000183105469
2007-10-05T13:30:00.0,5.76607084274292,29.84000015258789,29.03499984741211,15.123332977294922,102.25,70.83000183105469
2007-10-08T13:30:00.0,5.996786117553711,29.84000015258789,28.899999618530273,15.09000015258789,101.06999969482422,70.70999908447266
2007-10-09T13:30:00.0,5.994999885559082,30.100000381469727,28.940000534057617,15.069999694824219,101.44999694824219,71.08000183105469
2007-10-10T13:30:00.0,5.956786155700684,30.229999542236328,28.934999465942383,15.196666717529297,98.68000030517578,71.4000015258789
2007-10-11T13:30:00.0,5.793929100036621,29.90999984741211,28.594999313354492,15.633333206176758,96.26000213623047,71.7699966430664
2007-10-12T13:30:00.0,5.973214149475098,30.170000076293945,28.899999618530273,15.686667442321777,96.69000244140625,71.69999694824219
2007-10-15T13:30:00.0,5.963571071624756,30.040000915527344,28.81999969482422,15.483332633972168,94.83000183105469,71.0
2007-10-16T13:30:00.0,6.056428909301758,30.31999969482422,28.8799991607666,15.286666870117188,95.94000244140625,70.81999969482422
2007-10-17T13:30:00.0,6.169642925262451,31.079999923706055,29.545000076293945,15.329999923706055,95.58999633789062,70.58999633789062
2007-10-18T13:30:00.0,6.1964287757873535,31.15999984741211,29.68000030517578,15.296667098999023,96.94000244140625,70.9000015258789
2007-10-19T13:30:00.0,6.086429119110107,30.170000076293945,29.3799991607666,14.993332862854004,93.9000015258789,70.80000305175781
2007-10-22T13:30:00.0,6.227142810821533,30.510000228881836,29.625,15.083333015441895,94.93000030517578,71.05999755859375
2007-10-23T13:30:00.0,6.648571014404297,30.899999618530273,29.875,14.643333435058594,94.94999694824219,71.26000213623047
2007-10-24T13:30:00.0,6.64035701751709,31.25,30.09000015258789,14.623332977294922,94.26000213623047,71.37999725341797
2007-10-25T13:30:00.0,6.527856826782227,31.989999771118164,30.649999618530273,14.626667022705078,96.0,71.3499984741211
2007-10-26T13:30:00.0,6.596428871154785,35.029998779296875,30.78499984741211,14.880000114440918,96.0199966430664,71.75
2007-10-29T13:30:00.0,6.61035680770874,34.56999969482422,30.920000076293945,15.00333309173584,96.98999786376953,71.83000183105469
2007-10-30T13:30:00.0,6.6785712242126465,35.56999969482422,30.864999771118164,15.123332977294922,97.33000183105469,68.94999694824219
2007-10-31T13:30:00.0,6.783928871154785,36.810001373291016,30.8799991607666,15.069999694824219,98.58999633789062,69.5199966430664
2007-11-01T13:30:00.0,6.694285869598389,37.060001373291016,30.450000762939453,14.676667213439941,96.5999984741211,68.58999633789062
2007-11-02T13:30:00.0,6.7096428871154785,37.060001373291016,30.2549991607666,14.729999542236328,97.76000213623047,69.55000305175781
2007-11-05T14:30:00.0,6.649285793304443,36.72999954223633,30.170000076293945,14.676667213439941,97.97000122070312,70.18000030517578
2007-11-06T14:30:00.0,6.849643230438232,36.40999984741211,30.5049991607666,14.763333320617676,97.69999694824219,70.47000122070312
2007-11-07T14:30:00.0,6.653571128845215,35.52000045776367,29.979999542236328,14.643333435058594,96.88999938964844,69.41999816894531
2007-11-08T14:30:00.0,6.266786098480225,34.7400016784668,30.735000610351562,14.539999961853027,96.27999877929688,70.83999633789062
2007-11-09T14:30:00.0,5.906071186065674,33.72999954223633,30.415000915527344,14.300000190734863,94.20999908447266,70.41999816894531
2007-11-12T14:30:00.0,5.491428852081299,33.380001068115234,29.93000030517578,14.4399995803833,92.86000061035156,70.7699966430664
2007-11-13T14:30:00.0,6.070000171661377,34.459999084472656,30.520000457763672,15.323332786560059,93.69999694824219,71.56999969482422
2007-11-14T14:30:00.0,5.932499885559082,33.93000030517578,30.68000030517578,15.50333309173584,92.79000091552734,71.54000091552734
2007-11-15T14:30:00.0,5.867856979370117,33.7599983215332,30.975000381469727,15.399999618530273,91.33999633789062,71.83000183105469
2007-11-16T14:30:00.0,5.942500114440918,34.09000015258789,31.309999465942383,15.446666717529297,89.98999786376953,73.19000244140625
2007-11-19T14:30:00.0,5.8553571701049805,33.959999084472656,31.149999618530273,15.15666675567627,88.2699966430664,72.81999969482422
2007-11-20T14:30:00.0,6.0303568840026855,34.58000183105469,31.395000457763672,15.166666984558105,87.86000061035156,73.20999908447266
2007-11-21T14:30:00.0,6.0164289474487305,34.22999954223633,31.125,14.953332901000977,87.41000366210938,72.26000213623047
2007-11-23T14:30:00.0,6.126429080963135,34.11000061035156,31.149999618530273,15.243332862854004,89.54000091552734,72.86000061035156
2007-11-26T14:30:00.0,6.162143230438232,32.970001220703125,30.864999771118164,15.010000228881836,89.93000030517578,72.19000244140625
2007-11-27T14:30:00.0,6.243214130401611,33.060001373291016,31.489999771118164,15.276666641235352,91.7300033569336,73.12999725341797
2007-11-28T14:30:00.0,6.436429023742676,33.70000076293945,31.4950008392334,15.743332862854004,93.61000061035156,73.91000366210938
2007-11-29T14:30:00.0,6.581786155700684,33.59000015258789,31.395000457763672,15.846667289733887,93.20999908447266,74.1500015258789
2007-11-30T14:30:00.0,6.507856845855713,33.599998474121094,31.049999237060547,15.966667175292969,92.54000091552734,74.0
2007-12-03T14:30:00.0,6.387856960296631,32.91999816894531,31.100000381469727,15.956666946411133,91.79000091552734,73.5199966430664
2007-12-04T14:30:00.0,6.421785831451416,32.77000045776367,31.375,16.06333351135254,89.98999786376953,73.29000091552734
2007-12-05T14:30:00.0,6.625,34.150001525878906,31.524999618530273,16.299999237060547,90.69999694824219,73.80999755859375
2007-12-06T14:30:00.0,6.783928871154785,34.54999923706055,31.53499984741211,16.42333221435547,91.77999877929688,74.18000030517578
2007-12-07T14:30:00.0,6.939286231994629,34.529998779296875,31.575000762939453,16.34000015258789,93.16000366210938,74.12000274658203
2007-12-10T14:30:00.0,6.936070919036865,34.7599983215332,31.635000228881836,16.476667404174805,92.63999938964844,74.33000183105469
2007-12-11T14:30:00.0,6.7335710525512695,34.099998474121094,31.485000610351562,16.343332290649414,88.69999694824219,73.83999633789062
2007-12-12T14:30:00.0,6.816429138183594,34.470001220703125,31.885000228881836,16.07666778564453,86.91999816894531,74.66999816894531
2007-12-13T14:30:00.0,6.851070880889893,35.220001220703125,32.04499816894531,16.110000610351562,88.55000305175781,74.4000015258789
2007-12-14T14:30:00.0,6.799643039703369,35.310001373291016,31.905000686645508,15.876667022705078,88.41999816894531,73.9000015258789
2007-12-17T14:30:00.0,6.585713863372803,34.38999938964844,31.235000610351562,15.94333267211914,87.4000015258789,73.23999786376953
2007-12-18T14:30:00.0,6.534999847412109,34.7400016784668,31.110000610351562,16.079999923706055,87.16999816894531,72.83999633789062
2007-12-19T14:30:00.0,6.539999961853027,34.790000915527344,31.424999237060547,16.02666664123535,86.62000274658203,72.9800033569336
2007-12-20T14:30:00.0,6.686070919036865,35.52000045776367,31.139999389648438,15.949999809265137,87.19000244140625,73.19000244140625
2007-12-21T14:30:00.0,6.925356864929199,36.060001373291016,31.53499984741211,16.06999969482422,89.06999969482422,74.08000183105469
2007-12-24T14:30:00.0,7.099999904632568,36.58000183105469,31.604999542236328,16.246667861938477,90.0199966430664,73.94000244140625
2007-12-26T14:30:00.0,7.1053571701049805,36.61000061035156,31.5049991607666,16.126667022705078,90.0,74.04000091552734
2007-12-27T14:30:00.0,7.091785907745361,35.970001220703125,31.149999618530273,15.923333168029785,88.87999725341797,73.88999938964844
2007-12-28T14:30:00.0,7.136785984039307,36.119998931884766,31.135000228881836,16.02666664123535,88.25,74.25
2007-12-31T14:30:00.0,7.074285984039307,35.599998474121094,30.684999465942383,15.84333324432373,87.45999908447266,73.41999816894531
2008-01-02T14:30:00.0,6.958570957183838,35.220001220703125,30.545000076293945,15.633333206176758,86.62000274658203,72.30999755859375
2008-01-03T14:30:00.0,6.961785793304443,35.369998931884766,30.864999771118164,15.460000038146973,86.9800033569336,72.30999755859375
2008-01-04T14:30:00.0,6.430356979370117,34.380001068115234,30.924999237060547,15.239999771118164,85.81999969482422,72.0199966430664
2008-01-07T14:30:00.0,6.34428596496582,34.61000061035156,31.655000686645508,15.520000457763672,82.87000274658203,72.48999786376953
2008-01-08T14:30:00.0,6.1160712242126465,33.45000076293945,31.78499984741211,15.323332786560059,79.91000366210938,72.68000030517578
2008-01-09T14:30:00.0,6.4071431159973145,34.439998626708984,32.6349983215332,15.633333206176758,80.30000305175781,72.54000091552734
2008-01-10T14:30:00.0,6.3578572273254395,34.33000183105469,32.779998779296875,16.133333206176758,82.36000061035156,72.4800033569336
2008-01-11T14:30:00.0,6.167500019073486,33.90999984741211,31.885000228881836,15.90666675567627,80.5199966430664,70.18000030517578
2008-01-14T14:30:00.0,6.385000228881836,34.38999938964844,32.150001525878906,15.890000343322754,81.66999816894531,70.29000091552734
2008-01-15T14:30:00.0,6.037143230438232,34.0,31.80500030517578,15.66333293914795,77.86000061035156,69.69999694824219
2008-01-16T14:30:00.0,5.7014288902282715,33.22999954223633,31.325000762939453,15.829999923706055,79.87000274658203,68.83999633789062
2008-01-17T14:30:00.0,5.746070861816406,33.11000061035156,31.020000457763672,15.826666831970215,79.5199966430664,68.06999969482422
2008-01-18T14:30:00.0,5.762856960296631,33.0099983215332,30.3700008392334,15.859999656677246,78.4000015258789,67.1500015258789
2008-01-22T14:30:00.0,5.558570861816406,31.959999084472656,29.395000457763672,16.399999618530273,77.5999984741211,65.12999725341797
2008-01-23T14:30:00.0,4.966785907745361,31.93000030517578,29.434999465942383,16.719999313354492,76.56999969482422,66.23999786376953
2008-01-24T14:30:00.0,4.8428568840026855,33.25,29.940000534057617,16.303333282470703,77.62000274658203,66.1500015258789
2008-01-25T14:30:00.0,4.643214225769043,32.939998626708984,29.204999923706055,16.030000686645508,77.02999877929688,65.30999755859375
2008-01-28T14:30:00.0,4.643214225769043,32.720001220703125,29.704999923706055,16.23666763305664,77.5999984741211,65.29000091552734
2008-01-29T14:30:00.0,4.697856903076172,32.599998474121094,29.274999618530273,16.336666107177734,80.95999908447266,64.68000030517578
2008-01-30T14:30:00.0,4.720714092254639,32.20000076293945,28.885000228881836,16.386667251586914,82.87000274658203,65.08999633789062
2008-01-31T14:30:00.0,4.834286212921143,32.599998474121094,29.5,16.913333892822266,83.18000030517578,65.41999816894531
2008-02-01T14:30:00.0,4.776785850524902,30.450000762939453,29.6299991607666,17.059999465942383,82.76000213623047,66.05000305175781
2008-02-04T14:30:00.0,4.701786041259766,30.190000534057617,29.315000534057617,16.690000534057617,82.9000015258789,66.1500015258789
2008-02-05T14:30:00.0,4.619999885559082,29.06999969482422,28.700000762939453,16.520000457763672,81.69000244140625,65.04000091552734
2008-02-06T14:30:00.0,4.357142925262451,28.520000457763672,28.854999542236328,16.27666664123535,79.91000366210938,65.30999755859375
2008-02-07T14:30:00.0,4.329999923706055,28.1200008392334,29.225000381469727,16.613332748413086,79.75,65.7699966430664
2008-02-08T14:30:00.0,4.481429100036621,28.559999465942383,29.625,16.253332138061523,79.33000183105469,65.0199966430664
2008-02-11T14:30:00.0,4.623213768005371,28.209999084472656,29.75,16.53333282470703,81.12999725341797,66.0
2008-02-12T14:30:00.0,4.459286212921143,28.34000015258789,29.959999084472656,16.75,83.55999755859375,67.16000366210938
2008-02-13T14:30:00.0,4.621428966522217,28.959999084472656,29.69499969482422,16.886667251586914,85.4800033569336,67.0
2008-02-14T14:30:00.0,4.552143096923828,28.5,29.274999618530273,16.656667709350586,85.22000122070312,66.62999725341797
2008-02-15T14:30:00.0,4.451070785522461,28.420000076293945,29.3799991607666,16.479999542236328,85.18000030517578,66.30000305175781
2008-02-19T14:30:00.0,4.3635711669921875,28.170000076293945,29.049999237060547,16.553333282470703,85.37000274658203,66.30999755859375
2008-02-20T14:30:00.0,4.42214298248291,28.219999313354492,29.114999771118164,16.566667556762695,84.0,66.16999816894531
2008-02-21T14:30:00.0,4.340713977813721,28.100000381469727,28.9950008392334,16.59666633605957,82.01000213623047,65.95999908447266
2008-02-22T14:30:00.0,4.2664289474487305,27.68000030517578,29.1299991607666,16.656667709350586,83.04000091552734,66.20999908447266
2008-02-25T14:30:00.0,4.276429176330566,27.84000015258789,29.385000228881836,16.77666664123535,84.66000366210938,66.68000030517578
2008-02-26T14:30:00.0,4.255356788635254,28.3799991607666,29.760000228881836,17.133333206176758,84.56999969482422,67.68000030517578
2008-02-27T14:30:00.0,4.3914289474487305,28.260000228881836,30.024999618530273,17.143333435058594,83.94999694824219,67.20999908447266
2008-02-28T14:30:00.0,4.63964319229126,27.93000030517578,29.729999542236328,16.899999618530273,84.80000305175781,66.97000122070312
2008-02-29T14:30:00.0,4.465000152587891,27.200000762939453,29.229999542236328,16.530000686645508,82.79000091552734,66.18000030517578
2008-03-03T14:30:00.0,4.347499847412109,26.989999771118164,29.510000228881836,16.6299991607666,80.66999816894531,66.3499984741211
2008-03-04T14:30:00.0,4.450714111328125,27.59000015258789,29.684999465942383,16.623332977294922,79.62000274658203,66.05000305175781
2008-03-05T14:30:00.0,4.446071147918701,28.1200008392334,29.84000015258789,16.516666412353516,80.70999908447266,66.69999694824219
2008-03-06T14:30:00.0,4.318929195404053,27.56999969482422,29.549999237060547,16.65999984741211,79.51000213623047,66.51000213623047
2008-03-07T14:30:00.0,4.3660712242126465,27.8700008392334,29.424999237060547,16.633333206176758,76.5999984741211,65.80000305175781
2008-03-10T13:30:00.0,4.2746429443359375,28.049999237060547,29.329999923706055,16.28333282470703,74.37999725341797,65.76000213623047
2008-03-11T13:30:00.0,4.548213958740234,29.280000686645508,29.735000610351562,16.75,73.4000015258789,66.66000366210938
2008-03-12T13:30:00.0,4.501070976257324,28.6299991607666,29.594999313354492,16.76333236694336,72.44999694824219,67.04000091552734
2008-03-13T13:30:00.0,4.569285869598389,28.6200008392334,29.46500015258789,16.866666793823242,74.18000030517578,67.36000061035156
2008-03-14T13:30:00.0,4.521786212921143,27.959999084472656,28.764999389648438,16.606666564941406,76.2300033569336,66.73999786376953
2008-03-17T13:30:00.0,4.526071071624756,28.299999237060547,28.844999313354492,16.649999618530273,75.48999786376953,67.05000305175781
2008-03-18T13:30:00.0,4.743570804595947,29.420000076293945,29.704999923706055,16.99333381652832,76.52999877929688,68.54000091552734
2008-03-19T13:30:00.0,4.631071090698242,28.6200008392334,29.979999542236328,16.926666259765625,73.44999694824219,67.80999755859375
2008-03-20T13:30:00.0,4.759643077850342,29.18000030517578,30.520000457763672,17.74333381652832,74.80000305175781,69.37000274658203
2008-03-24T13:30:00.0,4.983213901519775,29.170000076293945,30.59000015258789,17.876667022705078,76.29000091552734,69.97000122070312
2008-03-25T13:30:00.0,5.034999847412109,29.139999389648438,30.704999923706055,17.683332443237305,75.9000015258789,69.54000091552734
2008-03-26T13:30:00.0,5.180714130401611,28.559999465942383,30.575000762939453,17.633333206176758,76.30000305175781,69.63999938964844
2008-03-27T13:30:00.0,5.0089287757873535,28.049999237060547,30.655000686645508,17.456666946411133,74.22000122070312,69.41000366210938
2008-03-28T13:30:00.0,5.107500076293945,27.90999984741211,30.469999313354492,17.373332977294922,73.47000122070312,69.44000244140625
2008-03-31T13:30:00.0,5.125,28.3799991607666,30.434999465942383,17.559999465942383,74.37000274658203,70.06999969482422
2008-04-01T13:30:00.0,5.340356826782227,29.5,30.719999313354492,18.02666664123535,75.87999725341797,71.13999938964844
2008-04-02T13:30:00.0,5.267499923706055,29.15999984741211,30.229999542236328,18.15333366394043,76.8499984741211,70.4800033569336
2008-04-03T13:30:00.0,5.414642810821533,29.0,30.280000686645508,18.309999465942383,76.13999938964844,70.47000122070312
2008-04-04T13:30:00.0,5.4671430587768555,29.15999984741211,30.125,18.133333206176758,75.6500015258789,70.5999984741211
2008-04-07T13:30:00.0,5.567500114440918,29.15999984741211,30.184999465942383,18.07666778564453,74.9800033569336,70.51000213623047
2008-04-08T13:30:00.0,5.458570957183838,28.75,30.2549991607666,18.149999618530273,75.0199966430664,70.6500015258789
2008-04-09T13:30:00.0,5.408570766448975,28.889999389648438,30.389999389648438,18.046667098999023,78.5999984741211,70.20999908447266
2008-04-10T13:30:00.0,5.5196428298950195,29.110000610351562,30.665000915527344,18.219999313354492,78.43000030517578,70.18000030517578
2008-04-11T13:30:00.0,5.255000114440918,28.280000686645508,30.145000457763672,18.266666412353516,76.86000061035156,70.0
2008-04-14T13:30:00.0,5.277856826782227,28.059999465942383,30.5,18.383333206176758,77.22000122070312,70.12000274658203
2008-04-15T13:30:00.0,5.299285888671875,28.25,30.469999313354492,18.75666618347168,75.69999694824219,70.2300033569336
2008-04-16T13:30:00.0,5.489285945892334,28.950000762939453,30.575000762939453,19.023332595825195,76.66999816894531,69.2699966430664
2008-04-17T13:30:00.0,5.517499923706055,29.219999313354492,30.34000015258789,18.889999389648438,76.91000366210938,67.55999755859375
2008-04-18T13:30:00.0,5.751429080963135,30.0,30.05500030517578,18.770000457763672,78.66000366210938,67.16999816894531
2008-04-21T13:30:00.0,6.005713939666748,30.420000076293945,30.174999237060547,18.793333053588867,79.08999633789062,67.80000305175781
2008-04-22T13:30:00.0,5.721428871154785,30.25,29.94499969482422,18.850000381469727,78.55999755859375,67.47000122070312
2008-04-23T13:30:00.0,5.817500114440918,31.450000762939453,30.15999984741211,18.97333335876465,82.08999633789062,67.16999816894531
2008-04-24T13:30:00.0,6.033570766448975,31.799999237060547,30.125,19.149999618530273,83.0,66.83000183105469
2008-04-25T13:30:00.0,6.06178617477417,29.829999923706055,29.665000915527344,19.21666717529297,84.83999633789062,66.55000305175781
2008-04-28T13:30:00.0,6.151429176330566,28.989999771118164,29.489999771118164,19.116666793823242,84.9800033569336,66.20999908447266
2008-04-29T13:30:00.0,6.251786231994629,28.639999389648438,29.360000610351562,19.536666870117188,85.52999877929688,65.9000015258789
2008-04-30T13:30:00.0,6.212500095367432,28.520000457763672,29.434999465942383,19.32666778564453,84.86000061035156,67.05000305175781
2008-05-01T13:30:00.0,6.4285712242126465,29.399999618530273,29.545000076293945,19.356666564941406,85.41000366210938,67.02999877929688
2008-05-02T13:30:00.0,6.4621429443359375,29.239999771118164,29.385000228881836,19.166667938232422,85.69000244140625,66.80000305175781
2008-05-05T13:30:00.0,6.597499847412109,29.079999923706055,29.190000534057617,18.989999771118164,85.91999816894531,66.6500015258789
2008-05-06T13:30:00.0,6.666429042816162,29.700000762939453,29.135000228881836,18.78333282470703,86.1500015258789,66.6500015258789
2008-05-07T13:30:00.0,6.521070957183838,29.209999084472656,28.514999389648438,18.94333267211914,84.55000305175781,65.80000305175781
2008-05-08T13:30:00.0,6.609285831451416,29.270000457763672,28.145000457763672,19.053333282470703,84.76000213623047,65.91999816894531
2008-05-09T13:30:00.0,6.551785945892334,29.389999389648438,28.075000762939453,19.059999465942383,84.05999755859375,65.20999908447266
2008-05-12T13:30:00.0,6.71999979019165,29.989999771118164,28.200000762939453,19.34000015258789,84.80000305175781,65.3499984741211
2008-05-13T13:30:00.0,6.784286022186279,29.780000686645508,28.25,18.883333206176758,85.08000183105469,65.7300033569336
2008-05-14T13:30:00.0,6.6521430015563965,29.93000030517578,28.270000457763672,19.149999618530273,85.69000244140625,65.5
2008-05-15T13:30:00.0,6.776071071624756,30.450000762939453,28.5049991607666,19.040000915527344,85.55000305175781,66.36000061035156
2008-05-16T13:30:00.0,6.700714111328125,29.989999771118164,28.53499984741211,19.01333236694336,85.16999816894531,66.75
2008-05-19T13:30:00.0,6.557143211364746,29.459999084472656,28.760000228881836,18.799999237060547,87.06999969482422,66.86000061035156
2008-05-20T13:30:00.0,6.639286041259766,28.760000228881836,28.545000076293945,18.649999618530273,85.13999938964844,65.86000061035156
2008-05-21T13:30:00.0,6.36392879486084,28.25,28.325000762939453,18.40999984741211,81.19000244140625,65.16999816894531
2008-05-22T13:30:00.0,6.323214054107666,28.469999313354492,29.135000228881836,18.683332443237305,81.41000366210938,65.62000274658203
2008-05-23T13:30:00.0,6.4703569412231445,28.049999237060547,29.315000534057617,18.583332061767578,81.4800033569336,65.2699966430664
2008-05-27T13:30:00.0,6.658214092254639,28.440000534057617,29.295000076293945,18.799999237060547,82.87000274658203,65.06999969482422
2008-05-28T13:30:00.0,6.678928852081299,28.18000030517578,28.719999313354492,19.030000686645508,82.12999725341797,64.87000274658203
2008-05-29T13:30:00.0,6.667500019073486,28.309999465942383,28.934999465942383,19.31333351135254,82.11000061035156,65.47000122070312
2008-05-30T13:30:00.0,6.7410712242126465,28.31999969482422,28.6299991607666,19.246667861938477,82.7699966430664,66.05000305175781
2008-06-02T13:30:00.0,6.646429061889648,27.799999237060547,28.5,19.066667556762695,81.1500015258789,65.36000061035156
2008-06-03T13:30:00.0,6.620357036590576,27.309999465942383,28.200000762939453,19.25666618347168,78.12000274658203,65.41000366210938
2008-06-04T13:30:00.0,6.61392879486084,27.540000915527344,28.350000381469727,19.226667404174805,78.0199966430664,66.44999694824219
2008-06-05T13:30:00.0,6.76535701751709,28.299999237060547,28.594999313354492,19.933332443237305,77.30999755859375,66.66999816894531
2008-06-06T13:30:00.0,6.630000114440918,27.489999771118164,27.899999618530273,19.456666946411133,73.16000366210938,65.37000274658203
2008-06-09T13:30:00.0,6.4860711097717285,27.709999084472656,27.93000030517578,19.856666564941406,73.94999694824219,66.06999969482422
2008-06-10T13:30:00.0,6.630000114440918,27.889999389648438,29.0049991607666,19.926666259765625,73.66999816894531,66.66000366210938
2008-06-11T13:30:00.0,6.457499980926514,27.1200008392334,28.56999969482422,19.50666618347168,73.30999755859375,66.19999694824219
2008-06-12T13:30:00.0,6.187857151031494,28.239999771118164,28.56999969482422,19.703332901000977,74.12000274658203,66.45999908447266
2008-06-13T13:30:00.0,6.156071186065674,29.06999969482422,27.709999084472656,19.726667404174805,75.12000274658203,66.44999694824219
2008-06-16T13:30:00.0,6.315713882446289,28.93000030517578,27.09000015258789,19.770000457763672,75.0199966430664,65.9000015258789
2008-06-17T13:30:00.0,6.479642868041992,28.799999237060547,26.979999542236328,19.56333351135254,74.37999725341797,65.80000305175781
2008-06-18T13:30:00.0,6.3839287757873535,28.459999084472656,26.579999923706055,19.22333335876465,74.6500015258789,65.0
2008-06-19T13:30:00.0,6.460713863372803,28.93000030517578,26.68000030517578,19.229999542236328,76.94999694824219,64.9000015258789
2008-06-20T13:30:00.0,6.259643077850342,28.229999542236328,26.829999923706055,18.753332138061523,75.83000183105469,63.15999984741211
2008-06-23T13:30:00.0,6.184286117553711,27.969999313354492,26.6299991607666,18.8799991607666,75.58999633789062,62.93000030517578
2008-06-24T13:30:00.0,6.1875,27.729999542236328,26.684999465942383,19.106666564941406,74.79000091552734,62.86000061035156
2008-06-25T13:30:00.0,6.335357189178467,28.350000381469727,27.049999237060547,19.373332977294922,69.63999938964844,63.4900016784668
2008-06-26T13:30:00.0,6.009285926818848,27.75,26.610000610351562,18.94333267211914,68.20999908447266,62.25
2008-06-27T13:30:00.0,6.074643135070801,27.6299991607666,25.920000076293945,18.766666412353516,66.91999816894531,60.4900016784668
2008-06-30T13:30:00.0,5.980000019073486,27.510000228881836,25.989999771118164,18.733333587646484,65.72000122070312,60.810001373291016
2008-07-01T13:30:00.0,6.2385711669921875,26.8700008392334,25.5,19.010000228881836,65.44999694824219,61.97999954223633
2008-07-02T13:30:00.0,6.006429195404053,25.8799991607666,25.684999465942383,18.833332061767578,63.900001525878906,62.689998626708984
2008-07-03T13:30:00.0,6.075714111328125,25.979999542236328,25.739999771118164,18.866666793823242,64.47000122070312,63.66999816894531
2008-07-07T13:30:00.0,6.255713939666748,26.030000686645508,25.645000457763672,18.969999313354492,64.29000091552734,62.90999984741211
2008-07-08T13:30:00.0,6.412499904632568,25.850000381469727,25.735000610351562,19.703332901000977,65.91999816894531,63.65999984741211
2008-07-09T13:30:00.0,6.223214149475098,25.229999542236328,25.44499969482422,19.22333335876465,65.58999633789062,63.79999923706055
2008-07-10T13:30:00.0,6.30821418762207,25.450000762939453,25.020000457763672,19.06999969482422,65.98999786376953,64.22000122070312
2008-07-11T13:30:00.0,6.163570880889893,25.25,25.135000228881836,18.76333236694336,63.279998779296875,63.45000076293945
2008-07-14T13:30:00.0,6.210000038146973,25.149999618530273,25.479999542236328,18.770000457763672,63.189998626708984,63.93000030517578
2008-07-15T13:30:00.0,6.058570861816406,26.149999618530273,25.895000457763672,18.746667861938477,63.880001068115234,64.3499984741211
2008-07-16T13:30:00.0,6.171785831451416,27.260000228881836,26.170000076293945,18.98666763305664,65.58000183105469,63.88999938964844
2008-07-17T13:30:00.0,6.13607120513916,27.520000457763672,25.170000076293945,19.226667404174805,66.91999816894531,63.88999938964844
2008-07-18T13:30:00.0,5.898213863372803,25.860000610351562,25.014999389648438,19.30666732788086,68.13999938964844,63.66999816894531
2008-07-21T13:30:00.0,5.938929080963135,25.639999389648438,24.799999237060547,19.10333251953125,68.23999786376953,63.63999938964844
2008-07-22T13:30:00.0,5.786428928375244,25.799999237060547,25.674999237060547,19.68666648864746,69.26000213623047,64.0999984741211
2008-07-23T13:30:00.0,5.937857151031494,26.43000030517578,26.25,19.363332748413086,66.72000122070312,64.69999694824219
2008-07-24T13:30:00.0,5.679643154144287,25.440000534057617,25.93000030517578,18.989999771118164,62.529998779296875,64.51000213623047
2008-07-25T13:30:00.0,5.789999961853027,26.15999984741211,26.030000686645508,18.94333267211914,63.83000183105469,64.45999908447266
2008-07-28T13:30:00.0,5.514286041259766,25.5,25.575000762939453,18.67333221435547,62.34000015258789,63.83000183105469
2008-07-29T13:30:00.0,5.610000133514404,26.110000610351562,25.78499984741211,19.149999618530273,63.209999084472656,65.54000091552734
2008-07-30T13:30:00.0,5.710000038146973,26.229999542236328,25.655000686645508,19.520000457763672,63.81999969482422,66.56999969482422
2008-07-31T13:30:00.0,5.676785945892334,25.719999313354492,25.75,19.540000915527344,61.11000061035156,65.4800033569336
2008-08-01T13:30:00.0,5.59499979019165,25.440000534057617,26.56999969482422,19.25,62.0099983215332,64.94999694824219
2008-08-04T13:30:00.0,5.472499847412109,25.280000686645508,26.950000762939453,19.476667404174805,61.36000061035156,65.81999969482422
2008-08-05T13:30:00.0,5.737143039703369,26.209999084472656,27.454999923706055,20.113332748413086,65.19999694824219,67.97000122070312
2008-08-06T13:30:00.0,5.86392879486084,27.020000457763672,27.68000030517578,20.253332138061523,65.4000015258789,67.7699966430664
2008-08-07T13:30:00.0,5.841785907745361,27.389999389648438,27.0049991607666,18.98666763305664,64.69000244140625,67.4800033569336
2008-08-08T13:30:00.0,6.055356979370117,28.1299991607666,27.704999923706055,19.286666870117188,67.86000061035156,69.62999725341797
2008-08-11T13:30:00.0,6.19857120513916,27.899999618530273,27.674999237060547,19.520000457763672,66.62000274658203,69.43000030517578
2008-08-12T13:30:00.0,6.31178617477417,28.1200008392334,27.395000457763672,19.75,65.93000030517578,70.33999633789062
2008-08-13T13:30:00.0,6.403571128845215,27.90999984741211,27.604999542236328,19.293333053588867,64.26000213623047,69.5999984741211
2008-08-14T13:30:00.0,6.404285907745361,27.90999984741211,27.510000228881836,19.366666793823242,64.7699966430664,69.70999908447266
2008-08-15T13:30:00.0,6.276429176330566,27.809999465942383,27.530000686645508,19.790000915527344,64.44999694824219,71.5999984741211
2008-08-18T13:30:00.0,6.2639288902282715,27.690000534057617,27.165000915527344,19.610000610351562,63.63999938964844,71.2699966430664
2008-08-19T13:30:00.0,6.197500228881836,27.31999969482422,27.165000915527344,19.399999618530273,62.95000076293945,70.72000122070312
2008-08-20T13:30:00.0,6.28000020980835,27.290000915527344,27.174999237060547,19.453332901000977,63.209999084472656,70.30000305175781
2008-08-21T13:30:00.0,6.224643230438232,27.18000030517578,26.7549991607666,19.5,63.54999923706055,69.9000015258789
2008-08-22T13:30:00.0,6.313929080963135,27.84000015258789,27.184999465942383,19.81333351135254,65.55000305175781,71.61000061035156
2008-08-25T13:30:00.0,6.162499904632568,27.65999984741211,26.78499984741211,19.516666412353516,64.06999969482422,70.12999725341797
2008-08-26T13:30:00.0,6.2014288902282715,27.270000457763672,26.760000228881836,19.666667938232422,63.459999084472656,69.83999633789062
2008-08-27T13:30:00.0,6.238214015960693,27.559999465942383,26.895000457763672,19.76333236694336,64.5199966430664,70.05999755859375
2008-08-28T13:30:00.0,6.204999923706055,27.940000534057617,26.559999465942383,19.959999084472656,66.33999633789062,71.01000213623047
2008-08-29T13:30:00.0,6.054643154144287,27.290000915527344,26.03499984741211,19.690000534057617,65.55999755859375,69.7699966430664
2008-09-02T13:30:00.0,5.935357093811035,27.100000381469727,25.979999542236328,19.883333206176758,65.87000274658203,70.47000122070312
2008-09-03T13:30:00.0,5.962856769561768,26.899999618530273,25.829999923706055,19.93000030517578,66.06999969482422,71.41999816894531
2008-09-04T13:30:00.0,5.757856845855713,26.350000381469727,25.854999542236328,19.926666259765625,63.029998779296875,70.44000244140625
2008-09-05T13:30:00.0,5.720714092254639,25.649999618530273,25.96500015258789,20.246667861938477,62.88999938964844,70.77999877929688
2008-09-08T13:30:00.0,5.639999866485596,26.1200008392334,26.690000534057617,20.666667938232422,63.90999984741211,72.37000274658203
2008-09-09T13:30:00.0,5.417142868041992,26.100000381469727,26.940000534057617,20.376667022705078,64.0199966430664,71.88999938964844
2008-09-10T13:30:00.0,5.414642810821533,26.440000534057617,26.905000686645508,20.67333221435547,61.709999084472656,72.38999938964844
2008-09-11T13:30:00.0,5.451786041259766,27.34000015258789,27.075000762939453,21.05666732788086,62.56999969482422,73.08000183105469
2008-09-12T13:30:00.0,5.319285869598389,27.6200008392334,27.25,20.803333282470703,63.29999923706055,73.1500015258789
2008-09-15T13:30:00.0,5.012856960296631,26.81999969482422,27.375,20.543333053588867,62.25,72.13999938964844
2008-09-16T13:30:00.0,4.99571418762207,25.989999771118164,27.424999237060547,20.713333129882812,61.720001220703125,72.0
2008-09-17T13:30:00.0,4.565357208251953,24.56999969482422,26.329999923706055,19.8799991607666,57.0,70.94000244140625
2008-09-18T13:30:00.0,4.788928985595703,25.260000228881836,26.69499969482422,20.49333381652832,58.11000061035156,71.30999755859375
2008-09-19T13:30:00.0,5.03249979019165,25.15999984741211,26.360000610351562,19.899999618530273,59.7599983215332,70.36000061035156
2008-09-22T13:30:00.0,4.680356979370117,25.399999618530273,25.690000534057617,19.6299991607666,58.810001373291016,68.04000091552734
2008-09-23T13:30:00.0,4.53000020980835,25.440000534057617,25.34000015258789,19.46666717529297,57.310001373291016,67.27999877929688
2008-09-24T13:30:00.0,4.596786022186279,25.719999313354492,25.094999313354492,19.639999389648438,57.36000061035156,68.73999786376953
2008-09-25T13:30:00.0,4.711785793304443,26.610000610351562,25.729999542236328,20.040000915527344,57.41999816894531,68.51000213623047
2008-09-26T13:30:00.0,4.579999923706055,27.399999618530273,26.239999771118164,20.23666763305664,58.31999969482422,68.83999633789062
2008-09-29T13:30:00.0,3.7592859268188477,25.010000228881836,25.514999389648438,19.483333587646484,55.470001220703125,66.75
2008-09-30T13:30:00.0,4.059286117553711,26.690000534057617,26.440000534057617,19.963333129882812,57.349998474121094,69.69000244140625
2008-10-01T13:30:00.0,3.8971428871154785,26.479999542236328,27.079999923706055,19.886667251586914,56.619998931884766,71.2699966430664
2008-10-02T13:30:00.0,3.575000047683716,26.25,26.799999237060547,19.616666793823242,53.58000183105469,71.44000244140625
2008-10-03T13:30:00.0,3.4667859077453613,26.31999969482422,26.28499984741211,19.90999984741211,53.83000183105469,71.0199966430664
2008-10-06T13:30:00.0,3.505000114440918,24.90999984741211,25.459999084472656,19.299999237060547,51.290000915527344,68.58000183105469
2008-10-07T13:30:00.0,3.184286117553711,23.229999542236328,24.649999618530273,18.280000686645508,49.279998779296875,66.25
2008-10-08T13:30:00.0,3.2067859172821045,23.010000228881836,23.704999923706055,18.183332443237305,47.70000076293945,66.0999984741211
2008-10-09T13:30:00.0,3.169286012649536,22.299999237060547,21.649999618530273,17.1299991607666,44.40999984741211,60.880001068115234
2008-10-10T13:30:00.0,3.4571430683135986,21.5,20.75,16.983333587646484,41.79999923706055,59.560001373291016
2008-10-13T13:30:00.0,3.937856912612915,25.5,23.6299991607666,18.166667938232422,47.08000183105469,63.290000915527344
2008-10-14T13:30:00.0,3.7171430587768555,24.100000381469727,21.864999771118164,18.14666748046875,45.06999969482422,64.0999984741211
2008-10-15T13:30:00.0,3.49821400642395,22.65999984741211,22.104999542236328,16.683332443237305,42.33000183105469,59.81999969482422
2008-10-16T13:30:00.0,3.6389288902282715,24.190000534057617,22.889999389648438,18.206666946411133,44.790000915527344,61.77000045776367
2008-10-17T13:30:00.0,3.4785709381103516,23.93000030517578,22.100000381469727,17.92333221435547,44.54999923706055,61.7400016784668
2008-10-20T13:30:00.0,3.515713930130005,24.719999313354492,23.229999542236328,18.143333435058594,46.709999084472656,63.90999984741211
2008-10-21T13:30:00.0,3.2674999237060547,23.360000610351562,23.014999389648438,17.889999389648438,46.400001525878906,62.959999084472656
2008-10-22T13:30:00.0,3.4596428871154785,21.530000686645508,22.690000534057617,17.42333221435547,42.90999984741211,58.7599983215332
2008-10-23T13:30:00.0,3.508213996887207,22.31999969482422,21.530000686645508,17.586666107177734,46.52000045776367,60.56999969482422
2008-10-24T13:30:00.0,3.442142963409424,21.959999084472656,20.80500030517578,17.133333206176758,45.2400016784668,58.869998931884766
2008-10-27T13:30:00.0,3.288928985595703,21.18000030517578,20.5049991607666,16.55666732788086,42.36000061035156,57.369998931884766
2008-10-28T13:30:00.0,3.568213939666748,23.100000381469727,22.625,18.389999389648438,48.90999984741211,63.22999954223633
2008-10-29T13:30:00.0,3.733928918838501,23.0,21.924999237060547,18.34000015258789,49.79999923706055,60.9900016784668
2008-10-30T13:30:00.0,3.9657139778137207,22.6299991607666,22.329999923706055,18.25,50.70000076293945,63.08000183105469
2008-10-31T13:30:00.0,3.8424999713897705,22.329999923706055,22.030000686645508,18.60333251953125,52.41999816894531,64.54000091552734
2008-11-03T14:30:00.0,3.819999933242798,22.6200008392334,22.725000381469727,18.656667709350586,52.849998474121094,64.4000015258789
2008-11-04T14:30:00.0,3.9639289379119873,23.530000686645508,23.014999389648438,18.709999084472656,53.619998931884766,66.06999969482422
2008-11-05T14:30:00.0,3.68928599357605,22.079999923706055,22.364999771118164,18.043333053588867,49.54999923706055,63.810001373291016
2008-11-06T14:30:00.0,3.539285898208618,20.8799991607666,22.2450008392334,17.829999923706055,45.720001220703125,63.349998474121094
2008-11-07T14:30:00.0,3.508570909500122,21.5,23.125,18.1299991607666,46.58000183105469,64.48999786376953
2008-11-10T14:30:00.0,3.424285888671875,21.299999237060547,22.950000762939453,18.393333435058594,46.13999938964844,64.94999694824219
2008-11-11T14:30:00.0,3.384643077850342,21.200000762939453,22.219999313354492,18.25,43.970001220703125,63.81999969482422
2008-11-12T14:30:00.0,3.2185709476470947,20.299999237060547,21.915000915527344,17.540000915527344,42.52000045776367,61.849998474121094
2008-11-13T14:30:00.0,3.4442861080169678,21.25,23.139999389648438,18.309999465942383,43.15999984741211,65.05000305175781
2008-11-14T14:30:00.0,3.2228569984436035,20.059999465942383,22.510000228881836,17.56999969482422,41.040000915527344,63.11000061035156
2008-11-17T14:30:00.0,3.1478569507598877,19.31999969482422,21.985000610351562,17.270000457763672,41.18000030517578,62.5099983215332
2008-11-18T14:30:00.0,3.211071014404297,19.6200008392334,21.7450008392334,17.573333740234375,39.560001373291016,64.25
2008-11-19T14:30:00.0,3.0817859172821045,18.290000915527344,21.135000228881836,17.0,37.47999954223633,62.27000045776367
2008-11-20T14:30:00.0,2.874643087387085,17.530000686645508,20.53499984741211,16.886667251586914,37.11000061035156,59.33000183105469
2008-11-21T14:30:00.0,2.9492859840393066,19.68000030517578,22.0,17.639999389648438,39.58000183105469,63.09000015258789
2008-11-24T14:30:00.0,3.319643020629883,20.690000534057617,22.614999771118164,17.59000015258789,40.75,64.68000030517578
2008-11-25T14:30:00.0,3.242856979370117,19.989999771118164,22.53499984741211,18.226667404174805,40.18000030517578,63.18000030517578
2008-11-26T14:30:00.0,3.392857074737549,20.489999771118164,22.690000534057617,18.89666748046875,41.279998779296875,63.15999984741211
2008-11-28T14:30:00.0,3.309643030166626,20.219999313354492,23.434999465942383,18.626667022705078,42.630001068115234,64.3499984741211
2008-12-01T14:30:00.0,3.1760709285736084,18.610000610351562,22.165000915527344,17.670000076293945,39.880001068115234,60.4900016784668
2008-12-02T14:30:00.0,3.302500009536743,19.149999618530273,21.96500015258789,17.816667556762695,40.70000076293945,61.439998626708984
2008-12-03T14:30:00.0,3.424999952316284,19.8700008392334,23.06999969482422,18.126667022705078,40.470001220703125,62.880001068115234
2008-12-04T14:30:00.0,3.2646429538726807,19.110000610351562,22.375,18.3700008392334,39.189998626708984,61.25
2008-12-05T14:30:00.0,3.357142925262451,19.8700008392334,22.989999771118164,19.40333366394043,39.529998779296875,62.630001068115234
2008-12-08T14:30:00.0,3.561429023742676,21.010000228881836,22.989999771118164,19.18666648864746,42.849998474121094,62.4900016784668
2008-12-09T14:30:00.0,3.573570966720581,20.600000381469727,22.415000915527344,18.60333251953125,40.81999969482422,59.790000915527344
2008-12-10T14:30:00.0,3.507499933242798,20.610000610351562,22.655000686645508,18.416667938232422,41.68000030517578,59.119998931884766
2008-12-11T14:30:00.0,3.392857074737549,19.450000762939453,22.110000610351562,18.26333236694336,40.27000045776367,58.58000183105469
2008-12-12T14:30:00.0,3.509643077850342,19.360000610351562,22.28499984741211,18.209999084472656,39.20000076293945,58.939998626708984
2008-12-15T14:30:00.0,3.3839290142059326,19.040000915527344,22.485000610351562,18.23666763305664,38.7400016784668,59.36000061035156
2008-12-16T14:30:00.0,3.4082140922546387,20.110000610351562,23.229999542236328,18.413333892822266,41.900001525878906,61.619998931884766
2008-12-17T14:30:00.0,3.184286117553711,19.65999984741211,22.739999771118164,18.39666748046875,41.02000045776367,60.70000076293945
2008-12-18T14:30:00.0,3.1939289569854736,19.299999237060547,22.59000015258789,18.469999313354492,41.06999969482422,60.310001373291016
2008-12-19T14:30:00.0,3.2142860889434814,19.1200008392334,22.21500015258789,18.579999923706055,41.2400016784668,60.18000030517578
2008-12-22T14:30:00.0,3.062143087387085,19.18000030517578,22.329999923706055,18.663333892822266,41.119998931884766,60.459999084472656
2008-12-23T14:30:00.0,3.0850000381469727,19.280000686645508,21.985000610351562,18.43000030517578,40.150001525878906,59.83000183105469
2008-12-24T14:30:00.0,3.0371429920196533,19.170000076293945,22.049999237060547,18.479999542236328,40.119998931884766,60.38999938964844
2008-12-26T14:30:00.0,3.064642906188965,19.1299991607666,22.290000915527344,18.450000762939453,40.529998779296875,60.529998779296875
2008-12-29T14:30:00.0,3.0932140350341797,18.959999084472656,22.204999923706055,18.3700008392334,39.9900016784668,60.20000076293945
2008-12-30T14:30:00.0,3.0817859172821045,19.34000015258789,22.46500015258789,18.350000381469727,41.25,61.119998931884766
2008-12-31T14:30:00.0,3.0482139587402344,19.440000534057617,22.635000228881836,18.68666648864746,42.66999816894531,61.81999969482422
2009-01-02T14:30:00.0,3.2410709857940674,20.329999923706055,22.950000762939453,19.059999465942383,45.25,62.79999923706055
2009-01-05T14:30:00.0,3.377856969833374,20.520000457763672,22.719999313354492,18.84000015258789,46.16999816894531,62.349998474121094
2009-01-06T14:30:00.0,3.322143077850342,20.760000228881836,22.354999542236328,18.67333221435547,46.310001373291016,62.16999816894531
2009-01-07T14:30:00.0,3.250356912612915,19.510000228881836,22.46500015258789,18.51333236694336,44.7599983215332,61.08000183105469
2009-01-08T14:30:00.0,3.31071400642395,20.1200008392334,22.6200008392334,17.126667022705078,44.790000915527344,60.40999984741211
2009-01-09T14:30:00.0,3.234999895095825,19.520000457763672,22.299999237060547,17.19333267211914,44.45000076293945,59.86000061035156
2009-01-12T14:30:00.0,3.166429042816162,19.469999313354492,21.864999771118164,17.1299991607666,43.7400016784668,59.939998626708984
2009-01-13T14:30:00.0,3.132499933242798,19.81999969482422,22.010000228881836,17.373332977294922,42.459999084472656,59.470001220703125
2009-01-14T14:30:00.0,3.047499895095825,19.09000015258789,21.309999465942383,17.18666648864746,41.20000076293945,57.86000061035156
2009-01-15T14:30:00.0,2.9778571128845215,19.239999771118164,21.68000030517578,17.116666793823242,40.959999084472656,57.459999084472656
2009-01-16T14:30:00.0,2.940356969833374,19.709999084472656,21.920000076293945,17.18666648864746,42.459999084472656,57.72999954223633
2009-01-20T14:30:00.0,2.7928569316864014,18.479999542236328,21.440000534057617,16.85333251953125,40.36000061035156,57.43000030517578
2009-01-21T14:30:00.0,2.958214044570923,19.3799991607666,21.645000457763672,16.3799991607666,42.27000045776367,57.56999969482422
2009-01-22T14:30:00.0,3.1557140350341797,17.110000610351562,21.559999465942383,16.290000915527344,42.2599983215332,56.959999084472656
2009-01-23T14:30:00.0,3.1557140350341797,17.200000762939453,21.100000381469727,16.116666793823242,41.97999954223633,56.0
2009-01-26T14:30:00.0,3.2014288902282715,17.6299991607666,21.514999389648438,16.200000762939453,43.0099983215332,56.369998931884766
2009-01-27T14:30:00.0,3.240356922149658,17.65999984741211,21.665000915527344,16.26333236694336,43.220001220703125,56.70000076293945
2009-01-28T14:30:00.0,3.364285945892334,18.040000915527344,21.93000030517578,16.24333381652832,43.2400016784668,58.18000030517578
2009-01-29T14:30:00.0,3.3214290142059326,17.59000015258789,21.774999618530273,15.953332901000977,40.709999084472656,58.220001220703125
2009-01-30T14:30:00.0,3.2189290523529053,17.100000381469727,21.360000610351562,15.706666946411133,42.310001373291016,54.5
2009-02-02T14:30:00.0,3.268213987350464,17.829999923706055,21.1200008392334,15.523332595825195,40.79999923706055,53.04999923706055
2009-02-03T14:30:00.0,3.320713996887207,18.5,21.65999984741211,15.936667442321777,42.09000015258789,53.90999984741211
2009-02-04T14:30:00.0,3.3410708904266357,18.6299991607666,21.200000762939453,15.473333358764648,41.970001220703125,52.52000045776367
2009-02-05T14:30:00.0,3.444999933242798,19.040000915527344,21.344999313354492,16.18666648864746,42.720001220703125,53.31999969482422
2009-02-06T14:30:00.0,3.561429023742676,19.65999984741211,21.774999618530273,16.543333053588867,42.91999816894531,54.0
2009-02-09T14:30:00.0,3.6610710620880127,19.440000534057617,21.155000686645508,16.426666259765625,42.79999923706055,52.939998626708984
2009-02-10T14:30:00.0,3.493928909301758,18.799999237060547,20.334999084472656,15.90666675567627,40.209999084472656,51.45000076293945
2009-02-11T14:30:00.0,3.4578568935394287,19.209999084472656,20.635000228881836,16.07666778564453,40.33000183105469,51.15999984741211
2009-02-12T14:30:00.0,3.5453569889068604,19.260000228881836,22.19499969482422,16.043333053588867,39.86000061035156,51.279998779296875
2009-02-13T14:30:00.0,3.541429042816162,19.09000015258789,21.924999237060547,15.510000228881836,40.47999954223633,51.09000015258789
2009-02-17T14:30:00.0,3.376070976257324,18.09000015258789,21.299999237060547,16.079999923706055,38.43000030517578,50.11000061035156
2009-02-18T14:30:00.0,3.370357036590576,18.1200008392334,21.34000015258789,16.666667938232422,37.97999954223633,50.95000076293945
2009-02-19T14:30:00.0,3.237143039703369,17.90999984741211,21.649999618530273,16.816667556762695,37.56999969482422,51.130001068115234
2009-02-20T14:30:00.0,3.257143020629883,18.0,21.420000076293945,16.67333221435547,36.310001373291016,50.25
2009-02-23T14:30:00.0,3.1053569316864014,17.209999084472656,21.045000076293945,16.293333053588867,34.459999084472656,48.900001525878906
2009-02-24T14:30:00.0,3.2232139110565186,17.170000076293945,21.530000686645508,16.670000076293945,35.439998626708984,49.77000045776367
2009-02-25T14:30:00.0,3.255713939666748,16.959999084472656,21.184999465942383,16.40333366394043,33.90999984741211,49.91999816894531
2009-02-26T14:30:00.0,3.185357093811035,16.420000076293945,20.53499984741211,16.083332061767578,32.709999084472656,48.970001220703125
2009-02-27T14:30:00.0,3.189642906188965,16.149999618530273,20.424999237060547,16.413333892822266,31.440000534057617,48.16999816894531
2009-03-02T14:30:00.0,3.140713930130005,15.789999961853027,19.844999313354492,16.01333236694336,29.510000228881836,46.869998931884766
2009-03-03T14:30:00.0,3.1560709476470947,15.880000114440918,19.415000915527344,15.793333053588867,29.360000610351562,46.630001068115234
2009-03-04T14:30:00.0,3.256071090698242,16.1200008392334,19.864999771118164,16.163333892822266,30.309999465942383,47.310001373291016
2009-03-05T14:30:00.0,3.1728570461273193,15.270000457763672,18.924999237060547,16.583332061767578,29.389999389648438,45.400001525878906
2009-03-06T14:30:00.0,3.046428918838501,15.279999732971191,19.549999237060547,16.303333282470703,30.100000381469727,45.709999084472656
2009-03-09T13:30:00.0,2.9682140350341797,15.149999618530273,19.375,15.83666706085205,31.0,44.18000030517578
2009-03-10T13:30:00.0,3.1653571128845215,16.479999542236328,19.579999923706055,16.22333335876465,33.0099983215332,45.16999816894531
2009-03-11T13:30:00.0,3.309999942779541,17.110000610351562,19.78499984741211,15.819999694824219,33.27000045776367,45.06999969482422
2009-03-12T13:30:00.0,3.441071033477783,17.010000228881836,20.420000076293945,16.31333351135254,33.630001068115234,45.779998779296875
2009-03-13T13:30:00.0,3.4260709285736084,16.649999618530273,20.610000610351562,16.39666748046875,33.400001525878906,46.95000076293945
2009-03-16T13:30:00.0,3.4078569412231445,16.25,20.635000228881836,16.266666412353516,33.83000183105469,47.81999969482422
2009-03-17T13:30:00.0,3.559286117553711,16.899999618530273,20.725000381469727,16.666667938232422,34.439998626708984,47.97999954223633
2009-03-18T13:30:00.0,3.625714063644409,16.959999084472656,20.825000762939453,16.81333351135254,33.75,48.02000045776367
2009-03-19T13:30:00.0,3.629286050796509,17.139999389648438,21.09000015258789,16.649999618530273,33.189998626708984,46.310001373291016
2009-03-20T13:30:00.0,3.628213882446289,17.059999465942383,21.31999969482422,16.530000686645508,32.54999923706055,45.59000015258789
2009-03-23T13:30:00.0,3.8450000286102295,18.329999923706055,22.06999969482422,17.15999984741211,35.5,47.7400016784668
2009-03-24T13:30:00.0,3.8035709857940674,17.93000030517578,22.010000228881836,17.02666664123535,36.099998474121094,47.06999969482422
2009-03-25T13:30:00.0,3.8032140731811523,17.8799991607666,22.375,17.226667404174805,37.060001373291016,48.060001373291016
2009-03-26T13:30:00.0,3.92392897605896,18.829999923706055,22.424999237060547,17.586666107177734,38.65999984741211,48.7599983215332
2009-03-27T13:30:00.0,3.816071033477783,18.1299991607666,22.549999237060547,17.523332595825195,37.529998779296875,48.56999969482422
2009-03-30T13:30:00.0,3.731786012649536,17.479999542236328,21.959999084472656,17.253332138061523,35.52000045776367,47.279998779296875
2009-03-31T13:30:00.0,3.754286050796509,18.3700008392334,21.975000381469727,17.366666793823242,35.58000183105469,47.09000015258789
2009-04-01T13:30:00.0,3.8817861080169678,19.309999465942383,22.43000030517578,17.606666564941406,35.439998626708984,48.209999084472656
2009-04-02T13:30:00.0,4.025356769561768,19.290000915527344,22.670000076293945,17.8799991607666,37.20000076293945,49.41999816894531
2009-04-03T13:30:00.0,4.142499923706055,18.75,22.485000610351562,17.933332443237305,37.689998626708984,49.630001068115234
2009-04-06T13:30:00.0,4.2303571701049805,18.760000228881836,22.4950008392334,17.809999465942383,38.15999984741211,49.650001525878906
2009-04-07T13:30:00.0,4.107142925262451,18.760000228881836,22.309999465942383,17.463333129882812,36.63999938964844,48.68000030517578
2009-04-08T13:30:00.0,4.154285907745361,19.190000534057617,22.4950008392334,17.536666870117188,36.869998931884766,48.470001220703125
2009-04-09T13:30:00.0,4.270357131958008,19.670000076293945,22.4950008392334,16.886667251586914,39.150001525878906,49.189998626708984
2009-04-13T13:30:00.0,4.2935709953308105,19.59000015258789,22.364999771118164,17.176666259765625,37.150001525878906,48.040000915527344
2009-04-14T13:30:00.0,4.2253570556640625,19.350000381469727,22.104999542236328,17.040000915527344,37.040000915527344,47.25
2009-04-15T13:30:00.0,4.2014288902282715,18.829999923706055,22.514999389648438,17.09666633605957,37.56999969482422,48.75
2009-04-16T13:30:00.0,4.337500095367432,19.760000228881836,22.549999237060547,16.926666259765625,38.38999938964844,50.43000030517578
2009-04-17T13:30:00.0,4.4078569412231445,19.200000762939453,22.510000228881836,16.733333587646484,38.31999969482422,51.65999984741211
2009-04-20T13:30:00.0,4.3035712242126465,18.610000610351562,22.165000915527344,16.42333221435547,36.47999954223633,50.72999954223633
2009-04-21T13:30:00.0,4.348570823669434,18.969999313354492,21.545000076293945,16.610000610351562,36.650001525878906,51.369998931884766
2009-04-22T13:30:00.0,4.3396430015563965,18.780000686645508,21.46500015258789,16.31999969482422,37.29999923706055,49.599998474121094
2009-04-23T13:30:00.0,4.478570938110352,18.920000076293945,21.459999084472656,16.286666870117188,37.93000030517578,49.31999969482422
2009-04-24T13:30:00.0,4.425000190734863,20.90999984741211,21.395000457763672,15.956666946411133,38.720001220703125,49.5099983215332
2009-04-27T13:30:00.0,4.4546427726745605,20.399999618530273,21.1200008392334,16.170000076293945,39.470001220703125,49.970001220703125
2009-04-28T13:30:00.0,4.425000190734863,19.93000030517578,21.139999389648438,16.156667709350586,38.849998474121094,49.689998626708984
2009-04-29T13:30:00.0,4.46928596496582,20.25,21.354999542236328,16.816667556762695,40.54999923706055,50.41999816894531
2009-04-30T13:30:00.0,4.493928909301758,20.260000228881836,21.524999618530273,16.799999237060547,40.04999923706055,49.439998626708984
2009-05-01T13:30:00.0,4.544285774230957,20.239999771118164,21.235000610351562,16.683332443237305,41.209999084472656,49.5
2009-05-04T13:30:00.0,4.716785907745361,20.190000534057617,21.584999084472656,16.946666717529297,42.18000030517578,50.9900016784668
2009-05-05T13:30:00.0,4.739643096923828,19.790000915527344,21.56999969482422,16.81999969482422,43.150001525878906,49.790000915527344
2009-05-06T13:30:00.0,4.732142925262451,19.790000915527344,21.469999313354492,16.503332138061523,44.20000076293945,50.84000015258789
2009-05-07T13:30:00.0,4.609285831451416,19.31999969482422,21.399999618530273,16.6299991607666,43.529998779296875,51.34000015258789
2009-05-08T13:30:00.0,4.61392879486084,19.420000076293945,21.459999084472656,16.713333129882812,45.83000183105469,51.56999969482422
2009-05-11T13:30:00.0,4.627500057220459,19.31999969482422,21.375,16.876667022705078,44.720001220703125,50.369998931884766
2009-05-12T13:30:00.0,4.443571090698242,19.889999389648438,22.200000762939453,16.96666717529297,44.099998474121094,50.939998626708984
2009-05-13T13:30:00.0,4.267499923706055,19.75,21.815000534057617,16.676666259765625,42.95000076293945,50.959999084472656
2009-05-14T13:30:00.0,4.39107084274292,20.059999465942383,22.450000762939453,16.366666793823242,43.439998626708984,50.79999923706055
2009-05-15T13:30:00.0,4.372142791748047,20.219999313354492,22.479999542236328,16.049999237060547,43.0,50.66999816894531
2009-05-18T13:30:00.0,4.523213863372803,20.600000381469727,23.03499984741211,16.639999389648438,44.369998931884766,52.52000045776367
2009-05-19T13:30:00.0,4.551785945892334,20.309999465942383,23.31999969482422,16.453332901000977,44.619998931884766,52.95000076293945
2009-05-20T13:30:00.0,4.495357036590576,20.3799991607666,23.5,16.31333351135254,44.58000183105469,54.02000045776367
2009-05-21T13:30:00.0,4.434999942779541,19.81999969482422,23.34000015258789,16.3700008392334,43.290000915527344,53.02000045776367
2009-05-22T13:30:00.0,4.375,19.75,23.649999618530273,16.416667938232422,42.939998626708984,53.029998779296875
2009-05-26T13:30:00.0,4.670713901519775,20.34000015258789,23.604999542236328,16.666667938232422,44.15999984741211,53.779998779296875
2009-05-27T13:30:00.0,4.751786231994629,20.1299991607666,23.315000534057617,16.440000534057617,43.56999969482422,51.779998779296875
2009-05-28T13:30:00.0,4.8239288330078125,20.450000762939453,23.450000762939453,16.516666412353516,44.31999969482422,52.59000015258789
2009-05-29T13:30:00.0,4.8503570556640625,20.889999389648438,24.579999923706055,16.579999923706055,44.849998474121094,51.939998626708984
2009-06-01T13:30:00.0,4.976786136627197,21.399999618530273,24.510000228881836,16.863332748413086,47.70000076293945,53.36000061035156
2009-06-02T13:30:00.0,4.981785774230957,21.399999618530273,24.829999923706055,16.643333435058594,49.20000076293945,53.709999084472656
2009-06-03T13:30:00.0,5.033928871154785,21.729999542236328,24.545000076293945,16.959999084472656,48.369998931884766,53.810001373291016
2009-06-04T13:30:00.0,5.133571147918701,21.829999923706055,24.8799991607666,16.956666946411133,50.56999969482422,53.349998474121094
2009-06-05T13:30:00.0,5.166786193847656,22.139999389648438,24.719999313354492,17.023332595825195,52.650001525878906,53.18000030517578
2009-06-08T13:30:00.0,5.137499809265137,22.049999237060547,24.690000534057617,16.93666648864746,52.83000183105469,53.13999938964844
2009-06-09T13:30:00.0,5.097143173217773,22.079999923706055,24.545000076293945,16.8700008392334,52.349998474121094,52.40999984741211
2009-06-10T13:30:00.0,5.0089287757873535,22.549999237060547,24.204999923706055,16.68666648864746,52.29999923706055,52.08000183105469
2009-06-11T13:30:00.0,4.998213768005371,22.829999923706055,24.290000915527344,16.440000534057617,50.65999984741211,52.0099983215332
2009-06-12T13:30:00.0,4.891786098480225,23.329999923706055,24.44499969482422,16.613332748413086,51.439998626708984,52.54999923706055
2009-06-15T13:30:00.0,4.86035680770874,23.420000076293945,24.05500030517578,16.15333366394043,49.52000045776367,51.33000183105469
2009-06-16T13:30:00.0,4.869643211364746,23.450000762939453,23.915000915527344,16.083332061767578,48.83000183105469,50.099998474121094
2009-06-17T13:30:00.0,4.8421430587768555,23.68000030517578,23.96500015258789,16.18666648864746,48.54999923706055,50.0099983215332
2009-06-18T13:30:00.0,4.8528571128845215,23.5,24.774999618530273,16.226667404174805,48.959999084472656,51.16999816894531
2009-06-19T13:30:00.0,4.981429100036621,24.06999969482422,24.405000686645508,16.05666732788086,48.439998626708984,50.63999938964844
2009-06-22T13:30:00.0,4.906071186065674,23.280000686645508,23.9950008392334,16.196666717529297,46.900001525878906,50.560001373291016
2009-06-23T13:30:00.0,4.786070823669434,23.34000015258789,23.899999618530273,16.116666793823242,43.869998931884766,50.54999923706055
2009-06-24T13:30:00.0,4.864999771118164,23.469999313354492,23.75,16.170000076293945,41.31999969482422,50.54999923706055
2009-06-25T13:30:00.0,4.994999885559082,23.790000915527344,23.924999237060547,16.383333206176758,42.529998779296875,51.68000030517578
2009-06-26T13:30:00.0,5.0871429443359375,23.350000381469727,24.065000534057617,16.209999084472656,41.880001068115234,51.75
2009-06-29T13:30:00.0,5.070356845855713,23.860000610351562,24.145000457763672,16.253332138061523,42.650001525878906,52.22999954223633
2009-06-30T13:30:00.0,5.086785793304443,23.770000457763672,23.9950008392334,16.14666748046875,42.5,51.099998474121094
2009-07-01T13:30:00.0,5.101070880889893,24.040000915527344,24.59000015258789,16.123332977294922,42.22999954223633,52.0
2009-07-02T13:30:00.0,5.00071382522583,23.3700008392334,24.440000534057617,15.930000305175781,40.83000183105469,51.11000061035156
2009-07-06T13:30:00.0,4.950356960296631,23.200000762939453,24.5,15.90999984741211,40.560001373291016,52.16999816894531
2009-07-07T13:30:00.0,4.835713863372803,22.530000686645508,24.31999969482422,15.946666717529297,39.040000915527344,51.90999984741211
2009-07-08T13:30:00.0,4.900713920593262,22.559999465942383,24.2549991607666,16.123332977294922,39.54999923706055,52.63999938964844
2009-07-09T13:30:00.0,4.869999885559082,22.440000534057617,24.354999542236328,16.02666664123535,39.29999923706055,52.40999984741211
2009-07-10T13:30:00.0,4.947143077850342,22.389999389648438,24.155000686645508,15.856666564941406,39.650001525878906,52.220001220703125
2009-07-13T13:30:00.0,5.083570957183838,23.229999542236328,24.524999618530273,15.94333267211914,40.439998626708984,52.97999954223633
2009-07-14T13:30:00.0,5.081070899963379,23.110000610351562,24.645000457763672,16.043333053588867,40.40999984741211,53.540000915527344
2009-07-15T13:30:00.0,5.24571418762207,24.1200008392334,25.264999389648438,16.183332443237305,41.36000061035156,54.650001525878906
2009-07-16T13:30:00.0,5.268570899963379,24.440000534057617,25.395000457763672,16.170000076293945,42.04999923706055,55.209999084472656
2009-07-17T13:30:00.0,5.419642925262451,24.290000915527344,25.15999984741211,16.163333892822266,41.36000061035156,55.91999816894531
2009-07-20T13:30:00.0,5.461071014404297,24.530000686645508,25.514999389648438,16.273332595825195,42.20000076293945,55.560001373291016
2009-07-21T13:30:00.0,5.411070823669434,24.829999923706055,25.174999237060547,16.286666870117188,43.02000045776367,55.4900016784668
2009-07-22T13:30:00.0,5.5978569984436035,24.799999237060547,24.565000534057617,16.389999389648438,42.0,54.869998931884766
2009-07-23T13:30:00.0,5.6364288330078125,25.559999465942383,24.59000015258789,16.253332138061523,41.95000076293945,55.15999984741211
2009-07-24T13:30:00.0,5.713929176330566,23.450000762939453,24.68000030517578,16.31333351135254,42.369998931884766,55.84000015258789
2009-07-27T13:30:00.0,5.7178568840026855,23.110000610351562,24.760000228881836,16.323333740234375,42.2400016784668,55.779998779296875
2009-07-28T13:30:00.0,5.714285850524902,23.469999313354492,24.69499969482422,16.30666732788086,43.25,55.709999084472656
2009-07-29T13:30:00.0,5.715356826782227,23.799999237060547,24.639999389648438,16.456666946411133,43.369998931884766,56.119998931884766
2009-07-30T13:30:00.0,5.813929080963135,23.809999465942383,24.834999084472656,16.65999984741211,43.2400016784668,56.22999954223633
2009-07-31T13:30:00.0,5.835357189178467,23.520000457763672,24.920000076293945,16.626667022705078,42.90999984741211,55.5099983215332
2009-08-03T13:30:00.0,5.943929195404053,23.829999923706055,24.799999237060547,16.613332748413086,43.790000915527344,55.61000061035156
2009-08-04T13:30:00.0,5.912499904632568,23.770000457763672,24.75,16.616666793823242,44.15999984741211,55.459999084472656
2009-08-05T13:30:00.0,5.896786212921143,23.809999465942383,24.584999084472656,16.399999618530273,44.029998779296875,53.90999984741211
2009-08-06T13:30:00.0,5.853929042816162,23.459999084472656,24.69499969482422,16.32666778564453,45.52000045776367,51.459999084472656
2009-08-07T13:30:00.0,5.911070823669434,23.559999465942383,24.670000076293945,16.43000030517578,46.689998626708984,52.029998779296875
2009-08-10T13:30:00.0,5.882856845855713,23.420000076293945,24.719999313354492,16.573333740234375,45.77000045776367,52.16999816894531
2009-08-11T13:30:00.0,5.815357208251953,23.1299991607666,24.520000457763672,16.68000030517578,45.38999938964844,51.93000030517578
2009-08-12T13:30:00.0,5.903929233551025,23.530000686645508,24.229999542236328,16.836666107177734,46.34000015258789,52.08000183105469
2009-08-13T13:30:00.0,6.014999866485596,23.6200008392334,24.059999465942383,17.293333053588867,46.619998931884766,52.29999923706055
2009-08-14T13:30:00.0,5.9564290046691895,23.690000534057617,24.235000610351562,17.26333236694336,44.869998931884766,52.369998931884766
2009-08-17T13:30:00.0,5.699643135070801,23.25,24.350000381469727,17.190000534057617,44.15999984741211,52.209999084472656
2009-08-18T13:30:00.0,5.857142925262451,23.579999923706055,24.30500030517578,17.1200008392334,43.779998779296875,52.45000076293945
2009-08-19T13:30:00.0,5.878571033477783,23.649999618530273,24.68000030517578,17.22333335876465,43.52000045776367,52.79999923706055
2009-08-20T13:30:00.0,5.940357208251953,23.670000076293945,24.709999084472656,17.23666763305664,44.7400016784668,53.02000045776367
2009-08-21T13:30:00.0,6.0435709953308105,24.40999984741211,24.954999923706055,17.1200008392334,45.869998931884766,53.58000183105469
2009-08-24T13:30:00.0,6.0378570556640625,24.639999389648438,24.530000686645508,17.183332443237305,47.130001068115234,53.34000015258789
2009-08-25T13:30:00.0,6.050000190734863,24.639999389648438,24.3700008392334,17.22333335876465,48.25,53.400001525878906
2009-08-26T13:30:00.0,5.978929042816162,24.549999237060547,24.59000015258789,17.266666412353516,47.81999969482422,53.36000061035156
2009-08-27T13:30:00.0,6.051785945892334,24.690000534057617,24.719999313354492,17.079999923706055,51.81999969482422,53.060001373291016
2009-08-28T13:30:00.0,6.073214054107666,24.68000030517578,24.530000686645508,17.043333053588867,51.040000915527344,53.189998626708984
2009-08-31T13:30:00.0,6.007500171661377,24.649999618530273,24.385000228881836,16.956666946411133,49.66999816894531,54.11000061035156
2009-09-01T13:30:00.0,5.903571128845215,24.0,24.264999389648438,16.989999771118164,48.77000045776367,53.02000045776367
2009-09-02T13:30:00.0,5.899285793304443,23.860000610351562,24.899999618530273,16.97333335876465,48.400001525878906,52.79999923706055
2009-09-03T13:30:00.0,5.948214054107666,24.110000610351562,24.790000915527344,17.246667861938477,48.459999084472656,52.869998931884766
2009-09-04T13:30:00.0,6.082499980926514,24.6200008392334,24.975000381469727,17.226667404174805,49.150001525878906,52.86000061035156
2009-09-08T13:30:00.0,6.1760711669921875,24.81999969482422,25.204999923706055,17.133333206176758,49.5,54.20000076293945
2009-09-09T13:30:00.0,6.112143039703369,24.780000686645508,25.315000534057617,17.036666870117188,50.529998779296875,53.7599983215332
2009-09-10T13:30:00.0,6.1628570556640625,25.0,25.290000915527344,17.010000228881836,50.4900016784668,56.040000915527344
2009-09-11T13:30:00.0,6.148571014404297,24.860000610351562,25.7549991607666,16.906667709350586,51.349998474121094,55.63999938964844
2009-09-14T13:30:00.0,6.204286098480225,25.0,26.079999923706055,16.793333053588867,50.970001220703125,55.29999923706055
2009-09-15T13:30:00.0,6.255713939666748,25.200000762939453,26.225000381469727,16.643333435058594,52.06999969482422,55.029998779296875
2009-09-16T13:30:00.0,6.495357036590576,25.200000762939453,26.334999084472656,16.68000030517578,52.36000061035156,55.310001373291016
2009-09-17T13:30:00.0,6.591071128845215,25.299999237060547,26.709999084472656,16.65333366394043,52.880001068115234,55.529998779296875
2009-09-18T13:30:00.0,6.6078572273254395,25.260000228881836,26.8799991607666,16.703332901000977,53.02000045776367,57.31999969482422
2009-09-21T13:30:00.0,6.572143077850342,25.299999237060547,26.5,16.969999313354492,52.86000061035156,57.099998474121094
2009-09-22T13:30:00.0,6.588571071624756,25.770000457763672,26.424999237060547,16.996667861938477,53.13999938964844,57.2400016784668
2009-09-23T13:30:00.0,6.625,25.709999084472656,26.290000915527344,16.799999237060547,52.369998931884766,57.25
2009-09-24T13:30:00.0,6.565000057220459,25.940000534057617,26.170000076293945,16.899999618530273,51.790000915527344,57.84000015258789
2009-09-25T13:30:00.0,6.513214111328125,25.549999237060547,26.485000610351562,16.489999771118164,51.52000045776367,58.0099983215332
2009-09-28T13:30:00.0,6.648213863372803,25.829999923706055,26.565000534057617,16.5,53.06999969482422,58.15999984741211
2009-09-29T13:30:00.0,6.62071418762207,25.75,26.655000686645508,16.40999984741211,54.619998931884766,57.90999984741211
2009-09-30T13:30:00.0,6.619643211364746,25.719999313354492,26.850000381469727,16.363332748413086,54.150001525878906,57.91999816894531
2009-10-01T13:30:00.0,6.459286212921143,24.8799991607666,26.559999465942383,16.333332061767578,52.11000061035156,56.619998931884766
2009-10-02T13:30:00.0,6.603570938110352,24.959999084472656,26.934999465942383,16.360000610351562,51.400001525878906,56.75
2009-10-05T13:30:00.0,6.643570899963379,24.639999389648438,26.899999618530273,16.35333251953125,52.279998779296875,56.68000030517578
2009-10-06T13:30:00.0,6.786070823669434,25.110000610351562,27.15999984741211,16.49333381652832,52.290000915527344,57.029998779296875
2009-10-07T13:30:00.0,6.794642925262451,25.100000381469727,27.405000686645508,16.496667861938477,51.790000915527344,56.95000076293945
2009-10-08T13:30:00.0,6.759643077850342,25.670000076293945,27.295000076293945,16.579999923706055,52.29999923706055,57.650001525878906
2009-10-09T13:30:00.0,6.802499771118164,25.549999237060547,27.325000762939453,16.656667709350586,52.689998626708984,57.560001373291016
2009-10-12T13:30:00.0,6.814642906188965,25.719999313354492,27.395000457763672,16.536666870117188,51.65999984741211,57.5
2009-10-13T13:30:00.0,6.786428928375244,25.809999465942383,27.399999618530273,16.780000686645508,51.900001525878906,57.2599983215332
2009-10-14T13:30:00.0,6.831786155700684,25.959999084472656,27.420000076293945,16.729999542236328,52.5099983215332,57.310001373291016
2009-10-15T13:30:00.0,6.805714130401611,26.709999084472656,27.459999084472656,16.983333587646484,51.7599983215332,57.2400016784668
2009-10-16T13:30:00.0,6.716071128845215,26.5,27.5049991607666,17.073333740234375,53.189998626708984,57.439998626708984
2009-10-19T13:30:00.0,6.78071403503418,26.360000610351562,27.395000457763672,17.296667098999023,53.45000076293945,57.790000915527344
2009-10-20T13:30:00.0,7.098570823669434,26.3700008392334,27.03499984741211,17.233333587646484,51.88999938964844,58.130001068115234
2009-10-21T13:30:00.0,7.318571090698242,26.579999923706055,27.03499984741211,16.876667022705078,50.630001068115234,57.4900016784668
2009-10-22T13:30:00.0,7.32857084274292,26.59000015258789,27.075000762939453,16.82666778564453,51.06999969482422,58.130001068115234
2009-10-23T13:30:00.0,7.283570766448975,28.020000457763672,26.6200008392334,16.81333351135254,49.88999938964844,57.63999938964844
2009-10-26T13:30:00.0,7.231429100036621,28.68000030517578,26.614999771118164,16.613332748413086,48.290000915527344,56.900001525878906
2009-10-27T13:30:00.0,7.048929214477539,28.59000015258789,26.729999542236328,16.623332977294922,47.75,57.18000030517578
2009-10-28T13:30:00.0,6.871428966522217,28.020000457763672,26.7549991607666,16.633333206176758,47.220001220703125,57.22999954223633
2009-10-29T13:30:00.0,7.012499809265137,28.219999313354492,27.045000076293945,16.799999237060547,48.810001373291016,59.540000915527344
2009-10-30T13:30:00.0,6.732142925262451,27.729999542236328,26.655000686645508,16.559999465942383,47.79999923706055,58.0
2009-11-02T14:30:00.0,6.76107120513916,27.8799991607666,26.860000610351562,16.760000228881836,48.27000045776367,58.95000076293945
2009-11-03T14:30:00.0,6.7410712242126465,27.530000686645508,26.559999465942383,16.633333206176758,48.099998474121094,58.58000183105469
2009-11-04T14:30:00.0,6.814642906188965,28.059999465942383,26.7450008392334,16.793333053588867,48.06999969482422,59.029998779296875
2009-11-05T14:30:00.0,6.929643154144287,28.469999313354492,27.200000762939453,17.093332290649414,49.77000045776367,60.470001220703125
2009-11-06T14:30:00.0,6.940713882446289,28.520000457763672,27.2450008392334,17.083332061767578,49.68000030517578,61.040000915527344
2009-11-09T14:30:00.0,7.195000171661377,28.989999771118164,27.739999771118164,17.333332061767578,51.349998474121094,61.849998474121094
2009-11-10T14:30:00.0,7.24928617477417,29.010000228881836,27.905000686645508,17.43666648864746,50.31999969482422,61.86000061035156
2009-11-11T14:30:00.0,7.2589287757873535,29.1200008392334,28.065000534057617,17.656667709350586,50.68000030517578,62.22999954223633
2009-11-12T14:30:00.0,7.213929176330566,29.360000610351562,27.969999313354492,17.746667861938477,50.279998779296875,61.29999923706055
2009-11-13T14:30:00.0,7.301785945892334,29.6299991607666,28.229999542236328,17.733333587646484,50.68000030517578,61.61000061035156
2009-11-16T14:30:00.0,7.379642963409424,29.540000915527344,28.3700008392334,17.719999313354492,52.47999954223633,62.27000045776367
2009-11-17T14:30:00.0,7.392857074737549,30.0,28.434999465942383,17.886667251586914,52.529998779296875,62.310001373291016
2009-11-18T14:30:00.0,7.355713844299316,30.110000610351562,28.290000915527344,18.049999237060547,52.02000045776367,62.40999984741211
2009-11-19T14:30:00.0,7.161070823669434,29.780000686645508,28.440000534057617,18.18000030517578,51.43000030517578,62.150001525878906
2009-11-20T14:30:00.0,7.139999866485596,29.6200008392334,28.739999771118164,18.093332290649414,51.70000076293945,61.79999923706055
2009-11-23T14:30:00.0,7.3528571128845215,29.940000534057617,29.1200008392334,18.226667404174805,52.630001068115234,62.72999954223633
2009-11-24T14:30:00.0,7.30142879486084,29.90999984741211,29.094999313354492,18.28333282470703,51.970001220703125,62.79999923706055
2009-11-25T14:30:00.0,7.292500019073486,29.790000915527344,29.05500030517578,18.31999969482422,52.93000030517578,62.869998931884766
2009-11-27T14:30:00.0,7.163928985595703,29.219999313354492,28.59000015258789,18.209999084472656,52.45000076293945,62.47999954223633
2009-11-30T14:30:00.0,7.13964319229126,29.40999984741211,28.600000381469727,18.183332443237305,52.40999984741211,62.349998474121094
2009-12-01T14:30:00.0,7.034643173217773,30.010000228881836,29.040000915527344,18.25,53.720001220703125,62.90999984741211
2009-12-02T14:30:00.0,7.008213996887207,29.780000686645508,28.979999542236328,18.190000534057617,53.779998779296875,63.189998626708984
2009-12-03T14:30:00.0,7.0171427726745605,29.829999923706055,28.635000228881836,18.14666748046875,53.77000045776367,62.560001373291016
2009-12-04T14:30:00.0,6.904285907745361,29.979999542236328,28.7450008392334,18.079999923706055,54.68000030517578,62.599998474121094
2009-12-07T14:30:00.0,6.748213768005371,29.790000915527344,28.934999465942383,18.309999465942383,55.81999969482422,62.470001220703125
2009-12-08T14:30:00.0,6.781071186065674,29.56999969482422,28.84000015258789,18.136667251586914,55.65999984741211,61.869998931884766
2009-12-09T14:30:00.0,7.064286231994629,29.709999084472656,28.915000915527344,18.023332595825195,55.470001220703125,62.2400016784668
2009-12-10T14:30:00.0,7.01535701751709,29.8700008392334,29.290000915527344,18.229999542236328,55.0099983215332,62.2400016784668
2009-12-11T14:30:00.0,6.952499866485596,29.850000381469727,29.55500030517578,18.21666717529297,55.599998474121094,62.34000015258789
2009-12-14T14:30:00.0,7.034999847412109,30.110000610351562,29.520000457763672,18.023332595825195,56.04999923706055,63.0099983215332
2009-12-15T14:30:00.0,6.934642791748047,30.020000457763672,29.530000686645508,17.99333381652832,55.66999816894531,62.119998931884766
2009-12-16T14:30:00.0,6.965356826782227,30.100000381469727,29.209999084472656,17.773332595825195,55.130001068115234,62.15999984741211
2009-12-17T14:30:00.0,6.852142810821533,29.600000381469727,28.489999771118164,17.586666107177734,54.470001220703125,61.59000015258789
2009-12-18T14:30:00.0,6.979642868041992,30.360000610351562,28.459999084472656,17.616666793823242,53.439998626708984,61.54999923706055
2009-12-21T14:30:00.0,7.0796427726745605,30.520000457763672,28.59000015258789,17.799999237060547,54.29999923706055,61.29999923706055
2009-12-22T14:30:00.0,7.15571403503418,30.81999969482422,28.635000228881836,17.780000686645508,55.099998474121094,61.29999923706055
2009-12-23T14:30:00.0,7.2178568840026855,30.920000076293945,28.645000457763672,17.773332595825195,54.959999084472656,61.310001373291016
2009-12-24T14:30:00.0,7.465713977813721,31.0,28.719999313354492,17.866666793823242,55.47999954223633,61.279998779296875
2009-12-28T14:30:00.0,7.557499885559082,31.170000076293945,28.719999313354492,17.99333381652832,55.13999938964844,61.25
2009-12-29T14:30:00.0,7.4678568840026855,31.389999389648438,28.8700008392334,18.036666870117188,55.209999084472656,61.58000183105469
2009-12-30T14:30:00.0,7.558570861816406,30.959999084472656,28.84000015258789,18.100000381469727,54.959999084472656,61.369998931884766
2009-12-31T14:30:00.0,7.526071071624756,30.479999542236328,28.5,17.816667556762695,54.130001068115234,60.630001068115234
2010-01-04T14:30:00.0,7.643214225769043,30.950000762939453,28.520000457763672,18.07666778564453,56.18000030517578,61.119998931884766
2010-01-05T14:30:00.0,7.656428813934326,30.959999084472656,28.174999237060547,17.89666748046875,58.02000045776367,61.13999938964844
2010-01-06T14:30:00.0,7.534643173217773,30.770000457763672,28.165000915527344,17.856666564941406,59.779998779296875,60.849998474121094
2010-01-07T14:30:00.0,7.520713806152344,30.450000762939453,28.094999313354492,17.866666793823242,62.20000076293945,60.52000045776367
2010-01-08T14:30:00.0,7.570713996887207,30.65999984741211,27.575000762939453,17.77666664123535,61.599998474121094,60.439998626708984
2010-01-11T14:30:00.0,7.503929138183594,30.270000457763672,28.135000228881836,18.06999969482422,60.869998931884766,60.20000076293945
2010-01-12T14:30:00.0,7.4185709953308105,30.06999969482422,28.440000534057617,18.24333381652832,60.43000030517578,60.88999938964844
2010-01-13T14:30:00.0,7.523213863372803,30.350000381469727,28.514999389648438,18.336666107177734,61.15999984741211,61.52000045776367
2010-01-14T14:30:00.0,7.479642868041992,30.959999084472656,28.565000534057617,18.06999969482422,61.560001373291016,61.58000183105469
2010-01-15T14:30:00.0,7.354642868041992,30.860000610351562,28.145000457763672,17.893333435058594,60.81999969482422,60.81999969482422
2010-01-19T14:30:00.0,7.679999828338623,31.100000381469727,28.209999084472656,18.010000228881836,60.650001525878906,61.720001220703125
2010-01-20T14:30:00.0,7.56178617477417,30.59000015258789,27.75,17.953332901000977,60.20000076293945,60.45000076293945
2010-01-21T14:30:00.0,7.431070804595947,30.010000228881836,27.184999465942383,17.639999389648438,59.20000076293945,59.84000015258789
2010-01-22T14:30:00.0,7.0625,28.959999084472656,27.1200008392334,17.64666748046875,57.77000045776367,60.310001373291016
2010-01-25T14:30:00.0,7.252500057220459,29.31999969482422,27.174999237060547,17.626667022705078,57.779998779296875,60.630001068115234
2010-01-26T14:30:00.0,7.355000019073486,29.5,27.06999969482422,17.8700008392334,57.709999084472656,60.689998626708984
2010-01-27T14:30:00.0,7.424285888671875,29.670000076293945,27.2549991607666,17.799999237060547,61.93000030517578,60.810001373291016
2010-01-28T14:30:00.0,7.117499828338623,29.15999984741211,27.09000015258789,17.536666870117188,62.560001373291016,61.68000030517578
2010-01-29T14:30:00.0,6.859285831451416,28.18000030517578,27.125,17.809999465942383,60.599998474121094,61.54999923706055
2010-02-01T14:30:00.0,6.9546427726745605,28.40999984741211,27.190000534057617,17.82666778564453,61.70000076293945,61.9900016784668
2010-02-02T14:30:00.0,6.994999885559082,28.459999084472656,27.524999618530273,17.829999923706055,61.939998626708984,62.900001525878906
2010-02-03T14:30:00.0,7.115356922149658,28.6299991607666,27.434999465942383,18.09000015258789,61.459999084472656,62.650001525878906
2010-02-04T14:30:00.0,6.85892915725708,27.84000015258789,26.71500015258789,17.656667709350586,59.31999969482422,61.400001525878906
2010-02-05T14:30:00.0,6.980713844299316,28.020000457763672,26.545000076293945,17.816667556762695,58.400001525878906,61.29999923706055
2010-02-08T14:30:00.0,6.932857036590576,27.719999313354492,26.325000762939453,17.643333435058594,57.88999938964844,61.0099983215332
2010-02-09T14:30:00.0,7.006785869598389,28.010000228881836,27.0049991607666,17.75,59.7400016784668,61.7599983215332
2010-02-10T14:30:00.0,6.968571186065674,27.989999771118164,26.895000457763672,17.746667861938477,59.540000915527344,61.66999816894531
2010-02-11T14:30:00.0,7.0953569412231445,28.1200008392334,27.110000610351562,17.69333267211914,60.59000015258789,61.959999084472656
2010-02-12T14:30:00.0,7.156428813934326,27.93000030517578,26.989999771118164,17.633333206176758,59.650001525878906,61.7599983215332
2010-02-16T14:30:00.0,7.264286041259766,28.350000381469727,27.40999984741211,17.85333251953125,61.2599983215332,62.83000183105469
2010-02-17T14:30:00.0,7.23392915725708,28.59000015258789,27.665000915527344,18.020000457763672,61.81999969482422,62.849998474121094
2010-02-18T14:30:00.0,7.247499942779541,28.969999313354492,27.954999923706055,17.823333740234375,62.88999938964844,63.38999938964844
2010-02-19T14:30:00.0,7.202499866485596,28.770000457763672,27.860000610351562,17.829999923706055,63.59000015258789,63.45000076293945
2010-02-22T14:30:00.0,7.1578569412231445,28.729999542236328,27.690000534057617,17.94333267211914,63.970001220703125,63.41999816894531
2010-02-23T14:30:00.0,7.0378570556640625,28.329999923706055,27.415000915527344,17.873332977294922,62.77000045776367,63.209999084472656
2010-02-24T14:30:00.0,7.166429042816162,28.6299991607666,27.579999923706055,17.97333335876465,63.47999954223633,63.88999938964844
2010-02-25T14:30:00.0,7.214285850524902,28.600000381469727,26.559999465942383,18.049999237060547,62.869998931884766,63.70000076293945
2010-02-26T14:30:00.0,7.307857036590576,28.670000076293945,26.360000610351562,18.023332595825195,63.15999984741211,63.279998779296875
2010-03-01T14:30:00.0,7.463929176330566,29.020000457763672,26.635000228881836,17.96666717529297,64.0,63.5099983215332
2010-03-02T14:30:00.0,7.458929061889648,28.459999084472656,26.649999618530273,17.863332748413086,64.44000244140625,63.709999084472656
2010-03-03T14:30:00.0,7.476070880889893,28.459999084472656,26.96500015258789,17.886667251586914,64.44999694824219,63.54999923706055
2010-03-04T14:30:00.0,7.525356769561768,28.6299991607666,27.235000610351562,17.98666763305664,65.55000305175781,63.66999816894531
2010-03-05T14:30:00.0,7.819643020629883,28.59000015258789,27.350000381469727,18.046667098999023,67.93000030517578,63.689998626708984
2010-03-08T14:30:00.0,7.824285984039307,28.6299991607666,27.229999542236328,18.049999237060547,67.23999786376953,63.189998626708984
2010-03-09T14:30:00.0,7.965000152587891,28.799999237060547,27.09000015258789,18.020000457763672,67.79000091552734,63.29999923706055
2010-03-10T14:30:00.0,8.029999732971191,28.969999313354492,27.100000381469727,17.876667022705078,70.01000213623047,63.0099983215332
2010-03-11T14:30:00.0,8.053570747375488,29.18000030517578,26.799999237060547,17.989999771118164,70.06999969482422,63.16999816894531
2010-03-12T14:30:00.0,8.092857360839844,29.270000457763672,26.674999237060547,17.96666717529297,69.83000183105469,63.31999969482422
2010-03-15T13:30:00.0,7.994286060333252,29.290000915527344,26.825000762939453,18.47333335876465,69.4000015258789,63.70000076293945
2010-03-16T13:30:00.0,8.016071319580078,29.3700008392334,26.850000381469727,18.663333892822266,68.72000122070312,63.529998779296875
2010-03-17T13:30:00.0,8.00428581237793,29.6299991607666,26.920000076293945,18.639999389648438,69.37999725341797,64.01000213623047
2010-03-18T13:30:00.0,8.023214340209961,29.610000610351562,26.975000381469727,18.64666748046875,70.87000274658203,63.72999954223633
2010-03-19T13:30:00.0,7.9375,29.59000015258789,27.375,18.446666717529297,70.72000122070312,63.84000015258789
2010-03-22T13:30:00.0,8.026785850524902,29.600000381469727,27.270000457763672,18.540000915527344,71.91000366210938,63.880001068115234
2010-03-23T13:30:00.0,8.15571403503418,29.8799991607666,27.649999618530273,18.6299991607666,72.18000030517578,64.52999877929688
2010-03-24T13:30:00.0,8.19178581237793,29.649999618530273,27.309999465942383,18.52666664123535,72.31999969482422,63.61000061035156
2010-03-25T13:30:00.0,8.094642639160156,30.010000228881836,27.399999618530273,18.536666870117188,72.48999786376953,63.619998931884766
2010-03-26T13:30:00.0,8.246429443359375,29.65999984741211,27.325000762939453,18.503332138061523,72.58999633789062,63.689998626708984
2010-03-29T13:30:00.0,8.299642562866211,29.59000015258789,27.385000228881836,18.579999923706055,74.11000061035156,63.72999954223633
2010-03-30T13:30:00.0,8.423213958740234,29.770000457763672,27.434999465942383,18.636667251586914,73.52999877929688,63.65999984741211
2010-03-31T13:30:00.0,8.39285659790039,29.290000915527344,27.5,18.53333282470703,72.61000061035156,63.27000045776367
2010-04-01T13:30:00.0,8.427499771118164,29.15999984741211,27.649999618530273,18.496667861938477,72.98999786376953,63.36000061035156
2010-04-05T13:30:00.0,8.517499923706055,29.270000457763672,27.43000030517578,18.496667861938477,72.04000091552734,63.7599983215332
2010-04-06T13:30:00.0,8.555000305175781,29.31999969482422,27.145000457763672,18.510000228881836,72.36000061035156,63.11000061035156
2010-04-07T13:30:00.0,8.592857360839844,29.350000381469727,26.90999984741211,18.426666259765625,72.0999984741211,62.5
2010-04-08T13:30:00.0,8.569643020629883,29.920000076293945,26.8799991607666,18.459999084472656,72.27999877929688,62.560001373291016
2010-04-09T13:30:00.0,8.635356903076172,30.34000015258789,27.295000076293945,18.356666564941406,72.41999816894531,62.72999954223633
2010-04-12T13:30:00.0,8.653214454650879,30.31999969482422,27.3799991607666,18.34000015258789,71.91999816894531,62.70000076293945
2010-04-13T13:30:00.0,8.65821361541748,30.450000762939453,27.510000228881836,18.239999771118164,71.19000244140625,63.0
2010-04-14T13:30:00.0,8.774642944335938,30.81999969482422,27.475000381469727,18.213333129882812,71.69999694824219,63.189998626708984
2010-04-15T13:30:00.0,8.890000343322754,30.8700008392334,27.1299991607666,18.043333053588867,72.08999633789062,63.0
2010-04-16T13:30:00.0,8.835714340209961,30.670000076293945,27.485000610351562,18.036666870117188,70.79000091552734,62.849998474121094
2010-04-19T13:30:00.0,8.823928833007812,31.040000915527344,27.65999984741211,18.1299991607666,70.95999908447266,63.220001220703125
2010-04-20T13:30:00.0,8.735357284545898,31.360000610351562,27.235000610351562,18.17333221435547,71.41000366210938,63.189998626708984
2010-04-21T13:30:00.0,9.257857322692871,31.329999923706055,27.094999313354492,18.156667709350586,74.16000366210938,63.630001068115234
2010-04-22T13:30:00.0,9.516785621643066,31.389999389648438,27.155000686645508,18.163333892822266,75.58999633789062,63.59000015258789
2010-04-23T13:30:00.0,9.672499656677246,30.959999084472656,26.940000534057617,18.176666259765625,75.12999725341797,63.540000915527344
2010-04-26T13:30:00.0,9.625,31.110000610351562,26.864999771118164,18.01333236694336,74.33999633789062,63.939998626708984
2010-04-27T13:30:00.0,9.35857105255127,30.850000381469727,26.434999465942383,18.01333236694336,72.4800033569336,63.11000061035156
2010-04-28T13:30:00.0,9.342857360839844,30.90999984741211,26.68000030517578,17.8700008392334,72.37000274658203,63.16999816894531
2010-04-29T13:30:00.0,9.59428596496582,31.0,26.8700008392334,17.899999618530273,73.79000091552734,62.20000076293945
2010-04-30T13:30:00.0,9.3246431350708,30.540000915527344,26.725000381469727,17.8799991607666,72.43000030517578,62.15999984741211
2010-05-03T13:30:00.0,9.512499809265137,30.860000610351562,26.8799991607666,17.913333892822266,74.38999938964844,62.68000030517578
2010-05-04T13:30:00.0,9.238571166992188,30.1299991607666,26.59000015258789,18.00666618347168,72.79000091552734,61.709999084472656
2010-05-05T13:30:00.0,9.142499923706055,29.850000381469727,26.829999923706055,18.25666618347168,71.0,62.15999984741211
2010-05-06T13:30:00.0,8.79464340209961,28.979999542236328,26.149999618530273,17.74333381652832,67.97000122070312,60.75
2010-05-07T13:30:00.0,8.42357063293457,28.209999084472656,26.334999084472656,17.46666717529297,66.72000122070312,60.310001373291016
2010-05-10T13:30:00.0,9.071070671081543,28.940000534057617,27.020000457763672,17.52666664123535,71.0,62.41999816894531
2010-05-11T13:30:00.0,9.161429405212402,28.8799991607666,26.80500030517578,17.48666763305664,71.41999816894531,62.369998931884766
2010-05-12T13:30:00.0,9.360357284545898,29.440000534057617,27.010000228881836,17.49333381652832,72.87000274658203,63.02000045776367
2010-05-13T13:30:00.0,9.227143287658691,29.239999771118164,26.7450008392334,17.46666717529297,71.76000213623047,62.75
2010-05-14T13:30:00.0,9.0649995803833,28.93000030517578,26.670000076293945,17.373332977294922,69.81999969482422,62.540000915527344
2010-05-17T13:30:00.0,9.079285621643066,28.940000534057617,26.704999923706055,17.57666778564453,69.68000030517578,63.380001068115234
2010-05-18T13:30:00.0,9.012857437133789,28.600000381469727,26.549999237060547,17.90333366394043,67.72000122070312,63.209999084472656
2010-05-19T13:30:00.0,8.869285583496094,28.239999771118164,26.559999465942383,17.68000030517578,66.20999908447266,63.220001220703125
2010-05-20T13:30:00.0,8.491429328918457,27.110000610351562,25.770000457763672,17.100000381469727,63.0,61.61000061035156
2010-05-21T13:30:00.0,8.65428638458252,26.84000015258789,25.795000076293945,17.123332977294922,64.55999755859375,61.849998474121094
2010-05-24T13:30:00.0,8.812856674194336,26.270000457763672,25.729999542236328,17.0,63.150001525878906,61.400001525878906
2010-05-25T13:30:00.0,8.757857322692871,26.06999969482422,25.309999465942383,16.760000228881836,62.779998779296875,61.04999923706055
2010-05-26T13:30:00.0,8.71821403503418,25.010000228881836,25.040000915527344,16.67333221435547,63.2599983215332,60.439998626708984
2010-05-27T13:30:00.0,9.048213958740234,26.0,25.614999771118164,16.899999618530273,65.12999725341797,60.95000076293945
2010-05-28T13:30:00.0,9.174285888671875,25.799999237060547,25.700000762939453,16.85333251953125,64.18000030517578,61.09000015258789
2010-06-01T13:30:00.0,9.315357208251953,25.889999389648438,25.645000457763672,16.97333335876465,62.95000076293945,61.15999984741211
2010-06-02T13:30:00.0,9.426786422729492,26.459999084472656,26.204999923706055,17.239999771118164,64.33999633789062,61.7400016784668
2010-06-03T13:30:00.0,9.397143363952637,26.860000610351562,26.375,17.239999771118164,64.30999755859375,61.79999923706055
2010-06-04T13:30:00.0,9.14142894744873,25.790000915527344,25.635000228881836,16.799999237060547,61.150001525878906,60.79999923706055
2010-06-07T13:30:00.0,8.962142944335938,25.290000915527344,25.399999618530273,16.913333892822266,60.11000061035156,60.619998931884766
2010-06-08T13:30:00.0,8.904643058776855,25.110000610351562,25.780000686645508,16.926666259765625,61.02000045776367,62.13999938964844
2010-06-09T13:30:00.0,8.685713768005371,24.790000915527344,25.674999237060547,16.996667861938477,61.709999084472656,61.470001220703125
2010-06-10T13:30:00.0,8.946785926818848,25.0,26.225000381469727,17.073333740234375,63.88999938964844,61.90999984741211
2010-06-11T13:30:00.0,9.053929328918457,25.65999984741211,25.825000762939453,16.953332901000977,65.37999725341797,61.0099983215332
2010-06-14T13:30:00.0,9.081428527832031,25.5,25.7549991607666,17.079999923706055,64.81999969482422,61.25
2010-06-15T13:30:00.0,9.274642944335938,26.579999923706055,26.09000015258789,17.213333129882812,67.4800033569336,61.90999984741211
2010-06-16T13:30:00.0,9.54464340209961,26.31999969482422,26.200000762939453,16.99333381652832,67.02999877929688,61.189998626708984
2010-06-17T13:30:00.0,9.709643363952637,26.3700008392334,26.18000030517578,17.136667251586914,67.26000213623047,61.7599983215332
2010-06-18T13:30:00.0,9.788213729858398,26.440000534057617,26.155000686645508,17.183332443237305,67.95999908447266,61.29999923706055
2010-06-21T13:30:00.0,9.64892864227295,25.950000762939453,26.239999771118164,17.00666618347168,67.97000122070312,61.099998474121094
2010-06-22T13:30:00.0,9.780357360839844,25.770000457763672,26.229999542236328,16.893333435058594,66.27999877929688,60.720001220703125
2010-06-23T13:30:00.0,9.677499771118164,25.309999465942383,26.1200008392334,16.93666648864746,67.44999694824219,61.380001068115234
2010-06-24T13:30:00.0,9.60714340209961,25.0,25.899999618530273,16.676666259765625,67.43000030517578,60.869998931884766
2010-06-25T13:30:00.0,9.524999618530273,24.530000686645508,25.1299991607666,16.266666412353516,68.7699966430664,59.790000915527344
2010-06-28T13:30:00.0,9.58214282989502,24.309999465942383,25.540000915527344,16.523332595825195,67.30000305175781,60.619998931884766
2010-06-29T13:30:00.0,9.14892864227295,23.309999465942383,25.165000915527344,16.299999237060547,63.040000915527344,60.31999969482422
2010-06-30T13:30:00.0,8.983214378356934,23.010000228881836,25.059999465942383,16.023332595825195,62.75,59.97999954223633
2010-07-01T13:30:00.0,8.874285697937012,23.15999984741211,25.014999389648438,16.113332748413086,62.2599983215332,59.540000915527344
2010-07-02T13:30:00.0,8.819286346435547,23.270000457763672,25.024999618530273,16.0,61.939998626708984,59.380001068115234
2010-07-06T13:30:00.0,8.879643440246582,23.81999969482422,25.21500015258789,16.190000534057617,61.36000061035156,59.34000015258789
2010-07-07T13:30:00.0,9.238213539123535,24.299999237060547,25.735000610351562,16.30666732788086,63.29999923706055,60.81999969482422
2010-07-08T13:30:00.0,9.217499732971191,24.40999984741211,26.209999084472656,16.393333435058594,64.7300033569336,61.95000076293945
2010-07-09T13:30:00.0,9.272143363952637,24.270000457763672,26.200000762939453,16.476667404174805,64.66000366210938,61.75
2010-07-12T13:30:00.0,9.188928604125977,24.829999923706055,26.225000381469727,16.706666946411133,64.33999633789062,62.09000015258789
2010-07-13T13:30:00.0,8.992856979370117,25.1299991607666,26.360000610351562,16.84666633605957,64.43000030517578,62.38999938964844
2010-07-14T13:30:00.0,9.026070594787598,25.440000534057617,26.40999984741211,16.78333282470703,64.75,62.65999984741211
2010-07-15T13:30:00.0,8.98035717010498,25.510000228881836,26.424999237060547,16.803333282470703,64.37000274658203,62.72999954223633
2010-07-16T13:30:00.0,8.925000190734863,24.889999389648438,26.184999465942383,16.55666732788086,61.900001525878906,61.9900016784668
2010-07-19T13:30:00.0,8.770713806152344,25.229999542236328,26.135000228881836,16.50666618347168,63.18000030517578,61.86000061035156
2010-07-20T13:30:00.0,8.996070861816406,25.479999542236328,26.6200008392334,16.959999084472656,63.880001068115234,62.06999969482422
2010-07-21T13:30:00.0,9.079999923706055,25.1200008392334,27.040000915527344,16.78333282470703,63.18000030517578,61.11000061035156
2010-07-22T13:30:00.0,9.250714302062988,25.84000015258789,27.1299991607666,16.953332901000977,66.5999984741211,61.369998931884766
2010-07-23T13:30:00.0,9.283571243286133,25.809999465942383,27.375,17.22333335876465,67.93000030517578,61.90999984741211
2010-07-26T13:30:00.0,9.260000228881836,26.100000381469727,27.469999313354492,17.043333053588867,68.8499984741211,62.52000045776367
2010-07-27T13:30:00.0,9.431428909301758,26.15999984741211,27.524999618530273,16.98666763305664,68.62000274658203,63.08000183105469
2010-07-28T13:30:00.0,9.319999694824219,25.950000762939453,27.440000534057617,17.043333053588867,67.31999969482422,62.70000076293945
2010-07-29T13:30:00.0,9.21821403503418,26.030000686645508,27.4950008392334,17.020000457763672,67.22000122070312,61.66999816894531
2010-07-30T13:30:00.0,9.1875,25.809999465942383,27.55500030517578,17.06333351135254,68.13999938964844,61.15999984741211
2010-08-02T13:30:00.0,9.351785659790039,26.329999923706055,28.204999923706055,17.136667251586914,69.69000244140625,62.060001373291016
2010-08-03T13:30:00.0,9.354642868041992,26.15999984741211,28.190000534057617,17.09666633605957,69.54000091552734,59.939998626708984
2010-08-04T13:30:00.0,9.392143249511719,25.729999542236328,28.274999618530273,17.200000762939453,69.25,59.54999923706055
2010-08-05T13:30:00.0,9.346428871154785,25.3700008392334,28.184999465942383,17.206666946411133,68.70999908447266,59.86000061035156
2010-08-06T13:30:00.0,9.288928985595703,25.549999237060547,28.375,17.26333236694336,68.69999694824219,60.02000045776367
2010-08-09T13:30:00.0,9.348214149475098,25.610000610351562,28.55500030517578,17.35333251953125,68.98999786376953,60.380001068115234
2010-08-10T13:30:00.0,9.264642715454102,25.06999969482422,28.489999771118164,17.406667709350586,68.62000274658203,60.779998779296875
2010-08-11T13:30:00.0,8.935357093811035,24.860000610351562,28.020000457763672,17.00666618347168,65.5999984741211,60.27000045776367
2010-08-12T13:30:00.0,8.992500305175781,24.489999771118164,27.844999313354492,16.809999465942383,64.69999694824219,59.9900016784668
2010-08-13T13:30:00.0,8.896429061889648,24.399999618530273,27.864999771118164,16.799999237060547,64.83999633789062,59.81999969482422
2010-08-16T13:30:00.0,8.84428596496582,24.5,27.940000534057617,16.803333282470703,64.4000015258789,59.77000045776367
2010-08-17T13:30:00.0,8.998929023742676,24.709999084472656,28.059999465942383,17.00666618347168,65.98999786376953,60.290000915527344
2010-08-18T13:30:00.0,9.038213729858398,24.81999969482422,27.920000076293945,16.953332901000977,66.0,60.75
2010-08-19T13:30:00.0,8.924285888671875,24.440000534057617,27.639999389648438,16.68666648864746,64.62000274658203,60.189998626708984
2010-08-20T13:30:00.0,8.915714263916016,24.229999542236328,27.649999618530273,16.739999771118164,64.5999984741211,59.97999954223633
2010-08-23T13:30:00.0,8.778571128845215,24.280000686645508,27.799999237060547,17.046667098999023,63.29999923706055,60.029998779296875
2010-08-24T13:30:00.0,8.568928718566895,24.040000915527344,27.829999923706055,17.100000381469727,60.93000030517578,59.65999984741211
2010-08-25T13:30:00.0,8.674642562866211,24.100000381469727,27.69499969482422,17.183332443237305,60.7599983215332,59.66999816894531
2010-08-26T13:30:00.0,8.581428527832031,23.81999969482422,27.579999923706055,16.989999771118164,61.31999969482422,59.540000915527344
2010-08-27T13:30:00.0,8.62928581237793,23.93000030517578,28.079999923706055,17.0,63.15999984741211,59.79999923706055
2010-08-30T13:30:00.0,8.660714149475098,23.639999389648438,27.774999618530273,16.850000381469727,62.099998474121094,59.369998931884766
2010-08-31T13:30:00.0,8.682143211364746,23.469999313354492,27.940000534057617,16.713333129882812,61.130001068115234,59.66999816894531
2010-09-01T13:30:00.0,8.940357208251953,23.899999618530273,28.655000686645508,17.066667556762695,62.290000915527344,59.79999923706055
2010-09-02T13:30:00.0,9.006071090698242,23.940000534057617,28.690000534057617,17.253332138061523,63.38999938964844,60.06999969482422
2010-09-03T13:30:00.0,9.241786003112793,24.290000915527344,28.780000686645508,17.34666633605957,64.63999938964844,60.290000915527344
2010-09-07T13:30:00.0,9.207500457763672,23.959999084472656,28.815000534057617,17.286666870117188,63.41999816894531,60.13999938964844
2010-09-08T13:30:00.0,9.390000343322754,23.93000030517578,28.915000915527344,17.27666664123535,64.5,60.369998931884766
2010-09-09T13:30:00.0,9.395357131958008,24.010000228881836,29.145000457763672,17.303333282470703,63.439998626708984,60.290000915527344
2010-09-10T13:30:00.0,9.407500267028809,23.850000381469727,29.260000228881836,17.323333740234375,63.84000015258789,60.400001525878906
2010-09-13T13:30:00.0,9.537142753601074,25.110000610351562,29.014999389648438,17.40333366394043,64.19000244140625,60.47999954223633
2010-09-14T13:30:00.0,9.57357120513916,25.030000686645508,28.795000076293945,17.553333282470703,62.7599983215332,60.63999938964844
2010-09-15T13:30:00.0,9.650713920593262,25.1200008392334,28.709999084472656,17.6200008392334,62.72999954223633,61.11000061035156
2010-09-16T13:30:00.0,9.8774995803833,25.329999923706055,28.7549991607666,17.71666717529297,62.58000183105469,61.11000061035156
2010-09-17T13:30:00.0,9.834643363952637,25.219999313354492,28.780000686645508,17.670000076293945,62.95000076293945,60.970001220703125
2010-09-20T13:30:00.0,10.115357398986816,25.43000030517578,28.985000610351562,17.84666633605957,63.720001220703125,61.43000030517578
2010-09-21T13:30:00.0,10.134642601013184,25.149999618530273,29.05500030517578,17.856666564941406,64.2300033569336,61.52000045776367
2010-09-22T13:30:00.0,10.276785850524902,24.610000610351562,29.114999771118164,17.940000534057617,63.900001525878906,61.790000915527344
2010-09-23T13:30:00.0,10.318571090698242,24.43000030517578,28.934999465942383,17.883333206176758,62.650001525878906,61.220001220703125
2010-09-24T13:30:00.0,10.4399995803833,24.780000686645508,29.309999465942383,18.02666664123535,64.5999984741211,61.63999938964844
2010-09-27T13:30:00.0,10.398571014404297,24.729999542236328,29.299999237060547,17.82666778564453,63.88999938964844,61.040000915527344
2010-09-28T13:30:00.0,10.244999885559082,24.68000030517578,29.549999237060547,17.940000534057617,64.5199966430664,60.619998931884766
2010-09-29T13:30:00.0,10.263214111328125,24.5,29.3799991607666,17.78333282470703,65.97000122070312,60.25
2010-09-30T13:30:00.0,10.133929252624512,24.489999771118164,29.260000228881836,17.84000015258789,66.54000091552734,59.970001220703125
2010-10-01T13:30:00.0,10.09000015258789,24.3799991607666,29.559999465942383,17.786666870117188,66.83000183105469,60.15999984741211
2010-10-04T13:30:00.0,9.95142936706543,23.90999984741211,29.440000534057617,17.856666564941406,66.33000183105469,59.959999084472656
2010-10-05T13:30:00.0,10.319286346435547,24.350000381469727,29.829999923706055,18.0,68.5999984741211,60.81999969482422
2010-10-06T13:30:00.0,10.328213691711426,24.43000030517578,29.899999618530273,18.18666648864746,68.58000183105469,60.869998931884766
2010-10-07T13:30:00.0,10.329285621643066,24.530000686645508,29.719999313354492,18.1200008392334,68.45999908447266,60.79999923706055
2010-10-08T13:30:00.0,10.5024995803833,24.56999969482422,29.704999923706055,18.136667251586914,69.2300033569336,61.86000061035156
2010-10-11T13:30:00.0,10.54857063293457,24.59000015258789,29.780000686645508,18.203332901000977,69.98999786376953,62.13999938964844
2010-10-12T13:30:00.0,10.662142753601074,24.829999923706055,29.799999237060547,17.97333335876465,70.22000122070312,62.02000045776367
2010-10-13T13:30:00.0,10.71928596496582,25.34000015258789,29.969999313354492,17.940000534057617,71.47000122070312,62.630001068115234
2010-10-14T13:30:00.0,10.796786308288574,25.229999542236328,29.954999923706055,17.75,71.36000061035156,62.79999923706055
2010-10-15T13:30:00.0,11.240714073181152,25.540000915527344,29.969999313354492,17.78333282470703,70.11000061035156,62.7599983215332
2010-10-18T13:30:00.0,11.35714340209961,25.81999969482422,30.0,17.920000076293945,70.2300033569336,63.349998474121094
2010-10-19T13:30:00.0,11.053214073181152,25.100000381469727,30.170000076293945,17.773332595825195,69.05000305175781,63.18000030517578
2010-10-20T13:30:00.0,11.090356826782227,25.309999465942383,30.575000762939453,17.823333740234375,71.36000061035156,63.369998931884766
2010-10-21T13:30:00.0,11.054286003112793,25.420000076293945,30.735000610351562,18.010000228881836,71.5,63.5099983215332
2010-10-22T13:30:00.0,10.981071472167969,25.3799991607666,30.80500030517578,18.020000457763672,71.26000213623047,63.400001525878906
2010-10-25T13:30:00.0,11.029999732971191,25.190000534057617,30.5049991607666,17.983333587646484,71.66000366210938,63.540000915527344
2010-10-26T13:30:00.0,11.001786231994629,25.899999618530273,30.6200008392334,18.18666648864746,71.30000305175781,62.86000061035156
2010-10-27T13:30:00.0,10.993928909301758,26.049999237060547,30.594999313354492,17.956666946411133,70.86000061035156,63.08000183105469
2010-10-28T13:30:00.0,10.901429176330566,26.280000686645508,30.604999542236328,18.02666664123535,71.2699966430664,63.189998626708984
2010-10-29T13:30:00.0,10.749285697937012,26.670000076293945,30.65999984741211,18.05666732788086,70.63999938964844,63.56999969482422
2010-11-01T13:30:00.0,10.863571166992188,26.950000762939453,30.854999542236328,18.10333251953125,70.4800033569336,63.619998931884766
2010-11-02T13:30:00.0,11.04857063293457,27.389999389648438,30.93000030517578,18.26333236694336,69.77999877929688,64.0199966430664
2010-11-03T13:30:00.0,11.171428680419922,27.030000686645508,30.975000381469727,18.303333282470703,68.94000244140625,64.30999755859375
2010-11-04T13:30:00.0,11.366786003112793,27.139999389648438,31.225000381469727,18.453332901000977,70.8499984741211,65.0
2010-11-05T13:30:00.0,11.326070785522461,26.850000381469727,31.290000915527344,18.399999618530273,71.2699966430664,65.0
2010-11-08T14:30:00.0,11.37928581237793,26.809999465942383,31.229999542236328,18.303333282470703,70.20999908447266,64.75
2010-11-09T14:30:00.0,11.28857135772705,26.950000762939453,31.31999969482422,18.350000381469727,69.25,64.80999755859375
2010-11-10T14:30:00.0,11.358214378356934,26.940000534057617,31.274999618530273,18.170000076293945,67.06999969482422,64.56999969482422
2010-11-11T14:30:00.0,11.308929443359375,26.68000030517578,31.399999618530273,18.113332748413086,65.37000274658203,64.36000061035156
2010-11-12T14:30:00.0,11.001070976257324,26.270000457763672,31.459999084472656,18.043333053588867,63.09000015258789,64.33000183105469
2010-11-15T14:30:00.0,10.965714454650879,26.200000762939453,31.479999542236328,17.983333587646484,63.61000061035156,64.29000091552734
2010-11-16T14:30:00.0,10.771071434020996,25.809999465942383,31.040000915527344,18.086666107177734,62.779998779296875,63.45000076293945
2010-11-17T14:30:00.0,10.73214340209961,25.56999969482422,31.260000228881836,17.92333221435547,62.5,63.27000045776367
2010-11-18T14:30:00.0,11.01535701751709,25.84000015258789,31.920000076293945,17.99333381652832,64.61000061035156,64.0199966430664
2010-11-19T14:30:00.0,10.954643249511719,25.690000534057617,32.15999984741211,18.1299991607666,63.59000015258789,64.05000305175781
2010-11-22T14:30:00.0,11.191429138183594,25.729999542236328,32.1349983215332,18.126667022705078,64.02999877929688,63.560001373291016
2010-11-23T14:30:00.0,11.026070594787598,25.1200008392334,31.809999465942383,17.889999389648438,63.599998474121094,62.61000061035156
2010-11-24T14:30:00.0,11.242856979370117,25.3700008392334,32.30500030517578,18.003332138061523,65.41000366210938,62.599998474121094
2010-11-26T14:30:00.0,11.25,25.25,32.05500030517578,17.913333892822266,64.80000305175781,62.130001068115234
2010-11-29T14:30:00.0,11.31678581237793,25.309999465942383,31.69499969482422,17.950000762939453,64.36000061035156,62.130001068115234
2010-11-30T14:30:00.0,11.112500190734863,25.260000228881836,31.584999084472656,18.030000686645508,63.77000045776367,61.06999969482422
2010-12-01T14:30:00.0,11.300000190734863,26.040000915527344,32.349998474121094,18.233333587646484,65.72000122070312,62.150001525878906
2010-12-02T14:30:00.0,11.362500190734863,26.889999389648438,32.45000076293945,18.25,66.58999633789062,62.36000061035156
2010-12-03T14:30:00.0,11.337142944335938,27.020000457763672,32.25,18.206666946411133,66.54000091552734,62.33000183105469
2010-12-06T14:30:00.0,11.433929443359375,26.84000015258789,31.9950008392334,18.163333892822266,66.58999633789062,62.060001373291016
2010-12-07T14:30:00.0,11.364643096923828,26.8700008392334,32.06999969482422,18.363332748413086,66.2300033569336,62.150001525878906
2010-12-08T14:30:00.0,11.464642524719238,27.229999542236328,32.19499969482422,18.163333892822266,65.18000030517578,62.630001068115234
2010-12-09T14:30:00.0,11.420000076293945,27.079999923706055,32.415000915527344,18.113332748413086,64.61000061035156,62.869998931884766
2010-12-10T14:30:00.0,11.44857120513916,27.34000015258789,32.32500076293945,18.093332290649414,64.16000366210938,63.20000076293945
2010-12-13T14:30:00.0,11.488213539123535,27.25,32.42499923706055,18.06999969482422,63.790000915527344,63.189998626708984
2010-12-14T14:30:00.0,11.438928604125977,27.6200008392334,31.950000762939453,18.149999618530273,64.48999786376953,63.54999923706055
2010-12-15T14:30:00.0,11.441429138183594,27.850000381469727,32.369998931884766,18.07666778564453,64.23999786376953,63.63999938964844
2010-12-16T14:30:00.0,11.473214149475098,27.989999771118164,32.66999816894531,18.209999084472656,64.4000015258789,64.5
2010-12-17T14:30:00.0,11.450357437133789,27.899999618530273,32.849998474121094,18.136667251586914,65.02999877929688,64.80999755859375
2010-12-20T14:30:00.0,11.507499694824219,27.809999465942383,32.654998779296875,17.92333221435547,63.27000045776367,64.97000122070312
2010-12-21T14:30:00.0,11.578571319580078,28.06999969482422,32.744998931884766,17.883333206176758,64.19000244140625,64.87000274658203
2010-12-22T14:30:00.0,11.6128568649292,28.190000534057617,32.79499816894531,17.770000457763672,64.61000061035156,64.94999694824219
2010-12-23T14:30:00.0,11.557143211364746,28.299999237060547,32.790000915527344,17.866666793823242,65.05999755859375,65.23999786376953
2010-12-27T14:30:00.0,11.59571361541748,28.06999969482422,32.53499984741211,17.856666564941406,64.75,64.66999816894531
2010-12-28T14:30:00.0,11.623929023742676,28.010000228881836,32.68000030517578,17.913333892822266,64.86000061035156,64.76000213623047
2010-12-29T14:30:00.0,11.617500305175781,27.969999313354492,32.724998474121094,18.02666664123535,65.05000305175781,64.4000015258789
2010-12-30T14:30:00.0,11.559286117553711,27.850000381469727,32.75,18.023332595825195,65.01000213623047,64.27999877929688
2010-12-31T14:30:00.0,11.520000457763672,27.90999984741211,32.8849983215332,17.976667404174805,65.26000213623047,64.33000183105469
2011-01-03T14:30:00.0,11.770357131958008,27.979999542236328,32.61000061035156,18.18666648864746,66.4000015258789,64.7699966430664
2011-01-04T14:30:00.0,11.831786155700684,28.09000015258789,31.934999465942383,18.25666618347168,66.94000244140625,64.94999694824219
2011-01-05T14:30:00.0,11.928570747375488,28.0,31.7450008392334,18.136667251586914,67.4800033569336,64.80000305175781
2011-01-06T14:30:00.0,11.918929100036621,28.81999969482422,31.514999389648438,17.98666763305664,68.80000305175781,64.69000244140625
2011-01-07T14:30:00.0,12.00428581237793,28.600000381469727,31.459999084472656,18.02666664123535,69.37999725341797,64.5
2011-01-10T14:30:00.0,12.23035717010498,28.219999313354492,31.530000686645508,17.90999984741211,69.08999633789062,64.36000061035156
2011-01-11T14:30:00.0,12.20142936706543,28.110000610351562,31.344999313354492,18.09666633605957,68.95999908447266,64.04000091552734
2011-01-12T14:30:00.0,12.300713539123535,28.549999237060547,31.520000457763672,18.28333282470703,70.1500015258789,64.97000122070312
2011-01-13T14:30:00.0,12.34571361541748,28.190000534057617,31.700000762939453,18.26333236694336,69.83000183105469,65.4800033569336
2011-01-14T14:30:00.0,12.445713996887207,28.299999237060547,31.565000534057617,18.270000457763672,70.06999969482422,65.52999877929688
2011-01-18T14:30:00.0,12.166070938110352,28.65999984741211,31.739999771118164,18.3799991607666,72.47000122070312,65.5
2011-01-19T14:30:00.0,12.101428985595703,28.469999313354492,31.709999084472656,18.343332290649414,71.7300033569336,65.3499984741211
2011-01-20T14:30:00.0,11.881428718566895,28.350000381469727,31.46500015258789,18.663333892822266,71.12000274658203,65.80000305175781
2011-01-21T14:30:00.0,11.668571472167969,28.020000457763672,31.385000228881836,18.57666778564453,71.68000030517578,65.91000366210938
2011-01-24T14:30:00.0,12.051786422729492,28.3799991607666,31.625,18.683332443237305,72.7300033569336,66.58000183105469
2011-01-25T14:30:00.0,12.192856788635254,28.450000762939453,31.479999542236328,19.086666107177734,72.23999786376953,66.69999694824219
2011-01-26T14:30:00.0,12.280357360839844,28.780000686645508,31.479999542236328,19.106666564941406,70.0199966430664,66.11000061035156
2011-01-27T14:30:00.0,12.257499694824219,28.8700008392334,31.350000381469727,19.190000534057617,70.55999755859375,64.18000030517578
2011-01-28T14:30:00.0,12.003570556640625,27.75,31.104999542236328,18.899999618530273,69.2300033569336,64.19999694824219
2011-01-31T14:30:00.0,12.118571281433105,27.729999542236328,31.424999237060547,18.690000534057617,69.4800033569336,63.130001068115234
2011-02-01T14:30:00.0,12.322500228881836,27.989999771118164,31.524999618530273,18.77666664123535,70.29000091552734,62.91999816894531
2011-02-02T14:30:00.0,12.29714298248291,27.940000534057617,31.43000030517578,18.6200008392334,71.0,62.790000915527344
2011-02-03T14:30:00.0,12.265713691711426,27.649999618530273,31.28499984741211,18.639999389648438,70.9800033569336,62.900001525878906
2011-02-04T14:30:00.0,12.375,27.770000457763672,31.280000686645508,18.676666259765625,71.37999725341797,63.61000061035156
2011-02-07T14:30:00.0,12.567143440246582,28.200000762939453,31.260000228881836,18.690000534057617,71.93000030517578,64.55000305175781
2011-02-08T14:30:00.0,12.685713768005371,28.280000686645508,31.434999465942383,18.793333053588867,72.70999908447266,64.63999938964844
2011-02-09T14:30:00.0,12.791428565979004,27.969999313354492,31.575000762939453,18.90999984741211,72.62999725341797,64.38999938964844
2011-02-10T14:30:00.0,12.662142753601074,27.5,31.770000457763672,18.530000686645508,72.66000366210938,64.58000183105469
2011-02-11T14:30:00.0,12.744643211364746,27.25,31.78499984741211,18.56333351135254,72.13999938964844,64.7300033569336
2011-02-14T14:30:00.0,12.82785701751709,27.229999542236328,31.56999969482422,18.266666412353516,72.26000213623047,64.54000091552734
2011-02-15T14:30:00.0,12.853570938110352,26.959999084472656,31.594999313354492,18.316667556762695,71.4000015258789,63.91999816894531
2011-02-16T14:30:00.0,12.968929290771484,27.020000457763672,31.700000762939453,18.183332443237305,72.4800033569336,63.7599983215332
2011-02-17T14:30:00.0,12.796428680419922,27.209999084472656,32.275001525878906,18.25,72.23999786376953,64.0
2011-02-18T14:30:00.0,12.520000457763672,27.059999465942383,32.275001525878906,18.459999084472656,73.04000091552734,64.30000305175781
2011-02-22T14:30:00.0,12.09321403503418,26.59000015258789,31.8799991607666,17.889999389648438,70.93000030517578,64.06999969482422
2011-02-23T14:30:00.0,12.236429214477539,26.59000015258789,31.954999923706055,17.676666259765625,70.2300033569336,64.1500015258789
2011-02-24T14:30:00.0,12.24571418762207,26.770000457763672,31.940000534057617,17.363332748413086,70.76000213623047,63.04999923706055
2011-02-25T14:30:00.0,12.434286117553711,26.549999237060547,32.154998779296875,17.25,72.30000305175781,62.84000015258789
2011-02-28T14:30:00.0,12.614643096923828,26.579999923706055,31.959999084472656,17.32666778564453,72.01000213623047,63.04999923706055
2011-03-01T14:30:00.0,12.475357055664062,26.15999984741211,32.45500183105469,17.356666564941406,70.12000274658203,62.7400016784668
2011-03-02T14:30:00.0,12.575714111328125,26.079999923706055,32.21500015258789,17.323333740234375,69.56999969482422,62.40999984741211
2011-03-03T14:30:00.0,12.841428756713867,26.200000762939453,32.78499984741211,17.336666107177734,71.70999908447266,62.54999923706055
2011-03-04T14:30:00.0,12.85714340209961,25.950000762939453,32.60499954223633,17.356666564941406,71.80000305175781,62.029998779296875
2011-03-07T14:30:00.0,12.691429138183594,25.719999313354492,32.61000061035156,17.34000015258789,70.87999725341797,61.709999084472656
2011-03-08T14:30:00.0,12.705714225769043,25.90999984741211,32.81999969482422,17.479999542236328,72.04000091552734,62.04999923706055
2011-03-09T14:30:00.0,12.588213920593262,25.889999389648438,32.810001373291016,17.55666732788086,72.08999633789062,62.0
2011-03-10T14:30:00.0,12.381071090698242,25.40999984741211,32.64500045776367,17.549999237060547,71.29000091552734,61.4900016784668
2011-03-11T14:30:00.0,12.571070671081543,25.68000030517578,32.404998779296875,17.530000686645508,71.63999938964844,61.4900016784668
2011-03-14T13:30:00.0,12.627142906188965,25.690000534057617,31.969999313354492,17.440000534057617,70.73999786376953,61.349998474121094
2011-03-15T13:30:00.0,12.336786270141602,25.389999389648438,31.514999389648438,17.35333251953125,69.69000244140625,60.65999984741211
2011-03-16T13:30:00.0,11.786070823669434,24.790000915527344,30.799999237060547,17.126667022705078,67.69000244140625,59.72999954223633
2011-03-17T13:30:00.0,11.95142936706543,24.780000686645508,31.139999389648438,17.123332977294922,68.30000305175781,60.43000030517578
2011-03-18T13:30:00.0,11.809642791748047,24.799999237060547,31.350000381469727,17.17333221435547,69.0999984741211,60.599998474121094
2011-03-21T13:30:00.0,12.117856979370117,25.329999923706055,31.78499984741211,17.30666732788086,71.19999694824219,61.29999923706055
2011-03-22T13:30:00.0,12.185713768005371,25.299999237060547,31.7549991607666,17.333332061767578,71.8499984741211,60.93000030517578
2011-03-23T13:30:00.0,12.11392879486084,25.540000915527344,32.1349983215332,17.213333129882812,72.72000122070312,60.90999984741211
2011-03-24T13:30:00.0,12.320357322692871,25.809999465942383,32.345001220703125,17.530000686645508,72.76000213623047,61.13999938964844
2011-03-25T13:30:00.0,12.555000305175781,25.6200008392334,32.61000061035156,17.450000762939453,73.33999633789062,60.880001068115234
2011-03-28T13:30:00.0,12.515713691711426,25.40999984741211,32.51499938964844,17.39666748046875,73.30000305175781,60.65999984741211
2011-03-29T13:30:00.0,12.534285545349121,25.489999771118164,32.86000061035156,17.420000076293945,73.62000274658203,61.279998779296875
2011-03-30T13:30:00.0,12.451070785522461,25.610000610351562,33.02000045776367,17.453332901000977,73.80000305175781,61.970001220703125
2011-03-31T13:30:00.0,12.446785926818848,25.389999389648438,33.16999816894531,17.350000381469727,73.93000030517578,61.599998474121094
2011-04-01T13:30:00.0,12.305713653564453,25.479999542236328,33.61000061035156,17.376667022705078,74.01000213623047,62.08000183105469
2011-04-04T13:30:00.0,12.185357093811035,25.549999237060547,33.83000183105469,17.549999237060547,73.94999694824219,62.2599983215332
2011-04-05T13:30:00.0,12.103214263916016,25.780000686645508,33.73500061035156,17.579999923706055,73.2300033569336,61.66999816894531
2011-04-06T13:30:00.0,12.072856903076172,26.149999618530273,33.814998626708984,17.65999984741211,73.72000122070312,61.7599983215332
2011-04-07T13:30:00.0,12.074286460876465,26.200000762939453,33.720001220703125,17.666667938232422,74.29000091552734,62.130001068115234
2011-04-08T13:30:00.0,11.966428756713867,26.06999969482422,33.6349983215332,17.51333236694336,73.47000122070312,61.900001525878906
2011-04-11T13:30:00.0,11.814286231994629,25.979999542236328,33.70000076293945,17.606666564941406,73.76000213623047,62.189998626708984
2011-04-12T13:30:00.0,11.871429443359375,25.639999389648438,33.45000076293945,17.84000015258789,73.08000183105469,62.88999938964844
2011-04-13T13:30:00.0,12.004643440246582,25.6299991607666,33.63999938964844,17.876667022705078,72.12999725341797,62.9900016784668
2011-04-14T13:30:00.0,11.872142791748047,25.420000076293945,34.154998779296875,17.833332061767578,72.30000305175781,63.29999923706055
2011-04-15T13:30:00.0,11.694999694824219,25.3700008392334,34.005001068115234,17.850000381469727,72.5999984741211,64.18000030517578
2011-04-18T13:30:00.0,11.851785659790039,25.079999923706055,33.654998779296875,17.770000457763672,72.79000091552734,64.0
2011-04-19T13:30:00.0,12.066429138183594,25.149999618530273,33.54499816894531,17.78333282470703,73.1500015258789,63.86000061035156
2011-04-20T13:30:00.0,12.228928565979004,25.760000228881836,33.92499923706055,17.89666748046875,75.06999969482422,63.720001220703125
2011-04-21T13:30:00.0,12.524999618530273,25.520000457763672,33.939998626708984,17.860000610351562,75.44000244140625,63.27000045776367
2011-04-25T13:30:00.0,12.607500076293945,25.610000610351562,33.869998931884766,17.790000915527344,74.9000015258789,63.369998931884766
2011-04-26T13:30:00.0,12.515000343322754,26.190000534057617,33.46500015258789,17.969999313354492,75.55000305175781,63.83000183105469
2011-04-27T13:30:00.0,12.505356788635254,26.3799991607666,33.5,18.139999389648438,76.12000274658203,64.0199966430664
2011-04-28T13:30:00.0,12.383929252624512,26.709999084472656,33.70500183105469,18.229999542236328,78.55000305175781,64.5
2011-04-29T13:30:00.0,12.504643440246582,25.920000076293945,33.72999954223633,18.32666778564453,79.77999877929688,64.9000015258789
2011-05-02T13:30:00.0,12.367142677307129,25.65999984741211,33.86000061035156,18.34666633605957,79.52999877929688,65.18000030517578
2011-05-03T13:30:00.0,12.435713768005371,25.809999465942383,33.939998626708984,18.48666763305664,79.51000213623047,65.70999908447266
2011-05-04T13:30:00.0,12.48464298248291,26.059999465942383,33.72999954223633,18.456666946411133,78.83999633789062,66.47000122070312
2011-05-05T13:30:00.0,12.383929252624512,25.790000915527344,33.349998474121094,18.356666564941406,78.44999694824219,65.87999725341797
2011-05-06T13:30:00.0,12.380714416503906,25.8700008392334,33.45000076293945,18.34000015258789,79.30999755859375,65.2699966430664
2011-05-09T13:30:00.0,12.414285659790039,25.829999923706055,33.474998474121094,18.366666793823242,79.63999938964844,65.13999938964844
2011-05-10T13:30:00.0,12.48035717010498,25.670000076293945,33.66999816894531,18.510000228881836,79.94999694824219,65.7300033569336
2011-05-11T13:30:00.0,12.401070594787598,25.360000610351562,33.65999984741211,18.389999389648438,79.08000183105469,65.91999816894531
2011-05-12T13:30:00.0,12.3774995803833,25.31999969482422,34.154998779296875,18.573333740234375,79.41000366210938,66.83999633789062
2011-05-13T13:30:00.0,12.160714149475098,25.030000686645508,34.09000015258789,18.573333740234375,79.02999877929688,66.86000061035156
2011-05-16T13:30:00.0,11.903571128845215,24.56999969482422,33.915000915527344,18.68666648864746,77.7699966430664,66.94000244140625
2011-05-17T13:30:00.0,12.005000114440918,24.520000457763672,33.994998931884766,18.51333236694336,76.68000030517578,67.41999816894531
2011-05-18T13:30:00.0,12.138214111328125,24.690000534057617,34.150001525878906,18.393333435058594,77.13999938964844,67.37999725341797
2011-05-19T13:30:00.0,12.161786079406738,24.719999313354492,34.22999954223633,18.49333381652832,78.0199966430664,67.45999908447266
2011-05-20T13:30:00.0,11.972143173217773,24.489999771118164,34.150001525878906,18.43000030517578,77.5199966430664,67.36000061035156
2011-05-23T13:30:00.0,11.942856788635254,24.170000076293945,33.744998931884766,18.406667709350586,76.27999877929688,67.05000305175781
2011-05-24T13:30:00.0,11.86392879486084,24.149999618530273,33.73500061035156,18.260000228881836,75.56999969482422,67.01000213623047
2011-05-25T13:30:00.0,12.027856826782227,24.190000534057617,33.45500183105469,18.18666648864746,76.31999969482422,66.37999725341797
2011-05-26T13:30:00.0,11.964285850524902,24.670000076293945,33.349998474121094,18.206666946411133,76.66000366210938,66.19000244140625
2011-05-27T13:30:00.0,12.0503568649292,24.760000228881836,33.255001068115234,18.233333587646484,76.98999786376953,66.19999694824219
2011-05-31T13:30:00.0,12.422499656677246,25.010000228881836,33.404998779296875,18.406667709350586,78.02999877929688,67.0
2011-06-01T13:30:00.0,12.339642524719238,24.43000030517578,33.380001068115234,18.100000381469727,75.3499984741211,66.4000015258789
2011-06-02T13:30:00.0,12.360713958740234,24.219999313354492,33.02000045776367,17.850000381469727,75.69000244140625,66.01000213623047
2011-06-03T13:30:00.0,12.265713691711426,23.90999984741211,32.76499938964844,17.886667251586914,74.83999633789062,65.43000030517578
2011-06-06T13:30:00.0,12.072856903076172,24.010000228881836,32.709999084472656,17.920000076293945,74.58000183105469,65.5
2011-06-07T13:30:00.0,11.85857105255127,24.059999465942383,32.599998474121094,17.94333267211914,74.18000030517578,65.05999755859375
2011-06-08T13:30:00.0,11.865714073181152,23.940000534057617,32.70000076293945,17.89666748046875,73.8499984741211,64.8499984741211
2011-06-09T13:30:00.0,11.838929176330566,23.959999084472656,32.94499969482422,17.873332977294922,74.18000030517578,65.01000213623047
2011-06-10T13:30:00.0,11.639286041259766,23.709999084472656,32.69499969482422,17.573333740234375,72.69000244140625,64.69999694824219
2011-06-13T13:30:00.0,11.664285659790039,24.040000915527344,32.560001373291016,17.540000915527344,72.94000244140625,64.7699966430664
2011-06-14T13:30:00.0,11.872857093811035,24.219999313354492,32.80500030517578,17.636667251586914,74.63999938964844,64.76000213623047
2011-06-15T13:30:00.0,11.66964340209961,23.739999771118164,32.48500061035156,17.440000534057617,73.8499984741211,63.7599983215332
2011-06-16T13:30:00.0,11.6128568649292,24.0,32.744998931884766,17.610000610351562,74.01000213623047,64.26000213623047
2011-06-17T13:30:00.0,11.437856674194336,24.260000228881836,32.810001373291016,17.606666564941406,74.16000366210938,64.69000244140625
2011-06-20T13:30:00.0,11.261428833007812,24.469999313354492,32.915000915527344,17.68000030517578,74.5199966430664,65.08999633789062
2011-06-21T13:30:00.0,11.617856979370117,24.760000228881836,33.130001068115234,17.76333236694336,73.9800033569336,64.22000122070312
2011-06-22T13:30:00.0,11.521785736083984,24.649999618530273,33.20000076293945,17.670000076293945,72.12000274658203,64.05999755859375
2011-06-23T13:30:00.0,11.829643249511719,24.6299991607666,32.4900016784668,17.76333236694336,71.25,63.459999084472656
2011-06-24T13:30:00.0,11.655357360839844,24.299999237060547,32.46500015258789,17.469999313354492,71.26000213623047,62.59000015258789
2011-06-27T13:30:00.0,11.85857105255127,25.200000762939453,32.60499954223633,17.43000030517578,71.62000274658203,62.81999969482422
2011-06-28T13:30:00.0,11.973570823669434,25.799999237060547,33.01499938964844,17.510000228881836,72.08999633789062,62.720001220703125
2011-06-29T13:30:00.0,11.930000305175781,25.6200008392334,33.35499954223633,17.546667098999023,72.72000122070312,62.54999923706055
2011-06-30T13:30:00.0,11.988213539123535,26.0,33.64500045776367,17.713333129882812,73.93000030517578,63.56999969482422
2011-07-01T13:30:00.0,12.259285926818848,26.020000457763672,34.04499816894531,17.836666107177734,74.2699966430664,64.2699966430664
2011-07-05T13:30:00.0,12.479642868041992,26.030000686645508,34.150001525878906,17.796667098999023,74.1500015258789,64.26000213623047
2011-07-06T13:30:00.0,12.562856674194336,26.329999923706055,34.26499938964844,17.906667709350586,74.73999786376953,64.69999694824219
2011-07-07T13:30:00.0,12.757143020629883,26.770000457763672,34.375,18.163333892822266,75.98999786376953,64.94999694824219
2011-07-08T13:30:00.0,12.846785545349121,26.920000076293945,34.34000015258789,18.02666664123535,75.06999969482422,64.93000030517578
2011-07-11T13:30:00.0,12.64285659790039,26.6299991607666,34.04999923706055,17.956666946411133,73.3499984741211,64.72000122070312
2011-07-12T13:30:00.0,12.633929252624512,26.540000915527344,33.92499923706055,17.979999542236328,71.93000030517578,64.52999877929688
2011-07-13T13:30:00.0,12.786429405212402,26.6299991607666,34.029998779296875,18.00666618347168,72.16999816894531,64.63999938964844
2011-07-14T13:30:00.0,12.77750015258789,26.469999313354492,33.834999084472656,17.876667022705078,71.19000244140625,64.5999984741211
2011-07-15T13:30:00.0,13.032856941223145,26.780000686645508,33.76499938964844,17.876667022705078,71.27999877929688,64.83000183105469
2011-07-18T13:30:00.0,13.350000381469727,26.59000015258789,33.560001373291016,17.773332595825195,69.55000305175781,64.55000305175781
2011-07-19T13:30:00.0,13.458929061889648,27.540000915527344,34.65999984741211,17.989999771118164,70.52999877929688,64.61000061035156
2011-07-20T13:30:00.0,13.817856788635254,27.059999465942383,34.435001373291016,17.963333129882812,72.06999969482422,64.19999694824219
2011-07-21T13:30:00.0,13.831786155700684,27.100000381469727,34.66999816894531,18.156667709350586,72.88999938964844,64.48999786376953
2011-07-22T13:30:00.0,14.046428680419922,27.530000686645508,34.8650016784668,18.17333221435547,72.66999816894531,64.25
2011-07-25T13:30:00.0,14.23214340209961,27.90999984741211,34.630001068115234,17.989999771118164,71.30999755859375,63.310001373291016
2011-07-26T13:30:00.0,14.407500267028809,28.079999923706055,34.595001220703125,17.863332748413086,70.16000366210938,63.09000015258789
2011-07-27T13:30:00.0,14.021071434020996,27.329999923706055,34.345001220703125,17.75,70.62999725341797,62.20000076293945
2011-07-28T13:30:00.0,13.993571281433105,27.719999313354492,34.404998779296875,17.663333892822266,70.66000366210938,61.91999816894531
2011-07-29T13:30:00.0,13.945713996887207,27.399999618530273,34.005001068115234,17.56999969482422,70.47000122070312,61.4900016784668
2011-08-01T13:30:00.0,14.16964340209961,27.270000457763672,33.8650016784668,17.540000915527344,70.33000183105469,61.43000030517578
2011-08-02T13:30:00.0,13.889642715454102,26.799999237060547,33.53499984741211,17.226667404174805,67.69999694824219,60.869998931884766
2011-08-03T13:30:00.0,14.020357131958008,26.920000076293945,34.20000076293945,17.093332290649414,67.33999633789062,60.72999954223633
2011-08-04T13:30:00.0,13.477499961853027,25.940000534057617,32.90999984741211,16.700000762939453,63.09000015258789,59.58000183105469
2011-08-05T13:30:00.0,13.343570709228516,25.68000030517578,33.3849983215332,16.950000762939453,62.75,60.59000015258789
2011-08-08T13:30:00.0,12.614643096923828,24.479999542236328,32.560001373291016,16.30666732788086,58.709999084472656,59.290000915527344
2011-08-09T13:30:00.0,13.357500076293945,25.579999923706055,33.34000015258789,16.940000534057617,62.34000015258789,60.220001220703125
2011-08-10T13:30:00.0,12.98892879486084,24.200000762939453,31.979999542236328,16.136667251586914,57.40999984741211,58.5099983215332
2011-08-11T13:30:00.0,13.346428871154785,25.190000534057617,33.23500061035156,16.57666778564453,58.849998474121094,60.45000076293945
2011-08-12T13:30:00.0,13.463929176330566,25.100000381469727,33.56999969482422,16.583332061767578,61.75,61.13999938964844
2011-08-15T13:30:00.0,13.693214416503906,25.510000228881836,34.099998474121094,16.65999984741211,62.70000076293945,61.880001068115234
2011-08-16T13:30:00.0,13.588570594787598,25.350000381469727,34.084999084472656,17.30666732788086,62.22999954223633,61.619998931884766
2011-08-17T13:30:00.0,13.587142944335938,25.25,34.63999938964844,17.183332443237305,62.18000030517578,61.66999816894531
2011-08-18T13:30:00.0,13.073213577270508,24.670000076293945,33.880001068115234,17.26333236694336,58.93000030517578,60.86000061035156
2011-08-19T13:30:00.0,12.715356826782227,24.049999237060547,33.54999923706055,17.433332443237305,57.540000915527344,60.959999084472656
2011-08-22T13:30:00.0,12.729999542236328,23.979999542236328,33.6349983215332,17.39666748046875,58.380001068115234,61.709999084472656
2011-08-23T13:30:00.0,13.342857360839844,24.719999313354492,34.529998779296875,17.73666763305664,60.77000045776367,63.02000045776367
2011-08-24T13:30:00.0,13.4350004196167,24.899999618530273,34.84000015258789,17.790000915527344,61.689998626708984,63.310001373291016
2011-08-25T13:30:00.0,13.347143173217773,24.56999969482422,33.98500061035156,17.566667556762695,61.099998474121094,62.529998779296875
2011-08-26T13:30:00.0,13.699286460876465,25.25,34.25,17.633333206176758,62.79999923706055,62.56999969482422
2011-08-29T13:30:00.0,13.927499771118164,25.84000015258789,34.8650016784668,17.729999542236328,64.5999984741211,63.09000015258789
2011-08-30T13:30:00.0,13.928214073181152,26.229999542236328,34.93000030517578,17.606666564941406,66.02999877929688,63.5
2011-08-31T13:30:00.0,13.743928909301758,26.600000381469727,35.224998474121094,17.729999542236328,66.86000061035156,63.68000030517578
2011-09-01T13:30:00.0,13.608214378356934,26.209999084472656,35.224998474121094,17.549999237060547,66.05000305175781,63.2599983215332
2011-09-02T13:30:00.0,13.358928680419922,25.799999237060547,34.869998931884766,17.343332290649414,64.02999877929688,62.54999923706055
2011-09-06T13:30:00.0,13.562143325805664,25.510000228881836,34.71500015258789,17.226667404174805,62.77000045776367,62.380001068115234
2011-09-07T13:30:00.0,13.711786270141602,26.0,35.400001525878906,17.47333335876465,64.9000015258789,62.720001220703125
2011-09-08T13:30:00.0,13.71928596496582,26.219999313354492,35.584999084472656,17.40333366394043,62.810001373291016,62.90999984741211
2011-09-09T13:30:00.0,13.481429100036621,25.739999771118164,34.685001373291016,17.1200008392334,61.790000915527344,61.84000015258789
2011-09-12T13:30:00.0,13.569286346435547,25.889999389648438,34.689998626708984,17.273332595825195,62.38999938964844,61.83000183105469
2011-09-13T13:30:00.0,13.736429214477539,26.040000915527344,34.54999923706055,17.196666717529297,62.849998474121094,61.939998626708984
2011-09-14T13:30:00.0,13.903571128845215,26.5,34.8849983215332,17.399999618530273,63.029998779296875,62.34000015258789
2011-09-15T13:30:00.0,14.034285545349121,26.989999771118164,35.5099983215332,17.503332138061523,64.31999969482422,62.779998779296875
2011-09-16T13:30:00.0,14.303570747375488,27.1200008392334,35.6150016784668,17.549999237060547,65.37999725341797,64.33000183105469
2011-09-19T13:30:00.0,14.701070785522461,27.209999084472656,35.244998931884766,17.483333587646484,64.1500015258789,63.810001373291016
2011-09-20T13:30:00.0,14.766071319580078,26.979999542236328,35.32500076293945,17.43000030517578,63.560001373291016,64.08000183105469
2011-09-21T13:30:00.0,14.71928596496582,25.989999771118164,34.63999938964844,17.106666564941406,61.02000045776367,63.02000045776367
2011-09-22T13:30:00.0,14.350713729858398,25.059999465942383,33.90999984741211,16.760000228881836,58.720001220703125,61.16999816894531
2011-09-23T13:30:00.0,14.439286231994629,25.059999465942383,33.709999084472656,16.933332443237305,59.5099983215332,61.25
2011-09-26T13:30:00.0,14.39892864227295,25.440000534057617,34.380001068115234,17.27666664123535,62.0099983215332,62.540000915527344
2011-09-27T13:30:00.0,14.259285926818848,25.670000076293945,34.78499984741211,17.343332290649414,62.779998779296875,63.2599983215332
2011-09-28T13:30:00.0,14.178929328918457,25.579999923706055,34.029998779296875,17.10333251953125,61.91999816894531,62.72999954223633
2011-09-29T13:30:00.0,13.948928833007812,25.450000762939453,34.525001525878906,17.309999465942383,62.369998931884766,63.70000076293945
2011-09-30T13:30:00.0,13.618571281433105,24.889999389648438,33.779998779296875,17.299999237060547,60.5099983215332,63.18000030517578
2011-10-03T13:30:00.0,13.378570556640625,24.530000686645508,32.709999084472656,17.31999969482422,58.25,62.84000015258789
2011-10-04T13:30:00.0,13.303570747375488,25.34000015258789,32.6150016784668,17.626667022705078,59.13999938964844,63.369998931884766
2011-10-05T13:30:00.0,13.508929252624512,25.889999389648438,32.76499938964844,17.549999237060547,59.959999084472656,63.34000015258789
2011-10-06T13:30:00.0,13.477499961853027,26.34000015258789,32.69499969482422,17.583332061767578,61.47999954223633,63.61000061035156
2011-10-07T13:30:00.0,13.20714282989502,26.25,32.95000076293945,17.899999618530273,61.810001373291016,63.90999984741211
2011-10-10T13:30:00.0,13.88607120513916,26.940000534057617,33.45000076293945,18.270000457763672,64.02999877929688,64.80000305175781
2011-10-11T13:30:00.0,14.29607105255127,27.0,33.400001525878906,18.239999771118164,63.970001220703125,64.56999969482422
2011-10-12T13:30:00.0,14.36392879486084,26.959999084472656,33.7400016784668,18.399999618530273,64.31999969482422,64.88999938964844
2011-10-13T13:30:00.0,14.586786270141602,27.18000030517578,33.70000076293945,18.34000015258789,63.529998779296875,64.6500015258789
2011-10-14T13:30:00.0,15.071429252624512,27.270000457763672,33.92499923706055,18.48666763305664,63.88999938964844,64.88999938964844
2011-10-17T13:30:00.0,14.999643325805664,26.979999542236328,33.5,18.260000228881836,61.779998779296875,64.26000213623047
2011-10-18T13:30:00.0,15.079999923706055,27.309999465942383,33.369998931884766,18.6299991607666,63.470001220703125,64.91999816894531
2011-10-19T13:30:00.0,14.236429214477539,27.1299991607666,33.51499938964844,18.75,63.11000061035156,64.75
2011-10-20T13:30:00.0,14.118213653564453,27.040000915527344,33.560001373291016,18.790000915527344,62.4900016784668,65.08999633789062
2011-10-21T13:30:00.0,14.031070709228516,27.15999984741211,34.095001220703125,18.97333335876465,64.58999633789062,66.26000213623047
2011-10-24T13:30:00.0,14.491786003112793,27.190000534057617,33.935001373291016,18.926666259765625,64.75,65.37000274658203
2011-10-25T13:30:00.0,14.206070899963379,26.809999465942383,33.474998474121094,18.90333366394043,63.720001220703125,64.51000213623047
2011-10-26T13:30:00.0,14.307143211364746,26.59000015258789,33.73500061035156,19.123332977294922,66.55999755859375,64.94999694824219
2011-10-27T13:30:00.0,14.453213691711426,27.25,34.28499984741211,19.270000457763672,67.48999786376953,65.26000213623047
2011-10-28T13:30:00.0,14.462499618530273,26.979999542236328,34.46500015258789,19.049999237060547,68.16999816894531,64.7300033569336
2011-10-31T13:30:00.0,14.456428527832031,26.6299991607666,34.15999984741211,18.906667709350586,65.79000091552734,63.9900016784668
2011-11-01T13:30:00.0,14.161070823669434,25.989999771118164,33.52000045776367,18.74333381652832,63.16999816894531,62.709999084472656
2011-11-02T13:30:00.0,14.193214416503906,26.010000228881836,33.8849983215332,18.953332901000977,64.4000015258789,62.86000061035156
2011-11-03T13:30:00.0,14.395357131958008,26.530000686645508,34.32500076293945,19.139999389648438,66.19000244140625,63.209999084472656
2011-11-04T13:30:00.0,14.294285774230957,26.25,33.88999938964844,19.166667938232422,65.80000305175781,63.029998779296875
2011-11-07T14:30:00.0,14.276070594787598,26.799999237060547,34.10499954223633,19.31333351135254,66.29000091552734,63.459999084472656
2011-11-08T14:30:00.0,14.508213996887207,27.15999984741211,34.32500076293945,19.773332595825195,66.6500015258789,64.20999908447266
2011-11-09T14:30:00.0,14.117142677307129,26.200000762939453,33.51499938964844,19.350000381469727,64.55000305175781,62.720001220703125
2011-11-10T14:30:00.0,13.757857322692871,26.280000686645508,33.69499969482422,19.376667022705078,64.83000183105469,63.2400016784668
2011-11-11T14:30:00.0,13.736429214477539,26.90999984741211,34.060001373291016,19.733333587646484,66.91999816894531,63.88999938964844
2011-11-14T14:30:00.0,13.545000076293945,26.760000228881836,33.89500045776367,19.6299991607666,67.94000244140625,63.04999923706055
2011-11-15T14:30:00.0,13.886786460876465,26.739999771118164,34.0,19.15333366394043,67.94000244140625,63.560001373291016
2011-11-16T14:30:00.0,13.741786003112793,26.06999969482422,33.505001068115234,18.893333435058594,66.33999633789062,63.279998779296875
2011-11-17T14:30:00.0,13.478928565979004,25.540000915527344,33.310001373291016,18.90999984741211,66.08999633789062,62.939998626708984
2011-11-18T14:30:00.0,13.390713691711426,25.299999237060547,33.69499969482422,19.07666778564453,67.45999908447266,63.2400016784668
2011-11-21T14:30:00.0,13.178929328918457,25.0,32.974998474121094,18.886667251586914,65.55999755859375,61.65999984741211
2011-11-22T14:30:00.0,13.446785926818848,24.790000915527344,32.98500061035156,18.950000762939453,64.3499984741211,61.689998626708984
2011-11-23T14:30:00.0,13.106785774230957,24.469999313354492,32.435001373291016,18.8799991607666,62.36000061035156,61.060001373291016
2011-11-25T14:30:00.0,12.98464298248291,24.299999237060547,32.369998931884766,18.963333129882812,62.779998779296875,61.0
2011-11-28T14:30:00.0,13.432856559753418,24.8700008392334,32.584999084472656,19.083332061767578,64.98999786376953,62.2400016784668
2011-11-29T14:30:00.0,13.328571319580078,24.84000015258789,33.095001220703125,19.389999389648438,65.26000213623047,62.529998779296875
2011-11-30T14:30:00.0,13.649999618530273,25.579999923706055,33.6150016784668,19.633333206176758,68.69000244140625,64.56999969482422
2011-12-01T14:30:00.0,13.854642868041992,25.280000686645508,33.415000915527344,19.536666870117188,70.9800033569336,64.08000183105469
2011-12-02T14:30:00.0,13.91785717010498,25.219999313354492,33.189998626708984,19.363332748413086,71.30000305175781,64.66000366210938
2011-12-05T14:30:00.0,14.036070823669434,25.700000762939453,33.154998779296875,19.446666717529297,71.08999633789062,64.83999633789062
2011-12-06T14:30:00.0,13.962499618530273,25.65999984741211,33.34000015258789,19.593332290649414,70.87000274658203,64.83999633789062
2011-12-07T14:30:00.0,13.896071434020996,25.600000381469727,33.38999938964844,19.503332138061523,70.5999984741211,65.2300033569336
2011-12-08T14:30:00.0,13.952142715454102,25.399999618530273,33.3650016784668,19.32666778564453,70.16999816894531,64.47000122070312
2011-12-09T14:30:00.0,14.057856559753418,25.700000762939453,33.78499984741211,19.440000534057617,71.93000030517578,64.97000122070312
2011-12-12T14:30:00.0,13.994285583496094,25.510000228881836,33.44499969482422,19.363332748413086,70.9000015258789,64.30999755859375
2011-12-13T14:30:00.0,13.88607120513916,25.760000228881836,33.2400016784668,19.200000762939453,70.9000015258789,64.7300033569336
2011-12-14T14:30:00.0,13.578213691711426,25.59000015258789,33.130001068115234,19.21666717529297,69.94000244140625,64.44999694824219
2011-12-15T14:30:00.0,13.533571243286133,25.559999465942383,33.44499969482422,19.316667556762695,70.61000061035156,64.98999786376953
2011-12-16T14:30:00.0,13.607856750488281,26.0,33.720001220703125,19.42333221435547,71.01000213623047,65.13999938964844
2011-12-19T14:30:00.0,13.650357246398926,25.530000686645508,33.685001373291016,19.260000228881836,70.16000366210938,64.94999694824219
2011-12-20T14:30:00.0,14.141071319580078,26.030000686645508,34.20000076293945,19.729999542236328,72.44000244140625,65.79000091552734
2011-12-21T14:30:00.0,14.158928871154785,25.760000228881836,34.78499984741211,19.796667098999023,73.58999633789062,66.0
2011-12-22T14:30:00.0,14.233928680419922,25.809999465942383,34.595001220703125,19.729999542236328,74.29000091552734,66.19000244140625
2011-12-23T14:30:00.0,14.404643058776855,26.030000686645508,34.970001220703125,19.996667861938477,73.97000122070312,66.66999816894531
2011-12-27T14:30:00.0,14.518928527832031,26.040000915527344,34.939998626708984,19.94333267211914,74.2699966430664,66.79000091552734
2011-12-28T14:30:00.0,14.380000114440918,25.81999969482422,34.755001068115234,19.90999984741211,73.26000213623047,66.54000091552734
2011-12-29T14:30:00.0,14.468570709228516,26.020000457763672,35.08000183105469,19.996667861938477,74.11000061035156,66.97000122070312
2011-12-30T14:30:00.0,14.464285850524902,25.959999084472656,34.98500061035156,19.920000076293945,73.3499984741211,66.70999908447266
2012-01-03T14:30:00.0,14.686785697937012,26.770000457763672,35.06999969482422,20.110000610351562,74.22000122070312,66.83000183105469
2012-01-04T14:30:00.0,14.765713691711426,27.399999618530273,34.849998474121094,19.90333366394043,74.33000183105469,66.80000305175781
2012-01-05T14:30:00.0,14.929642677307129,27.68000030517578,34.685001373291016,19.80666732788086,73.52999877929688,66.5199966430664
2012-01-06T14:30:00.0,15.085714340209961,28.110000610351562,34.46500015258789,19.666667938232422,73.9800033569336,66.36000061035156
2012-01-09T14:30:00.0,15.061785697937012,27.739999771118164,34.46500015258789,19.726667404174805,74.52999877929688,66.63999938964844
2012-01-10T14:30:00.0,15.115714073181152,27.84000015258789,34.66999816894531,19.68000030517578,75.0,66.33000183105469
2012-01-11T14:30:00.0,15.091071128845215,27.719999313354492,34.029998779296875,19.799999237060547,74.73999786376953,65.68000030517578
2012-01-12T14:30:00.0,15.049642562866211,28.0,33.78499984741211,19.833332061767578,75.51000213623047,65.80999755859375
2012-01-13T14:30:00.0,14.993213653564453,28.25,33.494998931884766,19.84666633605957,74.5999984741211,65.80999755859375
2012-01-17T14:30:00.0,15.16785717010498,28.260000228881836,33.67499923706055,19.950000762939453,75.23999786376953,66.26000213623047
2012-01-18T14:30:00.0,15.325357437133789,28.229999542236328,33.79499816894531,20.003332138061523,75.05999755859375,66.02999877929688
2012-01-19T14:30:00.0,15.276785850524902,28.1200008392334,33.724998474121094,20.203332901000977,75.55999755859375,66.08000183105469
2012-01-20T14:30:00.0,15.010713577270508,29.709999084472656,34.04499816894531,20.336666107177734,75.5199966430664,66.2300033569336
2012-01-23T14:30:00.0,15.264642715454102,29.729999542236328,34.26499938964844,20.303333282470703,75.51000213623047,65.0
2012-01-24T14:30:00.0,15.014642715454102,29.34000015258789,33.95000076293945,20.463333129882812,75.36000061035156,64.5
2012-01-25T14:30:00.0,15.952142715454102,29.559999465942383,34.21500015258789,20.489999771118164,75.81999969482422,64.9800033569336
2012-01-26T14:30:00.0,15.879643440246582,29.5,34.005001068115234,20.323333740234375,75.30999755859375,64.80000305175781
2012-01-27T14:30:00.0,15.974286079406738,29.229999542236328,33.720001220703125,20.23666763305664,74.55000305175781,64.30000305175781
2012-01-30T14:30:00.0,16.17892837524414,29.610000610351562,33.72999954223633,20.433332443237305,74.16000366210938,63.209999084472656
2012-01-31T14:30:00.0,16.3028564453125,29.530000686645508,33.76499938964844,20.453332901000977,74.18000030517578,63.040000915527344
2012-02-01T14:30:00.0,16.292499542236328,29.889999389648438,33.92499923706055,20.726667404174805,75.37000274658203,63.209999084472656
2012-02-02T14:30:00.0,16.25428581237793,29.950000762939453,33.915000915527344,20.64666748046875,75.22000122070312,63.31999969482422
2012-02-03T14:30:00.0,16.417142868041992,30.239999771118164,34.040000915527344,20.676666259765625,76.33999633789062,62.77000045776367
2012-02-06T14:30:00.0,16.570356369018555,30.200000762939453,34.01499938964844,20.626667022705078,75.45999908447266,63.5099983215332
2012-02-07T14:30:00.0,16.743928909301758,30.350000381469727,34.275001525878906,20.56333351135254,75.19999694824219,63.70000076293945
2012-02-08T14:30:00.0,17.0242862701416,30.65999984741211,34.165000915527344,20.540000915527344,75.45999908447266,63.63999938964844
2012-02-09T14:30:00.0,17.61321449279785,30.770000457763672,33.98500061035156,20.65333366394043,75.9000015258789,64.04000091552734
2012-02-10T14:30:00.0,17.622142791748047,30.5,33.970001220703125,20.633333206176758,74.94999694824219,63.880001068115234
2012-02-13T14:30:00.0,17.950000762939453,30.579999923706055,34.220001220703125,20.59666633605957,74.8499984741211,64.2300033569336
2012-02-14T14:30:00.0,18.19499969482422,30.25,34.45000076293945,20.739999771118164,75.55999755859375,64.4800033569336
2012-02-15T14:30:00.0,17.773929595947266,30.049999237060547,34.20000076293945,20.586666107177734,75.20999908447266,64.55000305175781
2012-02-16T14:30:00.0,17.936071395874023,31.290000915527344,34.43000030517578,20.68000030517578,75.2699966430664,65.19999694824219
2012-02-17T14:30:00.0,17.932857513427734,31.25,34.525001525878906,20.82666778564453,75.3499984741211,64.91000366210938
2012-02-21T14:30:00.0,18.387500762939453,31.440000534057617,34.40999984741211,20.023332595825195,75.72000122070312,64.41999816894531
2012-02-22T14:30:00.0,18.322856903076172,31.270000457763672,34.625,19.53333282470703,76.05999755859375,64.44000244140625
2012-02-23T14:30:00.0,18.4424991607666,31.3700008392334,34.59000015258789,19.51333236694336,75.8499984741211,66.41999816894531
2012-02-24T14:30:00.0,18.657499313354492,31.479999542236328,34.5,19.59666633605957,76.05999755859375,66.70999908447266
2012-02-27T14:30:00.0,18.777143478393555,31.350000381469727,34.415000915527344,19.48666763305664,75.20999908447266,66.69999694824219
2012-02-28T14:30:00.0,19.12178611755371,31.8700008392334,34.42499923706055,19.643333435058594,75.16000366210938,67.38999938964844
2012-02-29T14:30:00.0,19.37285614013672,31.739999771118164,34.93000030517578,19.69333267211914,74.94999694824219,67.62000274658203
2012-03-01T14:30:00.0,19.445356369018555,32.290000915527344,34.79999923706055,19.606666564941406,75.08000183105469,66.66000366210938
2012-03-02T14:30:00.0,19.470714569091797,32.08000183105469,34.59000015258789,19.670000076293945,74.9000015258789,66.66999816894531
2012-03-05T14:30:00.0,19.04142951965332,31.799999237060547,34.6150016784668,19.799999237060547,74.12999725341797,66.94999694824219
2012-03-06T14:30:00.0,18.937856674194336,31.559999465942383,34.380001068115234,19.656667709350586,72.55999755859375,66.83999633789062
2012-03-07T14:30:00.0,18.953214645385742,31.84000015258789,34.39500045776367,19.953332901000977,73.5199966430664,66.58000183105469
2012-03-08T14:30:00.0,19.356786727905273,32.0099983215332,34.6349983215332,19.92333221435547,74.16999816894531,66.9000015258789
2012-03-09T14:30:00.0,19.47035789489746,31.989999771118164,34.755001068115234,20.02666664123535,73.29000091552734,66.93000030517578
2012-03-12T13:30:00.0,19.71428680419922,32.040000915527344,35.07500076293945,20.226667404174805,73.5999984741211,67.70999908447266
2012-03-13T13:30:00.0,20.28928565979004,32.66999816894531,35.125,20.333332061767578,74.30999755859375,67.9000015258789
2012-03-14T13:30:00.0,21.056428909301758,32.77000045776367,35.11000061035156,20.360000610351562,75.2300033569336,67.8499984741211
2012-03-15T13:30:00.0,20.912857055664062,32.849998474121094,35.165000915527344,20.40999984741211,75.43000030517578,67.68000030517578
2012-03-16T13:30:00.0,20.9132137298584,32.599998474121094,35.08000183105469,20.280000686645508,75.19999694824219,67.25
2012-03-19T13:30:00.0,21.467857360839844,32.20000076293945,35.20000076293945,20.246667861938477,75.4000015258789,67.20999908447266
2012-03-20T13:30:00.0,21.641429901123047,31.989999771118164,35.29499816894531,20.200000762939453,75.13999938964844,67.20999908447266
2012-03-21T13:30:00.0,21.51785659790039,31.90999984741211,35.560001373291016,20.18666648864746,75.01000213623047,67.19999694824219
2012-03-22T13:30:00.0,21.405000686645508,32.0,35.709999084472656,20.21666717529297,73.91999816894531,67.5199966430664
2012-03-23T13:30:00.0,21.287500381469727,32.0099983215332,35.744998931884766,20.25,73.97000122070312,67.43000030517578
2012-03-26T13:30:00.0,21.6778564453125,32.59000015258789,35.95000076293945,20.399999618530273,75.18000030517578,67.45999908447266
2012-03-27T13:30:00.0,21.945714950561523,32.52000045776367,35.935001373291016,20.363332748413086,74.80999755859375,67.1500015258789
2012-03-28T13:30:00.0,22.057857513427734,32.189998626708984,36.33000183105469,20.39666748046875,74.33000183105469,67.19000244140625
2012-03-29T13:30:00.0,21.78071403503418,32.119998931884766,36.904998779296875,20.273332595825195,74.08000183105469,67.01000213623047
2012-03-30T13:30:00.0,21.412500381469727,32.2599983215332,37.005001068115234,20.399999618530273,74.37000274658203,67.20999908447266
2012-04-02T13:30:00.0,22.093929290771484,32.290000915527344,37.06999969482422,20.453332901000977,75.16999816894531,67.55999755859375
2012-04-03T13:30:00.0,22.4757137298584,31.940000534057617,36.880001068115234,20.21666717529297,74.6500015258789,67.08999633789062
2012-04-04T13:30:00.0,22.296785354614258,31.209999084472656,36.72999954223633,20.086666107177734,73.66999816894531,67.26000213623047
2012-04-05T13:30:00.0,22.63142967224121,31.520000457763672,36.73500061035156,20.22333335876465,73.58999633789062,67.30999755859375
2012-04-09T13:30:00.0,22.72249984741211,31.100000381469727,36.435001373291016,20.043333053588867,72.43000030517578,66.80999755859375
2012-04-10T13:30:00.0,22.444286346435547,30.469999313354492,36.0099983215332,19.976667404174805,70.5999984741211,66.3499984741211
2012-04-11T13:30:00.0,22.364286422729492,30.350000381469727,36.060001373291016,19.933332443237305,71.7699966430664,66.44000244140625
2012-04-12T13:30:00.0,22.241785049438477,30.979999542236328,36.11000061035156,20.046667098999023,73.5,66.08999633789062
2012-04-13T13:30:00.0,21.6153564453125,30.809999465942383,35.970001220703125,19.92333221435547,72.91999816894531,65.80999755859375
2012-04-16T13:30:00.0,20.718929290771484,31.079999923706055,36.220001220703125,20.19333267211914,72.68000030517578,66.77999877929688
2012-04-17T13:30:00.0,21.774999618530273,31.440000534057617,36.974998474121094,20.623332977294922,74.08999633789062,67.0199966430664
2012-04-18T13:30:00.0,21.726428985595703,31.139999389648438,37.084999084472656,20.68666648864746,73.70999908447266,66.75
2012-04-19T13:30:00.0,20.979999542236328,31.010000228881836,36.90999984741211,20.583332061767578,73.0999984741211,66.56999969482422
2012-04-20T13:30:00.0,20.463571548461914,32.41999816894531,37.064998626708984,20.816667556762695,73.55000305175781,67.51000213623047
2012-04-23T13:30:00.0,20.417856216430664,32.119998931884766,36.845001220703125,19.84666633605957,72.86000061035156,66.6500015258789
2012-04-24T13:30:00.0,20.010000228881836,31.920000076293945,37.060001373291016,19.25666618347168,73.20999908447266,67.0
2012-04-25T13:30:00.0,21.78571319580078,32.20000076293945,37.46500015258789,19.1200008392334,77.08000183105469,66.88999938964844
2012-04-26T13:30:00.0,21.703571319580078,32.11000061035156,37.85499954223633,19.649999618530273,76.98999786376953,66.87000274658203
2012-04-27T13:30:00.0,21.53571319580078,31.979999542236328,38.314998626708984,19.676666259765625,77.2699966430664,64.44000244140625
2012-04-30T13:30:00.0,20.856428146362305,32.02000045776367,38.15999984741211,19.636667251586914,76.80000305175781,63.63999938964844
2012-05-01T13:30:00.0,20.79035758972168,32.0099983215332,38.46500015258789,19.690000534057617,77.25,63.56999969482422
2012-05-02T13:30:00.0,20.9278564453125,31.799999237060547,38.58000183105469,19.670000076293945,77.26000213623047,63.97999954223633
2012-05-03T13:30:00.0,20.779285430908203,31.760000228881836,38.720001220703125,19.663333892822266,76.83000183105469,64.51000213623047
2012-05-04T13:30:00.0,20.1875,30.979999542236328,38.5,19.566667556762695,75.83999633789062,64.27999877929688
2012-05-07T13:30:00.0,20.338571548461914,30.649999618530273,38.63999938964844,19.729999542236328,75.95999908447266,64.25
2012-05-08T13:30:00.0,20.292142868041992,30.5,38.56999969482422,19.683332443237305,75.4000015258789,64.16000366210938
2012-05-09T13:30:00.0,20.327856063842773,30.760000228881836,38.38999938964844,19.676666259765625,74.05000305175781,63.66999816894531
2012-05-10T13:30:00.0,20.375713348388672,30.739999771118164,38.70500183105469,19.729999542236328,73.80000305175781,64.13999938964844
2012-05-11T13:30:00.0,20.239643096923828,31.15999984741211,38.73500061035156,19.80666732788086,73.55999755859375,63.68000030517578
2012-05-14T13:30:00.0,19.93642807006836,30.68000030517578,38.435001373291016,19.690000534057617,73.12000274658203,63.58000183105469
2012-05-15T13:30:00.0,19.756071090698242,30.209999084472656,38.28499984741211,19.78333282470703,72.58000183105469,63.720001220703125
2012-05-16T13:30:00.0,19.502857208251953,29.899999618530273,38.165000915527344,19.729999542236328,72.3499984741211,64.29000091552734
2012-05-17T13:30:00.0,18.932857513427734,29.719999313354492,37.560001373291016,20.559999465942383,69.7300033569336,63.959999084472656
2012-05-18T13:30:00.0,18.942142486572266,29.270000457763672,37.025001525878906,20.809999465942383,69.1500015258789,63.52000045776367
2012-05-21T13:30:00.0,20.045713424682617,29.75,37.255001068115234,21.01333236694336,71.77999877929688,63.38999938964844
2012-05-22T13:30:00.0,19.891786575317383,29.760000228881836,37.095001220703125,21.24333381652832,71.4800033569336,63.150001525878906
2012-05-23T13:30:00.0,20.37714385986328,29.110000610351562,37.275001525878906,21.52666664123535,71.56999969482422,62.38999938964844
2012-05-24T13:30:00.0,20.190000534057617,29.06999969482422,37.779998779296875,21.690000534057617,71.38999938964844,62.56999969482422
2012-05-25T13:30:00.0,20.081785202026367,29.059999465942383,37.6150016784668,21.770000457763672,70.0,62.4900016784668
2012-05-29T13:30:00.0,20.438213348388672,29.559999465942383,37.72999954223633,21.893333435058594,70.4000015258789,62.95000076293945
2012-05-30T13:30:00.0,20.684642791748047,29.34000015258789,37.529998779296875,21.81333351135254,69.38999938964844,62.31999969482422
2012-05-31T13:30:00.0,20.633214950561523,29.190000534057617,37.3650016784668,21.940000534057617,69.61000061035156,62.290000915527344
2012-06-01T13:30:00.0,20.035356521606445,28.450000762939453,36.54499816894531,21.850000381469727,67.23999786376953,61.54999923706055
2012-06-04T13:30:00.0,20.153213500976562,28.549999237060547,36.81999969482422,21.996667861938477,67.5,61.400001525878906
2012-06-05T13:30:00.0,20.101070404052734,28.510000228881836,36.619998931884766,21.833332061767578,67.58000183105469,61.16999816894531
2012-06-06T13:30:00.0,20.409286499023438,29.350000381469727,37.30500030517578,21.976667404174805,69.0199966430664,61.79999923706055
2012-06-07T13:30:00.0,20.41857147216797,29.229999542236328,37.13999938964844,21.956666946411133,69.94999694824219,62.7599983215332
2012-06-08T13:30:00.0,20.7257137298584,29.649999618530273,37.619998931884766,22.739999771118164,69.94000244140625,62.75
2012-06-11T13:30:00.0,20.398929595947266,28.899999618530273,37.33000183105469,22.510000228881836,70.11000061035156,62.540000915527344
2012-06-12T13:30:00.0,20.5771427154541,29.290000915527344,37.599998474121094,22.573333740234375,72.58000183105469,62.7599983215332
2012-06-13T13:30:00.0,20.43428611755371,29.1299991607666,37.345001220703125,22.356666564941406,72.05999755859375,62.56999969482422
2012-06-14T13:30:00.0,20.411785125732422,29.34000015258789,37.869998931884766,22.543333053588867,71.8499984741211,63.18000030517578
2012-06-15T13:30:00.0,20.504642486572266,30.020000457763672,38.04499816894531,22.583332061767578,71.98999786376953,62.880001068115234
2012-06-18T13:30:00.0,20.920713424682617,29.84000015258789,37.9900016784668,22.706666946411133,71.9000015258789,62.290000915527344
2012-06-19T13:30:00.0,20.97892951965332,30.700000762939453,37.869998931884766,22.60333251953125,72.91999816894531,62.209999084472656
2012-06-20T13:30:00.0,20.919286727905273,30.93000030517578,37.779998779296875,22.84000015258789,73.01000213623047,60.38999938964844
2012-06-21T13:30:00.0,20.631071090698242,30.139999389648438,37.334999084472656,22.566667556762695,71.37000274658203,59.75
2012-06-22T13:30:00.0,20.78928565979004,30.700000762939453,37.470001220703125,22.433332443237305,71.95999908447266,59.83000183105469
2012-06-25T13:30:00.0,20.3846435546875,29.8700008392334,37.3849983215332,22.726667404174805,71.05000305175781,59.310001373291016
2012-06-26T13:30:00.0,20.429643630981445,30.020000457763672,37.540000915527344,22.860000610351562,70.93000030517578,59.27000045776367
2012-06-27T13:30:00.0,20.51785659790039,30.170000076293945,38.16999816894531,22.863332748413086,71.87000274658203,59.97999954223633
2012-06-28T13:30:00.0,20.323213577270508,29.90999984741211,38.28499984741211,22.766666412353516,71.58000183105469,60.290000915527344
2012-06-29T13:30:00.0,20.85714340209961,30.59000015258789,39.095001220703125,23.239999771118164,74.30000305175781,61.25
2012-07-02T13:30:00.0,21.161428451538086,30.559999465942383,39.459999084472656,23.116666793823242,73.18000030517578,61.189998626708984
2012-07-03T13:30:00.0,21.407499313354492,30.760000228881836,39.58000183105469,23.583332061767578,74.2699966430664,61.36000061035156
2012-07-05T13:30:00.0,21.783571243286133,30.700000762939453,39.224998474121094,23.69333267211914,74.44000244140625,61.349998474121094
2012-07-06T13:30:00.0,21.63857078552246,30.190000534057617,39.07500076293945,23.786666870117188,73.69000244140625,61.279998779296875
2012-07-09T13:30:00.0,21.92464256286621,30.0,38.9900016784668,23.920000076293945,74.02999877929688,61.54999923706055
2012-07-10T13:30:00.0,21.721786499023438,29.739999771118164,38.9900016784668,24.036666870117188,73.22000122070312,61.72999954223633
2012-07-11T13:30:00.0,21.5867862701416,29.299999237060547,38.72999954223633,24.086666107177734,71.5199966430664,61.400001525878906
2012-07-12T13:30:00.0,21.389286041259766,28.6299991607666,38.31999969482422,24.10333251953125,71.70999908447266,63.70000076293945
2012-07-13T13:30:00.0,21.60607147216797,29.389999389648438,38.63999938964844,24.393333435058594,73.51000213623047,65.08999633789062
2012-07-16T13:30:00.0,21.675357818603516,29.440000534057617,38.2400016784668,24.32666778564453,72.97000122070312,64.80999755859375
2012-07-17T13:30:00.0,21.676429748535156,29.65999984741211,38.845001220703125,24.366666793823242,73.11000061035156,65.3499984741211
2012-07-18T13:30:00.0,21.652143478393555,30.450000762939453,38.720001220703125,24.28333282470703,73.88999938964844,64.81999969482422
2012-07-19T13:30:00.0,21.940000534057617,30.670000076293945,38.775001525878906,23.843332290649414,74.86000061035156,64.91999816894531
2012-07-20T13:30:00.0,21.582143783569336,30.1200008392334,38.51499938964844,24.083332061767578,73.88999938964844,64.7300033569336
2012-07-23T13:30:00.0,21.565357208251953,29.280000686645508,38.439998626708984,23.950000762939453,72.91000366210938,64.38999938964844
2012-07-24T13:30:00.0,21.461429595947266,29.149999618530273,38.33000183105469,24.046667098999023,72.02999877929688,64.0199966430664
2012-07-25T13:30:00.0,20.534643173217773,28.829999923706055,38.5099983215332,24.02666664123535,74.02999877929688,64.0199966430664
2012-07-26T13:30:00.0,20.531429290771484,29.15999984741211,39.42499923706055,24.55666732788086,74.91000366210938,64.55999755859375
2012-07-27T13:30:00.0,20.898571014404297,29.760000228881836,40.005001068115234,24.84000015258789,75.51000213623047,65.08999633789062
2012-07-30T13:30:00.0,21.25107192993164,29.639999389648438,40.560001373291016,24.99333381652832,74.86000061035156,65.0999984741211
2012-07-31T13:30:00.0,21.812856674194336,29.469999313354492,40.400001525878906,24.809999465942383,73.91000366210938,64.54000091552734
2012-08-01T13:30:00.0,21.671785354614258,29.40999984741211,40.505001068115234,24.540000915527344,72.7699966430664,64.01000213623047
2012-08-02T13:30:00.0,21.706785202026367,29.190000534057617,39.875,24.683332443237305,71.98999786376953,63.5099983215332
2012-08-03T13:30:00.0,21.989286422729492,29.75,40.415000915527344,24.850000381469727,72.80999755859375,65.5
2012-08-06T13:30:00.0,22.233928680419922,29.950000762939453,40.31999969482422,24.760000228881836,72.88999938964844,65.80999755859375
2012-08-07T13:30:00.0,22.175357818603516,30.260000228881836,39.8849983215332,24.663333892822266,74.45999908447266,66.22000122070312
2012-08-08T13:30:00.0,22.13785743713379,30.329999923706055,39.779998779296875,24.770000457763672,74.5999984741211,66.72000122070312
2012-08-09T13:30:00.0,22.168928146362305,30.5,39.619998931884766,24.616666793823242,74.27999877929688,66.7300033569336
2012-08-10T13:30:00.0,22.203571319580078,30.420000076293945,39.39500045776367,24.559999465942383,74.20999908447266,66.7699966430664
2012-08-13T13:30:00.0,22.5,30.389999389648438,39.29999923706055,24.46666717529297,74.19000244140625,66.4800033569336
2012-08-14T13:30:00.0,22.56035614013672,30.1299991607666,39.380001068115234,24.670000076293945,73.80999755859375,66.7300033569336
2012-08-15T13:30:00.0,22.52964210510254,30.200000762939453,39.349998474121094,24.816667556762695,73.06999969482422,66.63999938964844
2012-08-16T13:30:00.0,22.726428985595703,30.780000686645508,39.54999923706055,24.049999237060547,73.63999938964844,67.0
2012-08-17T13:30:00.0,23.146785736083984,30.899999618530273,39.529998779296875,23.996667861938477,73.91000366210938,67.0
2012-08-20T13:30:00.0,23.75535774230957,30.739999771118164,39.470001220703125,24.100000381469727,73.83000183105469,66.75
2012-08-21T13:30:00.0,23.430713653564453,30.799999237060547,39.2599983215332,23.809999465942383,73.2699966430664,66.7699966430664
2012-08-22T13:30:00.0,23.888214111328125,30.540000915527344,38.77000045776367,23.92333221435547,72.80000305175781,66.8499984741211
2012-08-23T13:30:00.0,23.66535758972168,30.260000228881836,38.11000061035156,23.85333251953125,70.36000061035156,66.68000030517578
2012-08-24T13:30:00.0,23.68642807006836,30.559999465942383,38.470001220703125,24.036666870117188,71.08999633789062,67.0199966430664
2012-08-27T13:30:00.0,24.13142967224121,30.690000534057617,38.16999816894531,24.166667938232422,71.37999725341797,67.11000061035156
2012-08-28T13:30:00.0,24.100000381469727,30.6299991607666,38.0,24.136667251586914,71.5199966430664,66.98999786376953
2012-08-29T13:30:00.0,24.052499771118164,30.649999618530273,37.459999084472656,24.25666618347168,71.44000244140625,66.87000274658203
2012-08-30T13:30:00.0,23.70964241027832,30.31999969482422,37.13999938964844,24.083332061767578,70.81999969482422,66.87999725341797
2012-08-31T13:30:00.0,23.75857162475586,30.81999969482422,37.400001525878906,24.200000762939453,71.4000015258789,67.19000244140625
2012-09-04T13:30:00.0,24.10607147216797,30.389999389648438,37.279998779296875,24.503332138061523,70.87000274658203,67.4000015258789
2012-09-05T13:30:00.0,23.936786651611328,30.389999389648438,37.5099983215332,24.516666412353516,71.91999816894531,67.29000091552734
2012-09-06T13:30:00.0,24.15250015258789,31.350000381469727,38.150001525878906,24.93666648864746,72.81999969482422,68.23999786376953
2012-09-07T13:30:00.0,24.301429748535156,30.950000762939453,37.900001525878906,24.606666564941406,72.88999938964844,68.5199966430664
2012-09-10T13:30:00.0,23.669286727905273,30.719999313354492,37.65999984741211,24.503332138061523,71.08000183105469,68.51000213623047
2012-09-11T13:30:00.0,23.592500686645508,30.790000915527344,37.77000045776367,24.68666648864746,71.2699966430664,68.26000213623047
2012-09-12T13:30:00.0,23.921070098876953,30.780000686645508,37.54999923706055,24.690000534057617,70.95999908447266,68.0999984741211
2012-09-13T13:30:00.0,24.39214324951172,30.940000534057617,38.349998474121094,25.046667098999023,71.58000183105469,68.91000366210938
2012-09-14T13:30:00.0,24.68857192993164,31.209999084472656,38.119998931884766,24.833332061767578,71.27999877929688,69.16000366210938
2012-09-17T13:30:00.0,24.992143630981445,31.209999084472656,38.349998474121094,24.663333892822266,69.91999816894531,69.25
2012-09-18T13:30:00.0,25.068214416503906,31.18000030517578,38.619998931884766,24.649999618530273,70.44999694824219,69.22000122070312
2012-09-19T13:30:00.0,25.075000762939453,31.049999237060547,38.52000045776367,24.790000915527344,69.9000015258789,69.26000213623047
2012-09-20T13:30:00.0,24.953571319580078,31.450000762939453,38.63999938964844,24.916667938232422,69.8499984741211,69.55999755859375
2012-09-21T13:30:00.0,25.00321388244629,31.190000534057617,38.029998779296875,24.816667556762695,69.97000122070312,69.41999816894531
2012-09-24T13:30:00.0,24.671070098876953,30.780000686645508,38.119998931884766,24.913333892822266,70.02999877929688,69.76000213623047
2012-09-25T13:30:00.0,24.05500030517578,30.389999389648438,37.68000030517578,24.753332138061523,69.37999725341797,69.58999633789062
2012-09-26T13:30:00.0,23.75642967224121,30.170000076293945,37.7599983215332,24.729999542236328,70.25,69.30000305175781
2012-09-27T13:30:00.0,24.332857131958008,30.15999984741211,38.310001373291016,24.65999984741211,70.0999984741211,69.30000305175781
2012-09-28T13:30:00.0,23.825000762939453,29.760000228881836,37.93000030517578,24.600000381469727,69.5999984741211,69.36000061035156
2012-10-01T13:30:00.0,23.54964256286621,29.489999771118164,38.380001068115234,24.683332443237305,70.01000213623047,69.44999694824219
2012-10-02T13:30:00.0,23.618213653564453,29.65999984741211,38.34000015258789,24.583332061767578,69.52999877929688,68.79000091552734
2012-10-03T13:30:00.0,23.980356216430664,29.860000610351562,38.2400016784668,24.733333587646484,69.86000061035156,69.16999816894531
2012-10-04T13:30:00.0,23.814285278320312,30.030000686645508,38.33000183105469,24.906667709350586,69.94000244140625,69.37999725341797
2012-10-05T13:30:00.0,23.306785583496094,29.850000381469727,38.58000183105469,25.043333053588867,70.88999938964844,69.62999725341797
2012-10-08T13:30:00.0,22.791786193847656,29.780000686645508,38.58000183105469,25.083332061767578,70.56999969482422,69.0999984741211
2012-10-09T13:30:00.0,22.70892906188965,29.280000686645508,38.560001373291016,24.713333129882812,70.63999938964844,68.69999694824219
2012-10-10T13:30:00.0,22.8896427154541,28.979999542236328,38.09000015258789,25.139999389648438,70.33999633789062,68.13999938964844
2012-10-11T13:30:00.0,22.43214225769043,28.950000762939453,38.11000061035156,25.003332138061523,70.83000183105469,68.0
2012-10-12T13:30:00.0,22.489643096923828,29.200000762939453,38.22999954223633,25.270000457763672,71.8499984741211,67.94000244140625
2012-10-15T13:30:00.0,22.670000076293945,29.510000228881836,38.130001068115234,25.71666717529297,72.25,68.70999908447266
2012-10-16T13:30:00.0,23.206785202026367,29.489999771118164,37.900001525878906,25.636667251586914,73.4800033569336,69.0
2012-10-17T13:30:00.0,23.021785736083984,29.59000015258789,37.7400016784668,25.676666259765625,73.62999725341797,69.47000122070312
2012-10-18T13:30:00.0,22.59428596496582,29.5,37.84000015258789,25.520000457763672,74.26000213623047,69.47000122070312
2012-10-19T13:30:00.0,21.780000686645508,28.639999389648438,37.400001525878906,25.206666946411133,74.01000213623047,68.56999969482422
2012-10-22T13:30:00.0,22.64392852783203,28.0,37.22999954223633,25.21666717529297,73.69999694824219,68.5
2012-10-23T13:30:00.0,21.90571403503418,28.049999237060547,36.61000061035156,24.920000076293945,72.81999969482422,67.44000244140625
2012-10-24T13:30:00.0,22.02964210510254,27.899999618530273,36.880001068115234,24.940000534057617,72.70999908447266,68.08000183105469
2012-10-25T13:30:00.0,21.769285202026367,27.8799991607666,37.09000015258789,25.106666564941406,71.54000091552734,70.06999969482422
2012-10-26T13:30:00.0,21.571428298950195,28.209999084472656,37.040000915527344,25.036666870117188,71.11000061035156,69.44000244140625
2012-10-31T13:30:00.0,21.261428833007812,28.540000915527344,37.18000030517578,25.00666618347168,70.44000244140625,69.23999786376953
2012-11-01T13:30:00.0,21.30500030517578,29.520000457763672,37.33000183105469,24.483333587646484,70.79000091552734,69.25
2012-11-02T13:30:00.0,20.600000381469727,29.5,37.08000183105469,24.25666618347168,70.05000305175781,69.19000244140625
2012-11-05T14:30:00.0,20.87928581237793,29.6299991607666,36.77000045776367,24.3799991607666,70.41000366210938,68.66999816894531
2012-11-06T14:30:00.0,20.816070556640625,29.860000610351562,37.41999816894531,24.586666107177734,72.0199966430664,68.93000030517578
2012-11-07T14:30:00.0,19.928571701049805,29.079999923706055,36.720001220703125,24.3700008392334,70.11000061035156,68.05999755859375
2012-11-08T14:30:00.0,19.20535659790039,28.809999465942383,36.36000061035156,24.15999984741211,70.9800033569336,66.91000366210938
2012-11-09T14:30:00.0,19.537857055664062,28.829999923706055,36.290000915527344,24.10333251953125,73.25,67.01000213623047
2012-11-12T14:30:00.0,19.38678550720215,28.219999313354492,36.08000183105469,24.15999984741211,73.69000244140625,67.08000183105469
2012-11-13T14:30:00.0,19.389286041259766,27.09000015258789,36.15999984741211,23.93666648864746,73.36000061035156,66.8499984741211
2012-11-14T14:30:00.0,19.174285888671875,26.84000015258789,36.0099983215332,23.770000457763672,71.29000091552734,66.52999877929688
2012-11-15T14:30:00.0,18.77214241027832,26.65999984741211,36.43000030517578,22.906667709350586,71.04000091552734,66.31999969482422
2012-11-16T14:30:00.0,18.845714569091797,26.520000457763672,36.560001373291016,22.676666259765625,70.7699966430664,66.81999969482422
2012-11-19T14:30:00.0,20.20464324951172,26.729999542236328,37.2400016784668,23.00666618347168,71.95999908447266,67.91999816894531
2012-11-20T14:30:00.0,20.032499313354492,26.709999084472656,37.25,23.0,72.54000091552734,68.30000305175781
2012-11-21T14:30:00.0,20.060714721679688,26.950000762939453,37.38999938964844,22.963333129882812,73.1500015258789,68.47000122070312
2012-11-23T14:30:00.0,20.41071319580078,27.700000762939453,37.93000030517578,23.399999618530273,73.73999786376953,69.58999633789062
2012-11-26T14:30:00.0,21.054643630981445,27.389999389648438,37.36000061035156,23.303333282470703,74.2699966430664,69.4800033569336
2012-11-27T14:30:00.0,20.885000228881836,27.079999923706055,37.41999816894531,23.166667938232422,74.48999786376953,68.98999786376953
2012-11-28T14:30:00.0,20.819286346435547,27.360000610351562,37.560001373291016,23.520000457763672,74.08999633789062,69.44000244140625
2012-11-29T14:30:00.0,21.04857063293457,26.950000762939453,37.970001220703125,23.610000610351562,74.12000274658203,69.5
2012-11-30T14:30:00.0,20.902856826782227,26.6200008392334,37.91999816894531,24.00666618347168,74.27999877929688,69.83000183105469
2012-12-03T14:30:00.0,20.93535614013672,26.43000030517578,37.380001068115234,23.780000686645508,74.0199966430664,69.58000183105469
2012-12-04T14:30:00.0,20.566070556640625,26.3700008392334,37.150001525878906,24.040000915527344,74.05000305175781,69.30999755859375
2012-12-05T14:30:00.0,19.24250030517578,26.670000076293945,37.310001373291016,23.883333206176758,73.87000274658203,69.41000366210938
2012-12-06T14:30:00.0,19.544286727905273,26.729999542236328,37.380001068115234,23.863332748413086,73.9800033569336,69.94999694824219
2012-12-07T14:30:00.0,19.04464340209961,26.459999084472656,37.709999084472656,24.09666633605957,74.63999938964844,70.29000091552734
2012-12-10T14:30:00.0,18.922143936157227,26.940000534057617,37.63999938964844,24.049999237060547,75.52999877929688,70.22000122070312
2012-12-11T14:30:00.0,19.335357666015625,27.31999969482422,37.86000061035156,23.6299991607666,75.81999969482422,70.66000366210938
2012-12-12T14:30:00.0,19.25,27.239999771118164,37.63999938964844,22.979999542236328,75.47000122070312,70.76000213623047
2012-12-13T14:30:00.0,18.917499542236328,27.110000610351562,37.599998474121094,23.01333236694336,74.31999969482422,70.12999725341797
2012-12-14T14:30:00.0,18.206785202026367,26.809999465942383,37.65999984741211,22.916667938232422,74.0199966430664,69.93000030517578
2012-12-17T14:30:00.0,18.52964210510254,27.100000381469727,37.5,23.066667556762695,74.6500015258789,69.93000030517578
2012-12-18T14:30:00.0,19.06785774230957,27.559999465942383,37.279998779296875,23.166667938232422,75.5199966430664,69.97000122070312
2012-12-19T14:30:00.0,18.796785354614258,27.309999465942383,36.779998779296875,22.84000015258789,75.51000213623047,69.33999633789062
2012-12-20T14:30:00.0,18.633214950561523,27.68000030517578,37.04999923706055,23.0,76.19999694824219,69.81999969482422
2012-12-21T14:30:00.0,18.547500610351562,27.450000762939453,36.88999938964844,22.883333206176758,76.16999816894531,68.72000122070312
2012-12-24T14:30:00.0,18.577499389648438,27.059999465942383,36.72999954223633,22.856666564941406,75.97000122070312,68.5199966430664
2012-12-26T14:30:00.0,18.321428298950195,26.860000610351562,36.41999816894531,22.663333892822266,76.0199966430664,68.0
2012-12-27T14:30:00.0,18.395000457763672,26.959999084472656,36.41999816894531,22.729999542236328,75.83000183105469,67.97000122070312
2012-12-28T14:30:00.0,18.199642181396484,26.549999237060547,35.970001220703125,22.536666870117188,74.69000244140625,67.1500015258789
2012-12-31T14:30:00.0,19.006071090698242,26.709999084472656,36.25,22.74333381652832,75.36000061035156,67.88999938964844
2013-01-02T14:30:00.0,19.608213424682617,27.6200008392334,37.599998474121094,23.079999923706055,77.06999969482422,69.38999938964844
2013-01-03T14:30:00.0,19.360713958740234,27.25,37.599998474121094,22.933332443237305,77.47000122070312,68.94999694824219
2013-01-04T14:30:00.0,18.821428298950195,26.739999771118164,37.65999984741211,23.020000457763672,77.69000244140625,69.08999633789062
2013-01-07T14:30:00.0,18.71071434020996,26.690000534057617,37.29999923706055,22.799999237060547,76.12999725341797,68.62000274658203
2013-01-08T14:30:00.0,18.761070251464844,26.549999237060547,37.040000915527344,22.863332748413086,74.12999725341797,68.51000213623047
2013-01-09T14:30:00.0,18.467857360839844,26.700000762939453,37.029998779296875,22.856666564941406,76.76000213623047,68.87999725341797
2013-01-10T14:30:00.0,18.696786880493164,26.459999084472656,36.959999084472656,22.786666870117188,77.08999633789062,69.2699966430664
2013-01-11T14:30:00.0,18.582143783569336,26.829999923706055,36.90999984741211,22.876667022705078,75.16000366210938,69.22000122070312
2013-01-14T14:30:00.0,17.91964340209961,26.889999389648438,36.9900016784668,22.766666412353516,76.55000305175781,69.62999725341797
2013-01-15T14:30:00.0,17.354286193847656,27.209999084472656,37.31999969482422,22.99333381652832,76.94000244140625,69.87999725341797
2013-01-16T14:30:00.0,18.074642181396484,27.040000915527344,37.31999969482422,23.06999969482422,74.33999633789062,69.33999633789062
2013-01-17T14:30:00.0,17.952856063842773,27.25,37.5099983215332,22.950000762939453,75.26000213623047,69.66999816894531
2013-01-18T14:30:00.0,17.85714340209961,27.25,37.70000076293945,23.066667556762695,75.04000091552734,69.94000244140625
2013-01-22T14:30:00.0,18.02750015258789,27.149999618530273,37.130001068115234,23.19333267211914,74.16000366210938,69.94999694824219
2013-01-23T14:30:00.0,18.357500076293945,27.610000610351562,37.130001068115234,23.163333892822266,74.29000091552734,70.69000244140625
2013-01-24T14:30:00.0,16.08928680419922,27.6299991607666,37.11000061035156,23.26333236694336,75.31999969482422,70.41999816894531
2013-01-25T14:30:00.0,15.710000038146973,27.8799991607666,37.04999923706055,23.0,75.02999877929688,73.25
2013-01-28T14:30:00.0,16.065357208251953,27.90999984741211,37.0099983215332,23.116666793823242,74.0,73.7699966430664
2013-01-29T14:30:00.0,16.366785049438477,28.010000228881836,37.41999816894531,23.296667098999023,73.6500015258789,75.0
2013-01-30T14:30:00.0,16.315357208251953,27.850000381469727,37.5,23.25,74.58999633789062,75.08000183105469
2013-01-31T14:30:00.0,16.267499923706055,27.450000762939453,37.2400016784668,23.316667556762695,73.87000274658203,75.16000366210938
2013-02-01T14:30:00.0,16.200714111328125,27.93000030517578,37.540000915527344,23.496667861938477,74.87000274658203,75.91999816894531
2013-02-04T14:30:00.0,15.79714298248291,27.440000534057617,37.349998474121094,23.209999084472656,75.20999908447266,75.25
2013-02-05T14:30:00.0,16.351428985595703,27.5,38.13999938964844,23.59000015258789,75.88999938964844,75.69999694824219
2013-02-06T14:30:00.0,16.33392906188965,27.34000015258789,38.310001373291016,23.770000457763672,76.29000091552734,76.1500015258789
2013-02-07T14:30:00.0,16.722143173217773,27.280000686645508,38.90999984741211,23.74333381652832,77.43000030517578,76.1500015258789
2013-02-08T14:30:00.0,16.963571548461914,27.549999237060547,38.77000045776367,23.82666778564453,76.55999755859375,75.75
2013-02-11T14:30:00.0,17.140356063842773,27.860000610351562,38.61000061035156,23.799999237060547,75.87000274658203,75.80999755859375
2013-02-12T14:30:00.0,16.71071434020996,27.8799991607666,37.560001373291016,23.799999237060547,75.98999786376953,75.9800033569336
2013-02-13T14:30:00.0,16.67892837524414,28.030000686645508,37.209999084472656,23.796667098999023,74.77999877929688,76.55999755859375
2013-02-14T14:30:00.0,16.663928985595703,28.040000915527344,36.84000015258789,23.606666564941406,74.93000030517578,76.77999877929688
2013-02-15T14:30:00.0,16.43428611755371,28.010000228881836,37.41999816894531,23.100000381469727,75.02999877929688,76.54000091552734
2013-02-19T14:30:00.0,16.428213119506836,28.049999237060547,37.66999816894531,22.920000076293945,74.6500015258789,77.37999725341797
2013-02-20T14:30:00.0,16.030357360839844,27.8700008392334,37.72999954223633,23.06999969482422,74.77999877929688,77.08000183105469
2013-02-21T14:30:00.0,15.930713653564453,27.489999771118164,37.709999084472656,23.420000076293945,76.01000213623047,77.04000091552734
2013-02-22T14:30:00.0,16.100357055664062,27.760000228881836,38.52000045776367,23.46666717529297,76.66000366210938,76.98999786376953
2013-02-25T14:30:00.0,15.814286231994629,27.3700008392334,37.720001220703125,23.479999542236328,75.02999877929688,75.91999816894531
2013-02-26T14:30:00.0,16.034643173217773,27.3700008392334,38.11000061035156,23.703332901000977,75.6500015258789,76.08000183105469
2013-02-27T14:30:00.0,15.8774995803833,27.809999465942383,38.45000076293945,23.886667251586914,77.36000061035156,76.75
2013-02-28T14:30:00.0,15.764286041259766,27.799999237060547,38.720001220703125,23.593332290649414,76.9000015258789,76.18000030517578
2013-03-01T14:30:00.0,15.373929023742676,27.950000762939453,38.70000076293945,23.913333892822266,77.27999877929688,76.48999786376953
2013-03-04T14:30:00.0,15.001786231994629,28.149999618530273,38.81999969482422,24.420000076293945,77.08999633789062,76.68000030517578
2013-03-05T14:30:00.0,15.397856712341309,28.350000381469727,38.68000030517578,24.573333740234375,78.66000366210938,77.05000305175781
2013-03-06T14:30:00.0,15.202142715454102,28.09000015258789,39.02000045776367,24.459999084472656,79.08000183105469,77.19999694824219
2013-03-07T14:30:00.0,15.377857208251953,28.139999389648438,39.119998931884766,24.440000534057617,81.05000305175781,76.9000015258789
2013-03-08T14:30:00.0,15.418571472167969,28.0,39.220001220703125,24.343332290649414,81.2300033569336,77.18000030517578
2013-03-11T13:30:00.0,15.638214111328125,27.8700008392334,39.310001373291016,24.32666778564453,82.94000244140625,77.3499984741211
2013-03-12T13:30:00.0,15.301071166992188,27.90999984741211,38.959999084472656,24.53333282470703,84.16000366210938,77.16999816894531
2013-03-13T13:30:00.0,15.298213958740234,27.920000076293945,38.59000015258789,24.549999237060547,84.75,76.80000305175781
2013-03-14T13:30:00.0,15.446429252624512,28.139999389648438,39.02000045776367,24.406667709350586,84.62000274658203,77.38999938964844
2013-03-15T13:30:00.0,15.845000267028809,28.040000915527344,38.83000183105469,24.166667938232422,86.43000030517578,76.33999633789062
2013-03-18T13:30:00.0,16.275714874267578,28.100000381469727,38.7599983215332,24.083332061767578,85.18000030517578,76.16000366210938
2013-03-19T13:30:00.0,16.231786727905273,28.18000030517578,39.33000183105469,24.149999618530273,85.51000213623047,77.11000061035156
2013-03-20T13:30:00.0,16.145713806152344,28.31999969482422,39.869998931884766,24.329999923706055,85.37000274658203,77.58000183105469
2013-03-21T13:30:00.0,16.168928146362305,28.110000610351562,40.06999969482422,24.376667022705078,84.33000183105469,77.20999908447266
2013-03-22T13:30:00.0,16.49678611755371,28.25,40.040000915527344,24.760000228881836,84.81999969482422,77.2699966430664
2013-03-25T13:30:00.0,16.556428909301758,28.15999984741211,40.119998931884766,24.950000762939453,84.8499984741211,76.68000030517578
2013-03-26T13:30:00.0,16.46928596496582,28.15999984741211,40.689998626708984,24.92333221435547,86.62000274658203,77.4000015258789
2013-03-27T13:30:00.0,16.145713806152344,28.3700008392334,40.220001220703125,24.926666259765625,86.19999694824219,77.05999755859375
2013-03-28T13:30:00.0,15.809286117553711,28.610000610351562,40.439998626708984,24.94333267211914,85.8499984741211,77.05999755859375
2013-04-01T13:30:00.0,15.318214416503906,28.610000610351562,40.45000076293945,25.143333435058594,85.25,77.69999694824219
2013-04-02T13:30:00.0,15.349642753601074,28.799999237060547,40.720001220703125,25.34000015258789,84.08999633789062,78.95999908447266
2013-04-03T13:30:00.0,15.428214073181152,28.559999465942383,40.16999816894531,25.333332061767578,84.36000061035156,78.12000274658203
2013-04-04T13:30:00.0,15.275713920593262,28.600000381469727,40.540000915527344,25.399999618530273,84.94999694824219,78.54000091552734
2013-04-05T13:30:00.0,15.114286422729492,28.700000762939453,40.08000183105469,25.463333129882812,86.16999816894531,78.2300033569336
2013-04-08T13:30:00.0,15.221785545349121,28.59000015258789,40.86000061035156,25.76333236694336,86.75,78.79000091552734
2013-04-09T13:30:00.0,15.249285697937012,29.610000610351562,40.709999084472656,26.040000915527344,87.20999908447266,78.26000213623047
2013-04-10T13:30:00.0,15.560357093811035,30.280000686645508,41.06999969482422,25.790000915527344,87.81999969482422,79.23999786376953
2013-04-11T13:30:00.0,15.511786460876465,28.940000534057617,41.18000030517578,25.93000030517578,88.52999877929688,79.66999816894531
2013-04-12T13:30:00.0,15.350000381469727,28.790000915527344,41.08000183105469,26.18666648864746,88.88999938964844,80.08000183105469
2013-04-15T13:30:00.0,14.994643211364746,28.690000534057617,40.09000015258789,26.156667709350586,86.7699966430664,79.6500015258789
2013-04-16T13:30:00.0,15.222857475280762,28.969999313354492,42.369998931884766,26.226667404174805,86.88999938964844,80.0999984741211
2013-04-17T13:30:00.0,14.385713577270508,28.829999923706055,42.54999923706055,26.170000076293945,86.69000244140625,79.05999755859375
2013-04-18T13:30:00.0,14.001786231994629,28.790000915527344,42.099998474121094,25.719999313354492,86.12000274658203,79.87000274658203
2013-04-19T13:30:00.0,13.947500228881836,29.770000457763672,42.65999984741211,26.09666633605957,87.95999908447266,81.43000030517578
2013-04-22T13:30:00.0,14.238213539123535,30.829999923706055,42.720001220703125,25.989999771118164,86.94000244140625,81.4000015258789
2013-04-23T13:30:00.0,14.504643440246582,30.600000381469727,42.70000076293945,26.363332748413086,88.18000030517578,82.54000091552734
2013-04-24T13:30:00.0,14.480713844299316,31.760000228881836,42.150001525878906,26.010000228881836,90.83000183105469,77.12000274658203
2013-04-25T13:30:00.0,14.585000038146973,31.940000534057617,42.349998474121094,26.21666717529297,91.66999816894531,76.58000183105469
2013-04-26T13:30:00.0,14.899999618530273,31.790000915527344,42.099998474121094,26.34666633605957,92.8499984741211,77.0999984741211
2013-04-29T13:30:00.0,15.361429214477539,32.61000061035156,42.2400016784668,26.1299991607666,91.9000015258789,77.68000030517578
2013-04-30T13:30:00.0,15.813570976257324,33.099998474121094,42.33000183105469,25.906667709350586,91.41000366210938,76.7699966430664
2013-05-01T13:30:00.0,15.688928604125977,32.720001220703125,42.209999084472656,26.020000457763672,91.18000030517578,76.98999786376953
2013-05-02T13:30:00.0,15.911429405212402,33.15999984741211,41.959999084472656,26.15333366394043,92.20999908447266,77.76000213623047
2013-05-03T13:30:00.0,16.070714950561523,33.4900016784668,42.2400016784668,26.416667938232422,93.73999786376953,78.19000244140625
2013-05-06T13:30:00.0,16.453929901123047,33.75,42.08000183105469,26.27666664123535,94.19000244140625,77.75
2013-05-07T13:30:00.0,16.380714416503906,33.310001373291016,42.70000076293945,26.27666664123535,94.79000091552734,77.94000244140625
2013-05-08T13:30:00.0,16.56571388244629,32.9900016784668,42.459999084472656,26.083332061767578,94.04000091552734,78.44000244140625
2013-05-09T13:30:00.0,16.313213348388672,32.65999984741211,42.119998931884766,26.133333206176758,94.61000061035156,78.20999908447266
2013-05-10T13:30:00.0,16.177499771118164,32.689998626708984,42.150001525878906,26.296667098999023,94.23999786376953,78.76000213623047
2013-05-13T13:30:00.0,16.240713119506836,33.029998779296875,42.189998626708984,26.166667938232422,94.76000213623047,78.58999633789062
2013-05-14T13:30:00.0,15.852143287658691,33.529998779296875,42.52000045776367,26.260000228881836,96.11000061035156,79.47000122070312
2013-05-15T13:30:00.0,15.316070556640625,33.849998474121094,42.91999816894531,26.6200008392334,97.0199966430664,80.68000030517578
2013-05-16T13:30:00.0,15.520713806152344,34.08000183105469,43.09000015258789,26.166667938232422,96.58000183105469,80.19999694824219
2013-05-17T13:30:00.0,15.473570823669434,34.869998931884766,42.970001220703125,25.956666946411133,98.91999816894531,80.0199966430664
2013-05-20T13:30:00.0,15.818928718566895,35.08000183105469,42.380001068115234,25.799999237060547,98.72000122070312,79.08999633789062
2013-05-21T13:30:00.0,15.702142715454102,34.849998474121094,42.34000015258789,25.796667098999023,98.75,78.80000305175781
2013-05-22T13:30:00.0,15.762499809265137,34.61000061035156,42.25,25.676666259765625,97.93000030517578,78.81999969482422
2013-05-23T13:30:00.0,15.790714263916016,34.150001525878906,41.93000030517578,25.44333267211914,99.75,78.69999694824219
2013-05-24T13:30:00.0,15.898214340209961,34.27000045776367,42.2400016784668,25.770000457763672,100.0,81.87999725341797
2013-05-28T13:30:00.0,15.765713691711426,35.02000045776367,42.54999923706055,25.773332595825195,100.11000061035156,80.86000061035156
2013-05-29T13:30:00.0,15.891071319580078,34.880001068115234,41.400001525878906,25.40999984741211,99.08999633789062,78.9000015258789
2013-05-30T13:30:00.0,16.127857208251953,35.029998779296875,40.77000045776367,25.209999084472656,100.54000091552734,79.08999633789062
2013-05-31T13:30:00.0,16.061786651611328,34.900001525878906,39.9900016784668,24.946666717529297,99.0199966430664,76.76000213623047
2013-06-03T13:30:00.0,16.097143173217773,35.59000015258789,40.810001373291016,25.229999542236328,100.73999786376953,77.66000366210938
2013-06-04T13:30:00.0,16.046785354614258,34.9900016784668,41.41999816894531,25.31333351135254,99.61000061035156,77.37000274658203
2013-06-05T13:30:00.0,15.896785736083984,34.779998779296875,40.650001525878906,25.083332061767578,98.48999786376953,76.66000366210938
2013-06-06T13:30:00.0,15.659285545349121,34.959999084472656,40.790000915527344,25.209999084472656,99.76000213623047,76.81999969482422
2013-06-07T13:30:00.0,15.778928756713867,35.66999816894531,41.40999984741211,25.44333267211914,102.48999786376953,77.75
2013-06-10T13:30:00.0,15.674642562866211,35.470001220703125,41.18000030517578,25.25,102.23999786376953,78.06999969482422
2013-06-11T13:30:00.0,15.628570556640625,34.84000015258789,40.790000915527344,25.083332061767578,101.75,78.12000274658203
2013-06-12T13:30:00.0,15.435357093811035,35.0,40.38999938964844,24.946666717529297,100.87999725341797,77.5999984741211
2013-06-13T13:30:00.0,15.569999694824219,34.720001220703125,40.40999984741211,25.0,102.16000366210938,78.43000030517578
2013-06-14T13:30:00.0,15.358928680419922,34.400001525878906,40.34000015258789,24.956666946411133,101.83000183105469,78.02999877929688
2013-06-17T13:30:00.0,15.428570747375488,35.0,40.68000030517578,24.983333587646484,103.02999877929688,78.95999908447266
2013-06-18T13:30:00.0,15.420356750488281,34.97999954223633,40.93000030517578,25.24333381652832,104.08000183105469,79.04000091552734
2013-06-19T13:30:00.0,15.10714340209961,34.59000015258789,40.40999984741211,24.81999969482422,102.25,77.61000061035156
2013-06-20T13:30:00.0,14.8871431350708,33.4900016784668,39.130001068115234,24.343332290649414,99.63999938964844,75.25
2013-06-21T13:30:00.0,14.76785659790039,33.27000045776367,39.7599983215332,24.503332138061523,99.9800033569336,77.43000030517578
2013-06-24T13:30:00.0,14.376428604125977,33.720001220703125,39.529998779296875,24.733333587646484,97.8499984741211,76.58000183105469
2013-06-25T13:30:00.0,14.379643440246582,33.66999816894531,39.720001220703125,24.790000915527344,98.66999816894531,76.69000244140625
2013-06-26T13:30:00.0,14.21678638458252,34.349998474121094,40.33000183105469,25.003332138061523,100.75,77.4000015258789
2013-06-27T13:30:00.0,14.063570976257324,34.619998931884766,40.2599983215332,25.086666107177734,103.1500015258789,77.66999816894531
2013-06-28T13:30:00.0,14.161786079406738,34.540000915527344,40.11000061035156,24.829999923706055,102.44000244140625,76.98999786376953
2013-07-01T13:30:00.0,14.614999771118164,34.36000061035156,40.459999084472656,24.863332748413086,103.23999786376953,78.0199966430664
2013-07-02T13:30:00.0,14.946070671081543,33.939998626708984,40.369998931884766,24.90333366394043,101.47000122070312,78.44000244140625
2013-07-03T13:30:00.0,15.028571128845215,34.0099983215332,40.4900016784668,24.920000076293945,102.88999938964844,78.56999969482422
2013-07-05T13:30:00.0,14.907856941223145,34.209999084472656,40.52000045776367,25.06999969482422,104.19999694824219,78.33999633789062
2013-07-08T13:30:00.0,14.823213577270508,34.33000183105469,40.540000915527344,25.56999969482422,104.37000274658203,78.76000213623047
2013-07-09T13:30:00.0,15.083929061889648,34.349998474121094,40.83000183105469,25.676666259765625,104.68000030517578,79.56999969482422
2013-07-10T13:30:00.0,15.026070594787598,34.70000076293945,40.68000030517578,25.59000015258789,105.5,79.80000305175781
2013-07-11T13:30:00.0,15.260356903076172,35.689998626708984,41.029998779296875,25.876667022705078,106.87999725341797,80.7699966430664
2013-07-12T13:30:00.0,15.232500076293945,35.66999816894531,41.029998779296875,25.876667022705078,101.87000274658203,81.55000305175781
2013-07-15T13:30:00.0,15.265713691711426,36.16999816894531,41.0099983215332,25.676666259765625,105.66000366210938,81.51000213623047
2013-07-16T13:30:00.0,15.364286422729492,36.27000045776367,40.22999954223633,25.790000915527344,104.2300033569336,80.97000122070312
2013-07-17T13:30:00.0,15.368213653564453,35.7400016784668,40.84000015258789,25.733333587646484,104.79000091552734,80.08999633789062
2013-07-18T13:30:00.0,15.420000076293945,35.439998626708984,40.810001373291016,25.780000686645508,107.62999725341797,80.30000305175781
2013-07-19T13:30:00.0,15.176786422729492,31.399999618530273,41.09000015258789,26.02666664123535,106.95999908447266,81.37000274658203
2013-07-22T13:30:00.0,15.225357055664062,32.0099983215332,40.84000015258789,25.956666946411133,106.86000061035156,81.22000122070312
2013-07-23T13:30:00.0,14.963929176330566,31.81999969482422,40.959999084472656,26.183332443237305,107.79000091552734,80.94999694824219
2013-07-24T13:30:00.0,15.732500076293945,31.959999084472656,40.86000061035156,26.07666778564453,106.94999694824219,80.2699966430664
2013-07-25T13:30:00.0,15.660714149475098,31.389999389648438,40.84000015258789,26.003332138061523,106.69999694824219,80.41000366210938
2013-07-26T13:30:00.0,15.749643325805664,31.6200008392334,40.63999938964844,26.0,105.5999984741211,80.38999938964844
2013-07-29T13:30:00.0,15.992500305175781,31.540000915527344,40.279998779296875,25.996667861938477,104.80999755859375,80.08999633789062
2013-07-30T13:30:00.0,16.190000534057617,31.850000381469727,40.31999969482422,25.963333129882812,105.7300033569336,80.44000244140625
2013-07-31T13:30:00.0,16.161785125732422,31.84000015258789,40.08000183105469,25.979999542236328,105.0999984741211,80.30000305175781
2013-08-01T13:30:00.0,16.309999465942383,31.670000076293945,40.56999969482422,26.073333740234375,106.69999694824219,81.63999938964844
2013-08-02T13:30:00.0,16.519285202026367,31.889999389648438,40.220001220703125,26.25,107.9000015258789,81.29000091552734
2013-08-05T13:30:00.0,16.766071319580078,31.700000762939453,40.290000915527344,26.25666618347168,107.5,81.4000015258789
2013-08-06T13:30:00.0,16.616071701049805,31.579999923706055,40.369998931884766,25.956666946411133,107.04000091552734,81.73999786376953
2013-08-07T13:30:00.0,16.606428146362305,32.060001373291016,40.150001525878906,25.790000915527344,106.41999816894531,81.95999908447266
2013-08-08T13:30:00.0,16.464643478393555,32.88999938964844,40.20000076293945,25.75,105.83999633789062,82.16999816894531
2013-08-09T13:30:00.0,16.230356216430664,32.70000076293945,40.15999984741211,25.633333206176758,105.33000183105469,81.63999938964844
2013-08-12T13:30:00.0,16.691429138183594,32.869998931884766,39.83000183105469,25.69333267211914,104.23999786376953,81.62000274658203
2013-08-13T13:30:00.0,17.484643936157227,32.22999954223633,39.650001525878906,25.6200008392334,106.2300033569336,81.66000366210938
2013-08-14T13:30:00.0,17.803571701049805,32.349998474121094,39.529998779296875,25.46666717529297,104.16000366210938,81.25
2013-08-15T13:30:00.0,17.782499313354492,31.790000915527344,39.09000015258789,24.803333282470703,102.7300033569336,80.4800033569336
2013-08-16T13:30:00.0,17.940357208251953,31.799999237060547,39.04999923706055,24.703332901000977,103.47000122070312,79.9000015258789
2013-08-19T13:30:00.0,18.13357162475586,31.389999389648438,38.779998779296875,24.52666664123535,104.72000122070312,79.58999633789062
2013-08-20T13:30:00.0,17.895357131958008,31.6200008392334,38.650001525878906,24.40999984741211,104.62999725341797,79.52999877929688
2013-08-21T13:30:00.0,17.941429138183594,31.610000610351562,38.279998779296875,24.516666412353516,103.91000366210938,79.37999725341797
2013-08-22T13:30:00.0,17.96285629272461,32.38999938964844,38.310001373291016,24.48666763305664,105.13999938964844,79.7699966430664
2013-08-23T13:30:00.0,17.893571853637695,34.75,38.52000045776367,24.479999542236328,105.4800033569336,80.01000213623047
2013-08-26T13:30:00.0,17.963214874267578,34.150001525878906,38.119998931884766,24.343332290649414,105.52999877929688,78.54000091552734
2013-08-27T13:30:00.0,17.449642181396484,33.2599983215332,38.150001525878906,24.286666870117188,103.20999908447266,77.97000122070312
2013-08-28T13:30:00.0,17.532142639160156,33.02000045776367,38.349998474121094,24.126667022705078,103.2699966430664,76.8499984741211
2013-08-29T13:30:00.0,17.560714721679688,33.54999923706055,38.099998474121094,24.143333435058594,104.93000030517578,77.30999755859375
2013-08-30T13:30:00.0,17.400714874267578,33.400001525878906,38.18000030517578,24.32666778564453,103.91999816894531,77.88999938964844
2013-09-03T13:30:00.0,17.44928550720215,31.8799991607666,37.900001525878906,24.226667404174805,105.01000213623047,77.75
2013-09-04T13:30:00.0,17.81035614013672,31.200000762939453,38.540000915527344,24.303333282470703,106.37000274658203,77.48999786376953
2013-09-05T13:30:00.0,17.688213348388672,31.229999542236328,38.2400016784668,24.22333335876465,106.6500015258789,77.13999938964844
2013-09-06T13:30:00.0,17.79357147216797,31.149999618530273,38.349998474121094,24.196666717529297,106.06999969482422,77.1500015258789
2013-09-09T13:30:00.0,18.077499389648438,31.65999984741211,38.52000045776367,24.503332138061523,107.19000244140625,78.16000366210938
2013-09-10T13:30:00.0,17.665714263916016,32.38999938964844,38.630001068115234,24.65333366394043,108.16999816894531,77.94999694824219
2013-09-11T13:30:00.0,16.703929901123047,32.7400016784668,38.779998779296875,24.683332443237305,109.2300033569336,78.2699966430664
2013-09-12T13:30:00.0,16.881786346435547,32.689998626708984,38.439998626708984,24.636667251586914,109.80000305175781,78.26000213623047
2013-09-13T13:30:00.0,16.60357093811035,33.029998779296875,38.689998626708984,24.786666870117188,111.33000183105469,79.05000305175781
2013-09-16T13:30:00.0,16.075714111328125,32.79999923706055,38.86000061035156,24.926666259765625,115.66999816894531,80.16000366210938
2013-09-17T13:30:00.0,16.261428833007812,32.93000030517578,38.790000915527344,25.049999237060547,117.11000061035156,79.83000183105469
2013-09-18T13:30:00.0,16.595714569091797,33.31999969482422,39.59000015258789,25.47333335876465,118.4000015258789,80.30000305175781
2013-09-19T13:30:00.0,16.867856979370117,33.63999938964844,39.310001373291016,25.40333366394043,119.04000091552734,80.12000274658203
2013-09-20T13:30:00.0,16.693214416503906,32.790000915527344,39.400001525878906,25.27666664123535,116.62999725341797,79.38999938964844
2013-09-23T13:30:00.0,17.522857666015625,32.7400016784668,38.630001068115234,25.47333335876465,117.51000213623047,79.27999877929688
2013-09-24T13:30:00.0,17.467857360839844,32.45000076293945,38.529998779296875,25.25,119.0,78.62000274658203
2013-09-25T13:30:00.0,17.197500228881836,32.5099983215332,38.33000183105469,24.883333206176758,118.51000213623047,77.72000122070312
2013-09-26T13:30:00.0,17.364999771118164,32.77000045776367,38.7400016784668,24.873332977294922,119.37999725341797,78.05000305175781
2013-09-27T13:30:00.0,17.241071701049805,33.27000045776367,38.400001525878906,24.786666870117188,118.73999786376953,77.20999908447266
2013-09-30T13:30:00.0,17.02678680419922,33.279998779296875,37.880001068115234,24.65333366394043,117.5,75.58999633789062
2013-10-01T13:30:00.0,17.427143096923828,33.58000183105469,37.95000076293945,24.530000686645508,117.75,76.16000366210938
2013-10-02T13:30:00.0,17.484285354614258,33.91999816894531,37.43000030517578,24.573333740234375,117.83999633789062,75.93000030517578
2013-10-03T13:30:00.0,17.2646427154541,33.86000061035156,37.15999984741211,24.386667251586914,115.23999786376953,75.83999633789062
2013-10-04T13:30:00.0,17.25107192993164,33.880001068115234,37.20000076293945,24.266666412353516,117.19999694824219,76.0199966430664
2013-10-07T13:30:00.0,17.41964340209961,33.29999923706055,37.04999923706055,23.956666946411133,116.69000244140625,75.6500015258789
2013-10-08T13:30:00.0,17.176429748535156,33.0099983215332,37.279998779296875,24.299999237060547,115.44000244140625,76.33000183105469
2013-10-09T13:30:00.0,17.37821388244629,33.06999969482422,37.08000183105469,24.333332061767578,114.47000122070312,76.94999694824219
2013-10-10T13:30:00.0,17.48714256286621,33.7599983215332,37.779998779296875,24.93000030517578,118.9000015258789,77.88999938964844
2013-10-11T13:30:00.0,17.600357055664062,34.130001068115234,37.77000045776367,24.940000534057617,117.9800033569336,78.4800033569336
2013-10-14T13:30:00.0,17.715713500976562,34.45000076293945,37.90999984741211,24.893333435058594,119.45999908447266,78.73999786376953
2013-10-15T13:30:00.0,17.809999465942383,34.4900016784668,37.65999984741211,24.790000915527344,118.18000030517578,77.5999984741211
2013-10-16T13:30:00.0,17.896785736083984,34.63999938964844,38.0,25.200000762939453,120.33999633789062,78.33999633789062
2013-10-17T13:30:00.0,18.01785659790039,34.91999816894531,38.54999923706055,25.260000228881836,122.29000091552734,79.41999816894531
2013-10-18T13:30:00.0,18.17464256286621,34.959999084472656,38.779998779296875,25.23666763305664,122.5199966430664,79.41000366210938
2013-10-21T13:30:00.0,18.6200008392334,34.9900016784668,38.81999969482422,25.049999237060547,121.47000122070312,78.97000122070312
2013-10-22T13:30:00.0,18.56678581237793,34.58000183105469,39.09000015258789,25.440000534057617,122.4800033569336,80.37999725341797
2013-10-23T13:30:00.0,18.748571395874023,33.7599983215332,39.09000015258789,25.299999237060547,129.02000427246094,80.91000366210938
2013-10-24T13:30:00.0,18.99678611755371,33.720001220703125,38.79999923706055,25.47333335876465,128.97999572753906,80.61000061035156
2013-10-25T13:30:00.0,18.784286499023438,35.72999954223633,39.029998779296875,25.360000610351562,131.19000244140625,80.0
2013-10-28T13:30:00.0,18.924285888671875,35.56999969482422,39.61000061035156,25.713333129882812,129.8800048828125,81.30000305175781
2013-10-29T13:30:00.0,18.452856063842773,35.52000045776367,39.79999923706055,25.68666648864746,129.66000366210938,82.45999908447266
2013-10-30T13:30:00.0,18.746429443359375,35.540000915527344,39.619998931884766,25.636667251586914,129.67999267578125,81.5199966430664
2013-10-31T13:30:00.0,18.667856216430664,35.40999984741211,39.56999969482422,25.583332061767578,130.5,80.75
2013-11-01T13:30:00.0,18.572500228881836,35.529998779296875,39.61000061035156,25.690000534057617,133.02999877929688,81.1500015258789
2013-11-04T14:30:00.0,18.8125,35.939998626708984,39.5099983215332,25.77666664123535,132.7899932861328,81.33000183105469
2013-11-05T14:30:00.0,18.766071319580078,36.63999938964844,39.5,25.80666732788086,133.57000732421875,81.43000030517578
2013-11-06T14:30:00.0,18.604286193847656,38.18000030517578,40.04999923706055,26.053333282470703,133.08999633789062,82.80999755859375
2013-11-07T14:30:00.0,18.303213119506836,37.5,39.83000183105469,25.836666107177734,131.50999450683594,82.31999969482422
2013-11-08T14:30:00.0,18.591428756713867,37.779998779296875,40.04999923706055,25.98666763305664,133.49000549316406,82.51000213623047
2013-11-11T14:30:00.0,18.537500381469727,37.59000015258789,39.869998931884766,26.336666107177734,132.52999877929688,82.26000213623047
2013-11-12T14:30:00.0,18.571786880493164,37.36000061035156,39.880001068115234,26.23666763305664,132.3300018310547,82.80000305175781
2013-11-13T14:30:00.0,18.593929290771484,38.15999984741211,40.119998931884766,26.299999237060547,133.1699981689453,83.5
2013-11-14T14:30:00.0,18.862857818603516,38.02000045776367,40.209999084472656,26.360000610351562,135.08999633789062,84.31999969482422
2013-11-15T14:30:00.0,18.749643325805664,37.84000015258789,40.220001220703125,26.406667709350586,136.0800018310547,84.83999633789062
2013-11-18T14:30:00.0,18.522499084472656,37.20000076293945,40.16999816894531,26.406667709350586,138.36000061035156,84.56999969482422
2013-11-19T14:30:00.0,18.555356979370117,36.7400016784668,40.13999938964844,26.416667938232422,136.97999572753906,84.33999633789062
2013-11-20T14:30:00.0,18.39285659790039,37.08000183105469,40.060001373291016,26.299999237060547,132.4499969482422,84.69000244140625
2013-11-21T14:30:00.0,18.61214256286621,37.400001525878906,40.43000030517578,26.286666870117188,132.92999267578125,84.66999816894531
2013-11-22T14:30:00.0,18.564285278320312,37.56999969482422,40.43000030517578,26.60333251953125,135.97000122070312,84.94999694824219
2013-11-25T14:30:00.0,18.704999923706055,37.63999938964844,40.369998931884766,26.809999465942383,133.0,85.41000366210938
2013-11-26T14:30:00.0,19.049999237060547,37.349998474121094,40.25,26.893333435058594,134.77999877929688,84.63999938964844
2013-11-27T14:30:00.0,19.498571395874023,37.599998474121094,40.189998626708984,26.976667404174805,134.72000122070312,84.27999877929688
2013-11-29T14:30:00.0,19.859643936157227,38.130001068115234,40.189998626708984,27.003332138061523,134.25,84.22000122070312
2013-12-02T14:30:00.0,19.686786651611328,38.45000076293945,40.08000183105469,27.036666870117188,134.16000366210938,83.33999633789062
2013-12-03T14:30:00.0,20.2257137298584,38.310001373291016,40.349998474121094,27.06999969482422,132.0,83.83000183105469
2013-12-04T14:30:00.0,20.178571701049805,38.939998626708984,40.369998931884766,26.739999771118164,131.5,83.3499984741211
2013-12-05T14:30:00.0,20.282142639160156,38.0,39.83000183105469,26.479999542236328,132.72999572753906,82.69000244140625
2013-12-06T14:30:00.0,20.000713348388672,38.36000061035156,40.459999084472656,26.64666748046875,135.17999267578125,84.5199966430664
2013-12-09T14:30:00.0,20.229642868041992,38.709999084472656,40.400001525878906,26.649999618530273,134.67999267578125,84.77999877929688
2013-12-10T14:30:00.0,20.198213577270508,38.11000061035156,39.849998474121094,26.360000610351562,133.6999969482422,83.6500015258789
2013-12-11T14:30:00.0,20.04857063293457,37.61000061035156,40.130001068115234,26.363332748413086,132.55999755859375,84.0199966430664
2013-12-12T14:30:00.0,20.019285202026367,37.220001220703125,39.209999084472656,26.166667938232422,132.9600067138672,82.30000305175781
2013-12-13T14:30:00.0,19.801071166992188,36.689998626708984,39.22999954223633,26.02666664123535,133.8300018310547,82.37000274658203
2013-12-16T14:30:00.0,19.91071319580078,36.88999938964844,39.27000045776367,25.913333892822266,134.72000122070312,81.69000244140625
2013-12-17T14:30:00.0,19.82107162475586,36.52000045776367,39.099998474121094,25.75,135.8800048828125,80.91000366210938
2013-12-18T14:30:00.0,19.67035675048828,36.58000183105469,40.02000045776367,25.979999542236328,135.49000549316406,82.37999725341797
2013-12-19T14:30:00.0,19.44499969482422,36.25,39.86000061035156,25.746667861938477,135.1699981689453,81.9000015258789
2013-12-20T14:30:00.0,19.60785675048828,36.79999923706055,40.040000915527344,25.809999465942383,136.6699981689453,81.83999633789062
2013-12-23T14:30:00.0,20.3603572845459,36.619998931884766,40.15999984741211,25.956666946411133,136.39999389648438,81.30999755859375
2013-12-24T14:30:00.0,20.273929595947266,37.08000183105469,40.189998626708984,26.003332138061523,136.8300018310547,81.30999755859375
2013-12-26T14:30:00.0,20.139286041259766,37.439998626708984,40.4900016784668,26.1299991607666,138.27000427246094,81.76000213623047
2013-12-27T14:30:00.0,20.00321388244629,37.290000915527344,40.65999984741211,26.156667709350586,136.89999389648438,82.01000213623047
2013-12-30T14:30:00.0,19.804285049438477,37.290000915527344,41.09000015258789,26.209999084472656,135.9199981689453,82.0
2013-12-31T14:30:00.0,20.036428451538086,37.40999984741211,41.310001373291016,26.229999542236328,136.49000549316406,81.41000366210938
2014-01-02T14:30:00.0,19.754642486572266,37.15999984741211,40.65999984741211,26.303333282470703,136.6699981689453,80.54000091552734
2014-01-03T14:30:00.0,19.320714950561523,36.90999984741211,40.459999084472656,26.21666717529297,137.6199951171875,80.44999694824219
2014-01-06T14:30:00.0,19.426071166992188,36.130001068115234,40.27000045776367,26.06999969482422,138.41000366210938,80.63999938964844
2014-01-07T14:30:00.0,19.28714370727539,36.40999984741211,40.38999938964844,26.149999618530273,140.50999450683594,81.41999816894531
2014-01-08T14:30:00.0,19.409286499023438,35.7599983215332,39.939998626708984,25.94333267211914,140.82000732421875,80.23999786376953
2014-01-09T14:30:00.0,19.161428451538086,35.529998779296875,39.72999954223633,26.030000686645508,142.1300048828125,80.41999816894531
2014-01-10T14:30:00.0,19.033571243286133,36.040000915527344,40.130001068115234,26.01333236694336,141.89999389648438,80.30000305175781
2014-01-13T14:30:00.0,19.133214950561523,34.97999954223633,39.529998779296875,25.829999923706055,140.6999969482422,80.01000213623047
2014-01-14T14:30:00.0,19.51392936706543,35.779998779296875,39.689998626708984,25.98666763305664,140.00999450683594,80.87000274658203
2014-01-15T14:30:00.0,19.90571403503418,36.7599983215332,39.7599983215332,25.886667251586914,140.6199951171875,80.79000091552734
2014-01-16T14:30:00.0,19.79464340209961,36.88999938964844,39.709999084472656,25.586666107177734,140.2100067138672,80.55999755859375
2014-01-17T14:30:00.0,19.309642791748047,36.380001068115234,39.279998779296875,25.39666748046875,140.4600067138672,79.87999725341797
2014-01-21T14:30:00.0,19.609643936157227,36.16999816894531,39.91999816894531,25.280000686645508,141.6699981689453,80.18000030517578
2014-01-22T14:30:00.0,19.696786880493164,35.93000030517578,39.900001525878906,25.116666793823242,144.3699951171875,79.2300033569336
2014-01-23T14:30:00.0,19.863571166992188,36.060001373291016,39.2400016784668,24.98666763305664,141.30999755859375,78.23999786376953
2014-01-24T14:30:00.0,19.502500534057617,36.810001373291016,38.84000015258789,24.80666732788086,136.64999389648438,79.18000030517578
2014-01-27T14:30:00.0,19.66071319580078,36.029998779296875,38.72999954223633,24.71666717529297,137.36000061035156,78.47000122070312
2014-01-28T14:30:00.0,18.08928680419922,36.27000045776367,38.869998931884766,24.889999389648438,137.08999633789062,79.11000061035156
2014-01-29T14:30:00.0,17.883928298950195,36.65999984741211,37.900001525878906,24.700000762939453,129.77999877929688,77.63999938964844
2014-01-30T14:30:00.0,17.849285125732422,36.86000061035156,38.16999816894531,24.916667938232422,126.52999877929688,76.87000274658203
2014-01-31T14:30:00.0,17.878570556640625,37.84000015258789,37.81999969482422,24.893333435058594,125.26000213623047,76.62000274658203
2014-02-03T14:30:00.0,17.911785125732422,36.47999954223633,37.20000076293945,24.219999313354492,123.08000183105469,75.69999694824219
2014-02-04T14:30:00.0,18.171070098876953,36.349998474121094,37.47999954223633,24.24333381652832,122.04000091552734,76.08999633789062
2014-02-05T14:30:00.0,18.306785583496094,35.81999969482422,37.61000061035156,24.290000915527344,121.4000015258789,76.44999694824219
2014-02-06T14:30:00.0,18.30392837524414,36.18000030517578,38.029998779296875,24.273332595825195,122.66999816894531,76.9000015258789
2014-02-07T14:30:00.0,18.559999465942383,36.560001373291016,37.95000076293945,24.583332061767578,127.0199966430664,77.30999755859375
2014-02-10T14:30:00.0,18.892499923706055,36.79999923706055,38.56999969482422,24.586666107177734,127.16000366210938,78.02999877929688
2014-02-11T14:30:00.0,19.141429901123047,37.16999816894531,38.63999938964844,24.933332443237305,130.16000366210938,78.83999633789062
2014-02-12T14:30:00.0,19.139999389648438,37.470001220703125,38.5099983215332,24.98666763305664,128.1300048828125,77.48999786376953
2014-02-13T14:30:00.0,19.44392967224121,37.61000061035156,38.650001525878906,25.1200008392334,129.5,77.80000305175781
2014-02-14T14:30:00.0,19.428213119506836,37.619998931884766,38.93000030517578,25.26333236694336,130.16000366210938,79.4000015258789
2014-02-18T14:30:00.0,19.499643325805664,37.41999816894531,37.470001220703125,25.110000610351562,130.6300048828125,77.97000122070312
2014-02-19T14:30:00.0,19.19178581237793,37.5099983215332,37.099998474121094,24.950000762939453,128.38999938964844,78.13999938964844
2014-02-20T14:30:00.0,18.969642639160156,37.75,37.29999923706055,24.50666618347168,129.55999755859375,77.91999816894531
2014-02-21T14:30:00.0,18.758928298950195,37.97999954223633,37.18000030517578,24.373332977294922,128.27999877929688,77.97000122070312
2014-02-24T14:30:00.0,18.8410701751709,37.689998626708984,37.5,24.450000762939453,129.58999633789062,77.86000061035156
2014-02-25T14:30:00.0,18.645000457763672,37.540000915527344,37.77000045776367,24.450000762939453,126.77999877929688,78.12000274658203
2014-02-26T14:30:00.0,18.47678565979004,37.470001220703125,37.869998931884766,24.926666259765625,126.61000061035156,77.86000061035156
2014-02-27T14:30:00.0,18.84535789489746,37.86000061035156,38.06999969482422,24.85333251953125,128.55999755859375,78.19000244140625
2014-02-28T14:30:00.0,18.794286727905273,38.310001373291016,38.20000076293945,24.899999618530273,128.9199981689453,78.66000366210938
2014-03-03T14:30:00.0,18.84857177734375,37.779998779296875,38.119998931884766,24.706666946411133,128.22000122070312,77.4800033569336
2014-03-04T14:30:00.0,18.972856521606445,38.40999984741211,38.310001373291016,25.043333053588867,130.22999572753906,78.44999694824219
2014-03-05T14:30:00.0,19.01285743713379,38.11000061035156,38.349998474121094,24.933332443237305,128.7899932861328,77.81999969482422
2014-03-06T14:30:00.0,18.95535659790039,38.150001525878906,38.470001220703125,24.959999084472656,128.86000061035156,78.05999755859375
2014-03-07T14:30:00.0,18.944286346435547,37.900001525878906,38.54999923706055,24.860000610351562,128.5399932861328,78.37999725341797
2014-03-10T13:30:00.0,18.961429595947266,37.81999969482422,38.650001525878906,24.809999465942383,126.88999938964844,78.52999877929688
2014-03-11T13:30:00.0,19.14607048034668,38.02000045776367,38.79999923706055,24.97333335876465,125.66999816894531,78.94999694824219
2014-03-12T13:30:00.0,19.164642333984375,38.27000045776367,38.470001220703125,25.176666259765625,124.43000030517578,79.23999786376953
2014-03-13T13:30:00.0,18.951786041259766,37.88999938964844,37.970001220703125,24.976667404174805,121.88999938964844,79.19000244140625
2014-03-14T13:30:00.0,18.738929748535156,37.70000076293945,38.16999816894531,24.760000228881836,123.11000061035156,78.9800033569336
2014-03-17T13:30:00.0,18.812143325805664,38.04999923706055,38.27000045776367,24.893333435058594,125.41999816894531,79.83999633789062
2014-03-18T13:30:00.0,18.97857093811035,39.54999923706055,38.400001525878906,24.92333221435547,124.04000091552734,79.7699966430664
2014-03-19T13:30:00.0,18.97357177734375,39.27000045776367,38.13999938964844,24.793333053588867,122.23999786376953,78.77999877929688
2014-03-20T13:30:00.0,18.882143020629883,40.33000183105469,38.45000076293945,25.126667022705078,123.7300033569336,78.31999969482422
2014-03-21T13:30:00.0,19.031070709228516,40.15999984741211,38.439998626708984,25.366666793823242,122.58000183105469,77.87999725341797
2014-03-24T13:30:00.0,19.256786346435547,40.5,38.400001525878906,25.586666107177734,123.41999816894531,79.30000305175781
2014-03-25T13:30:00.0,19.46392822265625,40.34000015258789,38.619998931884766,25.623332977294922,124.0199966430664,79.80999755859375
2014-03-26T13:30:00.0,19.277856826782227,39.790000915527344,38.61000061035156,25.40999984741211,123.52999877929688,79.5
2014-03-27T13:30:00.0,19.19499969482422,39.36000061035156,38.81999969482422,25.3799991607666,123.20999908447266,79.6500015258789
2014-03-28T13:30:00.0,19.17357063293457,40.29999923706055,38.95000076293945,25.336666107177734,124.45999908447266,79.76000213623047
2014-03-31T13:30:00.0,19.169286727905273,40.9900016784668,38.65999984741211,25.476667404174805,125.48999786376953,80.5999984741211
2014-04-01T13:30:00.0,19.344642639160156,41.41999816894531,38.40999984741211,25.59000015258789,128.2100067138672,80.33999633789062
2014-04-02T13:30:00.0,19.376785278320312,41.349998474121094,38.33000183105469,25.726667404174805,128.30999755859375,80.12999725341797
2014-04-03T13:30:00.0,19.24250030517578,41.0099983215332,38.06999969482422,25.81999969482422,128.77999877929688,80.0999984741211
2014-04-04T13:30:00.0,18.99357032775879,39.869998931884766,38.220001220703125,25.770000457763672,127.37999725341797,79.7699966430664
2014-04-07T13:30:00.0,18.695356369018555,39.79999923706055,38.619998931884766,25.770000457763672,125.58999633789062,80.48999786376953
2014-04-08T13:30:00.0,18.694286346435547,39.81999969482422,38.900001525878906,26.059999465942383,124.1500015258789,81.3499984741211
2014-04-09T13:30:00.0,18.940000534057617,40.470001220703125,38.9900016784668,25.989999771118164,126.87999725341797,81.48999786376953
2014-04-10T13:30:00.0,18.695714950561523,39.36000061035156,38.88999938964844,25.6299991607666,123.63999938964844,81.08999633789062
2014-04-11T13:30:00.0,18.5575008392334,39.209999084472656,38.630001068115234,25.5,122.06999969482422,80.76000213623047
2014-04-14T13:30:00.0,18.63142967224121,39.18000030517578,38.72999954223633,25.793333053588867,123.25,80.80999755859375
2014-04-15T13:30:00.0,18.498571395874023,39.75,40.18000030517578,25.626667022705078,124.2699966430664,80.83999633789062
2014-04-16T13:30:00.0,18.53607177734375,40.400001525878906,40.59000015258789,25.739999771118164,126.04000091552734,81.6500015258789
2014-04-17T13:30:00.0,18.74785614013672,40.0099983215332,40.720001220703125,25.886667251586914,127.91999816894531,81.76000213623047
2014-04-21T13:30:00.0,18.97035789489746,39.939998626708984,40.75,25.866666793823242,127.81999969482422,81.55999755859375
2014-04-22T13:30:00.0,18.989286422729492,39.9900016784668,40.709999084472656,25.85333251953125,127.55000305175781,81.25
2014-04-23T13:30:00.0,18.741071701049805,39.689998626708984,40.72999954223633,26.01333236694336,130.6300048828125,80.36000061035156
2014-04-24T13:30:00.0,20.27750015258789,39.86000061035156,40.70000076293945,26.10333251953125,129.86000061035156,81.1500015258789
2014-04-25T13:30:00.0,20.426429748535156,39.90999984741211,41.0099983215332,26.206666946411133,128.66000366210938,81.41000366210938
2014-04-28T13:30:00.0,21.217500686645508,40.869998931884766,41.029998779296875,26.586666107177734,127.04000091552734,82.94000244140625
2014-04-29T13:30:00.0,21.15464210510254,40.5099983215332,40.56999969482422,26.55666732788086,128.3699951171875,82.44000244140625
2014-04-30T13:30:00.0,21.074642181396484,40.400001525878906,40.790000915527344,26.56999969482422,129.02000427246094,82.55000305175781
2014-05-01T13:30:00.0,21.124286651611328,40.0,40.779998779296875,26.566667556762695,128.4600067138672,82.33999633789062
2014-05-02T13:30:00.0,21.163570404052734,39.689998626708984,40.95000076293945,26.373332977294922,129.94000244140625,81.91999816894531
2014-05-05T13:30:00.0,21.46285629272461,39.43000030517578,40.7599983215332,26.206666946411133,131.9600067138672,81.69999694824219
2014-05-06T13:30:00.0,21.22892951965332,39.060001373291016,40.4900016784668,26.003332138061523,130.8300018310547,81.12999725341797
2014-05-07T13:30:00.0,21.15464210510254,39.41999816894531,40.90999984741211,25.98666763305664,130.35000610351562,82.08999633789062
2014-05-08T13:30:00.0,20.999643325805664,39.63999938964844,40.72999954223633,26.229999542236328,130.57000732421875,82.16000366210938
2014-05-09T13:30:00.0,20.91214370727539,39.540000915527344,40.869998931884766,26.399999618530273,131.10000610351562,82.38999938964844
2014-05-12T13:30:00.0,21.172500610351562,39.970001220703125,40.81999969482422,26.383333206176758,132.60000610351562,81.7300033569336
2014-05-13T13:30:00.0,21.205713272094727,40.41999816894531,41.11000061035156,26.3799991607666,133.4499969482422,81.61000061035156
2014-05-14T13:30:00.0,21.20964241027832,40.2400016784668,40.88999938964844,26.246667861938477,132.99000549316406,81.16999816894531
2014-05-15T13:30:00.0,21.029285430908203,39.599998474121094,40.52000045776367,25.610000610351562,131.2100067138672,80.52999877929688
2014-05-16T13:30:00.0,21.339643478393555,39.83000183105469,40.88999938964844,25.670000076293945,130.80999755859375,80.33000183105469
2014-05-19T13:30:00.0,21.592500686645508,39.75,40.709999084472656,25.536666870117188,131.35000610351562,79.93000030517578
2014-05-20T13:30:00.0,21.596786499023438,39.68000030517578,40.58000183105469,25.229999542236328,129.5800018310547,80.2300033569336
2014-05-21T13:30:00.0,21.653928756713867,40.349998474121094,40.869998931884766,25.219999313354492,130.9600067138672,80.48999786376953
2014-05-22T13:30:00.0,21.688213348388672,40.099998474121094,40.58000183105469,25.1299991607666,131.83999633789062,80.6500015258789
2014-05-23T13:30:00.0,21.93321418762207,40.119998931884766,40.58000183105469,25.203332901000977,132.41000366210938,80.5199966430664
2014-05-27T13:30:00.0,22.343929290771484,40.189998626708984,40.77000045776367,25.196666717529297,134.1699981689453,80.08000183105469
2014-05-28T13:30:00.0,22.28607177734375,40.0099983215332,40.58000183105469,25.176666259765625,134.3300018310547,80.0999984741211
2014-05-29T13:30:00.0,22.692142486572266,40.34000015258789,40.65999984741211,25.32666778564453,135.13999938964844,80.4000015258789
2014-05-30T13:30:00.0,22.60714340209961,40.939998626708984,40.90999984741211,25.59000015258789,135.25,80.79000091552734
2014-06-02T13:30:00.0,22.451786041259766,40.790000915527344,40.86000061035156,25.586666107177734,135.89999389648438,80.36000061035156
2014-06-03T13:30:00.0,22.769285202026367,40.290000915527344,40.880001068115234,25.56999969482422,135.8800048828125,79.93000030517578
2014-06-04T13:30:00.0,23.029285430908203,40.31999969482422,40.790000915527344,25.709999084472656,135.3300018310547,79.86000061035156
2014-06-05T13:30:00.0,23.11964225769043,41.209999084472656,40.88999938964844,25.773332595825195,136.82000732421875,80.11000061035156
2014-06-06T13:30:00.0,23.05607032775879,41.47999954223633,40.9900016784668,25.73666763305664,138.25,80.02999877929688
2014-06-09T13:30:00.0,23.424999237060547,41.27000045776367,40.90999984741211,25.670000076293945,137.9600067138672,80.08999633789062
2014-06-10T13:30:00.0,23.5625,41.11000061035156,41.06999969482422,25.540000915527344,137.25,80.1500015258789
2014-06-11T13:30:00.0,23.46500015258789,40.86000061035156,40.86000061035156,25.386667251586914,134.10000610351562,80.05999755859375
2014-06-12T13:30:00.0,23.072500228881836,40.58000183105469,40.41999816894531,25.24333381652832,132.19000244140625,79.76000213623047
2014-06-13T13:30:00.0,22.81999969482422,41.22999954223633,40.369998931884766,25.093332290649414,132.2899932861328,79.63999938964844
2014-06-16T13:30:00.0,23.049999237060547,41.5,40.65999984741211,25.113332748413086,132.5399932861328,79.69000244140625
2014-06-17T13:30:00.0,23.020000457763672,41.68000030517578,40.91999816894531,24.996667861938477,132.4499969482422,79.58000183105469
2014-06-18T13:30:00.0,23.045000076293945,41.650001525878906,41.560001373291016,25.233333587646484,132.47999572753906,79.79000091552734
2014-06-19T13:30:00.0,22.96500015258789,41.5099983215332,41.790000915527344,25.290000915527344,132.82000732421875,80.23999786376953
2014-06-20T13:30:00.0,22.727500915527344,41.68000030517578,41.689998626708984,25.226667404174805,132.10000610351562,79.93000030517578
2014-06-23T13:30:00.0,22.707500457763672,41.9900016784668,41.72999954223633,25.26333236694336,130.85000610351562,79.5199966430664
2014-06-24T13:30:00.0,22.56999969482422,41.75,41.849998474121094,25.323333740234375,129.14999389648438,79.01000213623047
2014-06-25T13:30:00.0,22.59000015258789,42.029998779296875,41.959999084472656,25.206666946411133,127.05999755859375,79.31999969482422
2014-06-26T13:30:00.0,22.725000381469727,41.720001220703125,42.029998779296875,24.969999313354492,128.02000427246094,78.62000274658203
2014-06-27T13:30:00.0,22.9950008392334,42.25,42.189998626708984,25.113332748413086,128.5399932861328,79.0199966430664
2014-06-30T13:30:00.0,23.232500076293945,41.70000076293945,42.36000061035156,25.023332595825195,127.2300033569336,78.58999633789062
2014-07-01T13:30:00.0,23.3799991607666,41.869998931884766,42.290000915527344,25.093332290649414,128.14999389648438,79.27999877929688
2014-07-02T13:30:00.0,23.3700008392334,41.900001525878906,42.290000915527344,25.206666946411133,127.62000274658203,79.55999755859375
2014-07-03T13:30:00.0,23.50749969482422,41.79999923706055,42.22999954223633,25.25,128.50999450683594,79.9800033569336
2014-07-07T13:30:00.0,23.99250030517578,41.9900016784668,42.13999938964844,25.356666564941406,129.08999633789062,80.19000244140625
2014-07-08T13:30:00.0,23.837499618530273,41.779998779296875,41.939998626708984,25.549999237060547,126.79000091552734,80.55999755859375
2014-07-09T13:30:00.0,23.84749984741211,41.66999816894531,41.95000076293945,25.73666763305664,126.79000091552734,81.66999816894531
2014-07-10T13:30:00.0,23.760000228881836,41.689998626708984,42.2599983215332,25.68666648864746,126.79000091552734,81.61000061035156
2014-07-11T13:30:00.0,23.80500030517578,42.09000015258789,41.970001220703125,25.606666564941406,128.08999633789062,81.16000366210938
2014-07-14T13:30:00.0,24.112499237060547,42.13999938964844,42.380001068115234,25.516666412353516,129.52000427246094,81.31999969482422
2014-07-15T13:30:00.0,23.829999923706055,42.45000076293945,42.099998474121094,25.613332748413086,129.10000610351562,81.26000213623047
2014-07-16T13:30:00.0,23.69499969482422,44.08000183105469,42.119998931884766,25.6200008392334,127.41999816894531,80.94000244140625
2014-07-17T13:30:00.0,23.272499084472656,44.529998779296875,42.02000045776367,25.536666870117188,125.87999725341797,80.4000015258789
2014-07-18T13:30:00.0,23.607500076293945,44.689998626708984,42.43000030517578,25.696666717529297,127.63999938964844,80.55000305175781
2014-07-21T13:30:00.0,23.485000610351562,44.84000015258789,42.400001525878906,25.59000015258789,128.3000030517578,80.27999877929688
2014-07-22T13:30:00.0,23.68000030517578,44.83000183105469,41.189998626708984,25.546667098999023,129.74000549316406,80.0999984741211
2014-07-23T13:30:00.0,24.297500610351562,44.869998931884766,40.810001373291016,25.663333892822266,126.70999908447266,79.98999786376953
2014-07-24T13:30:00.0,24.25749969482422,44.400001525878906,40.970001220703125,25.450000762939453,124.4000015258789,80.26000213623047
2014-07-25T13:30:00.0,24.417499542236328,44.5,41.0,25.323333740234375,123.19999694824219,79.55999755859375
2014-07-28T13:30:00.0,24.7549991607666,43.970001220703125,40.68000030517578,25.23666763305664,123.05999755859375,79.26000213623047
2014-07-29T13:30:00.0,24.594999313354492,43.88999938964844,40.349998474121094,25.14666748046875,122.31999969482422,78.6500015258789
2014-07-30T13:30:00.0,24.537500381469727,43.58000183105469,39.619998931884766,24.926666259765625,122.29000091552734,78.16000366210938
2014-07-31T13:30:00.0,23.899999618530273,43.15999984741211,39.290000915527344,24.52666664123535,120.4800033569336,77.31999969482422
2014-08-01T13:30:00.0,24.032499313354492,42.86000061035156,39.290000915527344,24.51333236694336,120.37999725341797,79.6500015258789
2014-08-04T13:30:00.0,23.897499084472656,43.369998931884766,39.400001525878906,24.51333236694336,119.93000030517578,79.22000122070312
2014-08-05T13:30:00.0,23.780000686645508,43.08000183105469,39.18000030517578,24.446666717529297,121.2699966430664,79.41000366210938
2014-08-06T13:30:00.0,23.739999771118164,42.7400016784668,39.91999816894531,24.733333587646484,118.33999633789062,81.08999633789062
2014-08-07T13:30:00.0,23.6200008392334,43.22999954223633,39.349998474121094,24.649999618530273,119.83999633789062,80.13999938964844
2014-08-08T13:30:00.0,23.684999465942383,43.20000076293945,39.45000076293945,24.889999389648438,120.62999725341797,80.94999694824219
2014-08-11T13:30:00.0,23.997499465942383,43.20000076293945,39.56999969482422,24.786666870117188,120.80000305175781,81.4800033569336
2014-08-12T13:30:00.0,23.99250030517578,43.52000045776367,39.68000030517578,24.739999771118164,120.47000122070312,81.41999816894531
2014-08-13T13:30:00.0,24.309999465942383,44.08000183105469,39.939998626708984,24.676666259765625,121.9800033569336,81.4800033569336
2014-08-14T13:30:00.0,24.375,44.27000045776367,40.18000030517578,24.796667098999023,124.11000061035156,81.94999694824219
2014-08-15T13:30:00.0,24.4950008392334,44.790000915527344,40.880001068115234,24.633333206176758,123.16000366210938,81.77999877929688
2014-08-18T13:30:00.0,24.790000915527344,45.11000061035156,41.349998474121094,24.829999923706055,124.9800033569336,82.44000244140625
2014-08-19T13:30:00.0,25.13249969482422,45.33000183105469,41.2599983215332,24.959999084472656,125.58000183105469,82.69000244140625
2014-08-20T13:30:00.0,25.142499923706055,44.95000076293945,41.25,24.98666763305664,127.3499984741211,82.80999755859375
2014-08-21T13:30:00.0,25.145000457763672,45.220001220703125,41.40999984741211,25.183332443237305,127.5,83.27999877929688
2014-08-22T13:30:00.0,25.329999923706055,45.150001525878906,41.119998931884766,25.24333381652832,127.45999908447266,83.38999938964844
2014-08-25T13:30:00.0,25.385000228881836,45.16999816894531,41.40999984741211,25.229999542236328,128.3300018310547,83.54000091552734
2014-08-26T13:30:00.0,25.22249984741211,45.0099983215332,41.599998474121094,25.17333221435547,128.60000610351562,83.37999725341797
2014-08-27T13:30:00.0,25.532499313354492,44.869998931884766,41.599998474121094,25.28333282470703,128.1999969482422,83.30999755859375
2014-08-28T13:30:00.0,25.5625,44.880001068115234,41.630001068115234,25.299999237060547,127.11000061035156,83.02999877929688
2014-08-29T13:30:00.0,25.625,45.43000030517578,41.720001220703125,25.166667938232422,126.80000305175781,83.11000061035156
2014-09-02T13:30:00.0,25.825000762939453,45.09000015258789,41.63999938964844,25.25,125.4800033569336,82.9800033569336
2014-09-03T13:30:00.0,24.735000610351562,44.959999084472656,41.779998779296875,25.336666107177734,125.94000244140625,82.9000015258789
2014-09-04T13:30:00.0,24.530000686645508,45.2599983215332,41.869998931884766,25.520000457763672,125.45999908447266,83.69999694824219
2014-09-05T13:30:00.0,24.74250030517578,45.90999984741211,41.84000015258789,25.836666107177734,124.69000244140625,83.7699966430664
2014-09-08T13:30:00.0,24.59000015258789,46.470001220703125,41.779998779296875,25.510000228881836,127.9800033569336,83.31999969482422
2014-09-09T13:30:00.0,24.497499465942383,46.7599983215332,41.939998626708984,25.579999923706055,128.2100067138672,82.98999786376953
2014-09-10T13:30:00.0,25.25,46.84000015258789,42.16999816894531,25.503332138061523,128.22000122070312,83.63999938964844
2014-09-11T13:30:00.0,25.357500076293945,47.0,41.95000076293945,25.366666793823242,127.63999938964844,83.48999786376953
2014-09-12T13:30:00.0,25.415000915527344,46.70000076293945,41.459999084472656,25.25666618347168,126.94999694824219,83.26000213623047
2014-09-15T13:30:00.0,25.407499313354492,46.2400016784668,41.5,25.270000457763672,126.30999755859375,83.87000274658203
2014-09-16T13:30:00.0,25.21500015258789,46.7599983215332,41.63999938964844,25.440000534057617,127.31999969482422,84.08000183105469
2014-09-17T13:30:00.0,25.395000457763672,46.52000045776367,41.61000061035156,25.413333892822266,127.76000213623047,84.16000366210938
2014-09-18T13:30:00.0,25.447500228881836,46.68000030517578,41.790000915527344,25.406667709350586,128.5800018310547,84.19000244140625
2014-09-19T13:30:00.0,25.239999771118164,47.52000045776367,42.04999923706055,25.613332748413086,129.35000610351562,84.47000122070312
2014-09-22T13:30:00.0,25.264999389648438,47.060001373291016,42.220001220703125,25.43666648864746,128.61000061035156,84.80999755859375
2014-09-23T13:30:00.0,25.65999984741211,46.560001373291016,41.88999938964844,25.200000762939453,127.37999725341797,84.44000244140625
2014-09-24T13:30:00.0,25.4375,47.08000183105469,42.27000045776367,25.69333267211914,128.5800018310547,85.23999786376953
2014-09-25T13:30:00.0,24.467500686645508,46.040000915527344,41.779998779296875,25.373332977294922,127.13999938964844,84.33000183105469
2014-09-26T13:30:00.0,25.1875,46.40999984741211,42.20000076293945,25.496667861938477,128.69000244140625,84.58000183105469
2014-09-29T13:30:00.0,25.02750015258789,46.439998626708984,42.25,25.360000610351562,128.77000427246094,84.44000244140625
2014-09-30T13:30:00.0,25.1875,46.36000061035156,42.65999984741211,25.489999771118164,127.37999725341797,83.73999786376953
2014-10-01T13:30:00.0,24.795000076293945,45.900001525878906,42.7400016784668,25.373332977294922,124.66999816894531,83.13999938964844
2014-10-02T13:30:00.0,24.975000381469727,45.7599983215332,42.65999984741211,25.40999984741211,124.16999816894531,83.05000305175781
2014-10-03T13:30:00.0,24.905000686645508,46.09000015258789,43.0,25.773332595825195,126.36000061035156,83.79000091552734
2014-10-06T13:30:00.0,24.905000686645508,46.09000015258789,43.599998474121094,25.78333282470703,126.26000213623047,83.56999969482422
2014-10-07T13:30:00.0,24.6875,45.529998779296875,43.91999816894531,25.766666412353516,123.31999969482422,83.16000366210938
2014-10-08T13:30:00.0,25.200000762939453,46.779998779296875,44.54999923706055,26.079999923706055,124.9800033569336,84.18000030517578
2014-10-09T13:30:00.0,25.2549991607666,45.849998474121094,43.869998931884766,25.953332901000977,122.76000213623047,83.66000366210938
2014-10-10T13:30:00.0,25.1825008392334,44.029998779296875,44.470001220703125,26.09666633605957,121.5,84.69000244140625
2014-10-13T13:30:00.0,24.952499389648438,43.650001525878906,44.06999969482422,25.85333251953125,120.44999694824219,83.37000274658203
2014-10-14T13:30:00.0,24.6875,43.72999954223633,43.63999938964844,25.99333381652832,122.29000091552734,83.55000305175781
2014-10-15T13:30:00.0,24.385000228881836,43.220001220703125,43.22999954223633,25.066667556762695,120.19000244140625,82.94999694824219
2014-10-16T13:30:00.0,24.065000534057617,42.7400016784668,42.560001373291016,24.606666564941406,120.29000091552734,82.23999786376953
2014-10-17T13:30:00.0,24.417499542236328,43.630001068115234,42.880001068115234,24.700000762939453,123.23999786376953,83.2699966430664
2014-10-20T13:30:00.0,24.940000534057617,44.08000183105469,43.290000915527344,25.046667098999023,124.30999755859375,84.18000030517578
2014-10-21T13:30:00.0,25.61750030517578,44.880001068115234,40.68000030517578,25.34000015258789,127.12000274658203,84.61000061035156
2014-10-22T13:30:00.0,25.747499465942383,44.380001068115234,40.619998931884766,25.343332290649414,121.44999694824219,84.2300033569336
2014-10-23T13:30:00.0,26.207500457763672,45.02000045776367,40.86000061035156,25.416667938232422,122.02999877929688,83.2300033569336
2014-10-24T13:30:00.0,26.30500030517578,46.130001068115234,41.029998779296875,25.459999084472656,122.23999786376953,85.16000366210938
2014-10-27T13:30:00.0,26.27750015258789,45.90999984741211,40.7599983215332,25.530000686645508,122.12000274658203,85.94999694824219
2014-10-28T13:30:00.0,26.684999465942383,46.4900016784668,40.560001373291016,25.450000762939453,123.61000061035156,86.47000122070312
2014-10-29T13:30:00.0,26.834999084472656,46.619998931884766,40.959999084472656,25.463333129882812,123.08000183105469,86.54000091552734
2014-10-30T13:30:00.0,26.7450008392334,46.04999923706055,41.400001525878906,25.483333587646484,123.81999969482422,86.94000244140625
2014-10-31T13:30:00.0,27.0,46.95000076293945,41.880001068115234,25.42333221435547,124.91000366210938,87.2699966430664
2014-11-03T14:30:00.0,27.350000381469727,47.439998626708984,41.810001373291016,25.426666259765625,126.02999877929688,87.37999725341797
2014-11-04T14:30:00.0,27.149999618530273,47.56999969482422,41.81999969482422,25.753332138061523,125.83999633789062,88.63999938964844
2014-11-05T14:30:00.0,27.21500015258789,47.86000061035156,42.310001373291016,25.899999618530273,124.22000122070312,89.0
2014-11-06T14:30:00.0,27.174999237060547,48.70000076293945,42.290000915527344,25.93666648864746,124.58000183105469,88.9000015258789
2014-11-07T14:30:00.0,27.252500534057617,48.68000030517578,42.31999969482422,26.25666618347168,124.44999694824219,89.12999725341797
2014-11-10T14:30:00.0,27.207500457763672,48.88999938964844,42.38999938964844,26.479999542236328,124.63999938964844,89.44999694824219
2014-11-11T14:30:00.0,27.424999237060547,48.869998931884766,42.5099983215332,26.336666107177734,125.36000061035156,89.66999816894531
2014-11-12T14:30:00.0,27.8125,48.779998779296875,42.709999084472656,26.399999618530273,125.87000274658203,89.4800033569336
2014-11-13T14:30:00.0,28.204999923706055,49.61000061035156,42.790000915527344,27.64666748046875,128.52999877929688,88.5999984741211
2014-11-14T14:30:00.0,28.545000076293945,49.58000183105469,42.72999954223633,27.65333366394043,128.86000061035156,88.11000061035156
2014-11-17T14:30:00.0,28.497499465942383,49.459999084472656,42.91999816894531,27.856666564941406,128.4199981689453,87.83999633789062
2014-11-18T14:30:00.0,28.86750030517578,48.7400016784668,43.529998779296875,27.93000030517578,130.66000366210938,87.94999694824219
2014-11-19T14:30:00.0,28.667499542236328,48.220001220703125,44.220001220703125,28.329999923706055,131.61000061035156,88.7300033569336
2014-11-20T14:30:00.0,29.077499389648438,48.70000076293945,44.25,28.19333267211914,131.6999969482422,88.47000122070312
2014-11-21T14:30:00.0,29.11750030517578,47.97999954223633,44.5,28.21666717529297,132.77999877929688,88.5999984741211
2014-11-24T14:30:00.0,29.657499313354492,47.59000015258789,44.27000045776367,28.46666717529297,134.61000061035156,88.11000061035156
2014-11-25T14:30:00.0,29.399999618530273,47.470001220703125,44.43000030517578,28.316667556762695,134.80999755859375,88.80000305175781
2014-11-26T14:30:00.0,29.75,47.75,44.290000915527344,28.32666778564453,134.77999877929688,88.87999725341797
2014-11-28T14:30:00.0,29.732500076293945,47.810001373291016,44.83000183105469,29.18000030517578,134.36000061035156,90.43000030517578
2014-12-01T14:30:00.0,28.767499923706055,48.619998931884766,44.54999923706055,28.739999771118164,132.38999938964844,90.08000183105469
2014-12-02T14:30:00.0,28.657499313354492,48.459999084472656,44.540000915527344,28.799999237060547,132.27999877929688,91.06999969482422
2014-12-03T14:30:00.0,28.982500076293945,48.08000183105469,43.79999923706055,28.31333351135254,131.97000122070312,90.0
2014-12-04T14:30:00.0,28.872499465942383,48.84000015258789,43.5,28.253332138061523,131.32000732421875,90.58000183105469
2014-12-05T14:30:00.0,28.75,48.41999816894531,43.529998779296875,28.040000915527344,132.2100067138672,90.37999725341797
2014-12-08T14:30:00.0,28.100000381469727,47.70000076293945,43.13999938964844,28.07666778564453,130.27999877929688,90.76000213623047
2014-12-09T14:30:00.0,28.530000686645508,47.59000015258789,42.040000915527344,27.85333251953125,129.66000366210938,90.70999908447266
2014-12-10T14:30:00.0,27.987499237060547,46.900001525878906,41.599998474121094,27.65999984741211,124.63999938964844,90.0
2014-12-11T14:30:00.0,27.905000686645508,47.16999816894531,41.529998779296875,27.94333267211914,123.37000274658203,90.41000366210938
2014-12-12T14:30:00.0,27.4325008392334,46.95000076293945,40.90999984741211,27.93666648864746,120.7699966430664,89.55000305175781
2014-12-15T14:30:00.0,27.0575008392334,46.66999816894531,40.56999969482422,27.979999542236328,122.08000183105469,89.19999694824219
2014-12-16T14:30:00.0,26.6875,45.15999984741211,40.38999938964844,27.65333366394043,124.25,89.36000061035156
2014-12-17T14:30:00.0,27.352500915527344,45.7400016784668,41.54999923706055,28.07666778564453,125.05999755859375,90.69999694824219
2014-12-18T14:30:00.0,28.162500381469727,47.52000045776367,42.38999938964844,28.64666748046875,125.66999816894531,92.0
2014-12-19T14:30:00.0,27.94499969482422,47.65999984741211,41.95000076293945,28.386667251586914,126.2300033569336,92.05000305175781
2014-12-22T14:30:00.0,28.235000610351562,47.97999954223633,42.349998474121094,28.793333053588867,128.22000122070312,92.5999984741211
2014-12-23T14:30:00.0,28.135000228881836,48.45000076293945,42.970001220703125,28.886667251586914,130.02999877929688,93.29000091552734
2014-12-24T14:30:00.0,28.002500534057617,48.13999938964844,42.939998626708984,28.809999465942383,131.24000549316406,93.13999938964844
2014-12-26T14:30:00.0,28.497499465942383,47.880001068115234,42.959999084472656,28.969999313354492,131.6300048828125,93.45999908447266
2014-12-29T14:30:00.0,28.477500915527344,47.45000076293945,42.86000061035156,28.8799991607666,132.2899932861328,92.63999938964844
2014-12-30T14:30:00.0,28.1299991607666,47.02000045776367,42.7599983215332,28.93000030517578,131.8300018310547,92.4000015258789
2014-12-31T14:30:00.0,27.594999313354492,46.45000076293945,42.220001220703125,28.626667022705078,129.97999572753906,91.08999633789062
2015-01-02T14:30:00.0,27.332500457763672,46.7599983215332,42.13999938964844,28.633333206176758,129.9499969482422,90.44000244140625
2015-01-05T14:30:00.0,26.5625,46.33000183105469,42.13999938964844,28.549999237060547,129.0500030517578,90.01000213623047
2015-01-06T14:30:00.0,26.565000534057617,45.650001525878906,42.459999084472656,28.770000457763672,127.52999877929688,89.5999984741211
2015-01-07T14:30:00.0,26.9375,46.22999954223633,42.9900016784668,29.53333282470703,129.50999450683594,90.06999969482422
2015-01-08T14:30:00.0,27.97249984741211,47.59000015258789,43.5099983215332,30.156667709350586,131.8000030517578,91.0999984741211
2015-01-09T14:30:00.0,28.002500534057617,47.189998626708984,43.029998779296875,29.78333282470703,131.5399932861328,90.25
2015-01-12T14:30:00.0,27.3125,46.599998474121094,42.63999938964844,30.00666618347168,130.8699951171875,89.91999816894531
2015-01-13T14:30:00.0,27.55500030517578,46.36000061035156,42.630001068115234,29.770000457763672,131.1699981689453,90.30000305175781
2015-01-14T14:30:00.0,27.450000762939453,45.959999084472656,42.560001373291016,28.8700008392334,130.3800048828125,89.98999786376953
2015-01-15T14:30:00.0,26.704999923706055,45.47999954223633,42.380001068115234,29.126667022705078,130.13999938964844,89.86000061035156
2015-01-16T14:30:00.0,26.497499465942383,46.2400016784668,42.529998779296875,28.92333221435547,130.77999877929688,91.25
2015-01-20T14:30:00.0,27.18000030517578,46.38999938964844,43.15999984741211,28.89666748046875,131.22000122070312,91.19000244140625
2015-01-21T14:30:00.0,27.387500762939453,45.91999816894531,43.36000061035156,28.8799991607666,132.41000366210938,90.7300033569336
2015-01-22T14:30:00.0,28.100000381469727,47.130001068115234,43.779998779296875,29.433332443237305,135.63999938964844,91.62000274658203
2015-01-23T14:30:00.0,28.2450008392334,47.18000030517578,43.310001373291016,29.503332138061523,134.6199951171875,90.08000183105469
2015-01-26T14:30:00.0,28.274999618530273,47.0099983215332,43.0,29.543333053588867,134.07000732421875,89.58000183105469
2015-01-27T14:30:00.0,27.28499984741211,42.65999984741211,42.38999938964844,29.176666259765625,132.47999572753906,86.48999786376953
2015-01-28T14:30:00.0,28.827499389648438,41.189998626708984,41.91999816894531,28.940000534057617,139.63999938964844,85.1500015258789
2015-01-29T14:30:00.0,29.725000381469727,42.0099983215332,42.099998474121094,29.239999771118164,147.77999877929688,85.66999816894531
2015-01-30T14:30:00.0,29.290000915527344,40.400001525878906,41.16999816894531,28.32666778564453,145.3699951171875,84.29000091552734
2015-02-02T14:30:00.0,29.657499313354492,41.279998779296875,41.59000015258789,28.56999969482422,146.25999450683594,85.12000274658203
2015-02-03T14:30:00.0,29.662500381469727,41.599998474121094,41.630001068115234,28.729999542236328,147.33999633789062,85.94999694824219
2015-02-04T14:30:00.0,29.889999389648438,41.84000015258789,41.68000030517578,28.883333206176758,147.22000122070312,85.79000091552734
2015-02-05T14:30:00.0,29.985000610351562,42.45000076293945,41.790000915527344,29.093332290649414,148.60000610351562,86.69999694824219
2015-02-06T14:30:00.0,29.732500076293945,42.40999984741211,41.45000076293945,29.110000610351562,148.0,85.61000061035156
2015-02-09T14:30:00.0,29.93000030517578,42.36000061035156,41.22999954223633,28.636667251586914,147.5800018310547,85.05000305175781
2015-02-10T14:30:00.0,30.5049991607666,42.599998474121094,42.400001525878906,29.09666633605957,148.0399932861328,85.38999938964844
2015-02-11T14:30:00.0,31.219999313354492,42.380001068115234,42.369998931884766,28.780000686645508,147.9199981689453,85.63999938964844
2015-02-12T14:30:00.0,31.614999771118164,43.09000015258789,42.16999816894531,28.6299991607666,148.08999633789062,86.02999877929688
2015-02-13T14:30:00.0,31.770000457763672,43.869998931884766,41.9900016784668,28.60333251953125,149.72999572753906,85.9000015258789
2015-02-17T14:30:00.0,31.957500457763672,43.58000183105469,41.810001373291016,28.65333366394043,149.9199981689453,85.48999786376953
2015-02-18T14:30:00.0,32.18000030517578,43.529998779296875,41.72999954223633,28.76333236694336,151.1699981689453,86.26000213623047
2015-02-19T14:30:00.0,32.11249923706055,43.5,42.11000061035156,27.84000015258789,153.75,85.20999908447266
2015-02-20T14:30:00.0,32.375,43.86000061035156,41.970001220703125,28.100000381469727,158.30999755859375,84.87000274658203
2015-02-23T14:30:00.0,33.25,44.150001525878906,41.849998474121094,28.200000762939453,154.74000549316406,85.38999938964844
2015-02-24T14:30:00.0,33.04249954223633,44.09000015258789,42.130001068115234,28.190000534057617,154.3800048828125,85.5
2015-02-25T14:30:00.0,32.1974983215332,43.9900016784668,42.04999923706055,27.856666564941406,153.00999450683594,85.45999908447266
2015-02-26T14:30:00.0,32.60499954223633,44.060001373291016,42.459999084472656,27.933332443237305,151.72999572753906,85.16999816894531
2015-02-27T14:30:00.0,32.1150016784668,43.849998474121094,43.29999923706055,27.976667404174805,150.85000610351562,85.12999725341797
2015-03-02T14:30:00.0,32.272499084472656,43.880001068115234,43.20000076293945,27.98666763305664,153.8000030517578,85.41000366210938
2015-03-03T14:30:00.0,32.34000015258789,43.279998779296875,42.95000076293945,27.790000915527344,155.57000732421875,85.16000366210938
2015-03-04T14:30:00.0,32.1349983215332,43.060001373291016,42.5,27.52666664123535,154.35000610351562,84.3499984741211
2015-03-05T14:30:00.0,31.602500915527344,43.11000061035156,42.400001525878906,27.856666564941406,154.47000122070312,84.62999725341797
2015-03-06T14:30:00.0,31.649999618530273,42.36000061035156,41.52000045776367,27.530000686645508,153.1199951171875,82.66000366210938
2015-03-09T13:30:00.0,31.78499984741211,42.849998474121094,41.38999938964844,27.626667022705078,154.75,83.08999633789062
2015-03-10T13:30:00.0,31.127500534057617,42.029998779296875,40.689998626708984,27.356666564941406,152.4199981689453,81.54000091552734
2015-03-11T13:30:00.0,30.559999465942383,41.97999954223633,40.099998474121094,26.89666748046875,151.1699981689453,81.38999938964844
2015-03-12T13:30:00.0,31.112499237060547,41.02000045776367,40.56999969482422,27.299999237060547,152.0399932861328,82.08999633789062
2015-03-13T13:30:00.0,30.897499084472656,41.380001068115234,39.90999984741211,27.299999237060547,151.57000732421875,81.83000183105469
2015-03-16T13:30:00.0,31.237499237060547,41.560001373291016,40.290000915527344,27.76333236694336,153.6699981689453,83.55999755859375
2015-03-17T13:30:00.0,31.760000228881836,41.70000076293945,40.5099983215332,27.540000915527344,154.50999450683594,82.8499984741211
2015-03-18T13:30:00.0,32.11750030517578,42.5,40.599998474121094,27.510000228881836,155.72999572753906,83.75
2015-03-19T13:30:00.0,31.875,42.290000915527344,40.02000045776367,27.17333221435547,154.11000061035156,83.37999725341797
2015-03-20T13:30:00.0,31.475000381469727,42.880001068115234,40.650001525878906,27.746667861938477,154.5,84.73999786376953
2015-03-23T13:30:00.0,31.802499771118164,42.86000061035156,40.619998931884766,27.770000457763672,152.80999755859375,84.86000061035156
2015-03-24T13:30:00.0,31.672500610351562,42.900001525878906,40.470001220703125,27.683332443237305,151.64999389648438,83.91999816894531
2015-03-25T13:30:00.0,30.844999313354492,41.459999084472656,40.45000076293945,27.106666564941406,148.22999572753906,83.01000213623047
2015-03-26T13:30:00.0,31.059999465942383,41.209999084472656,40.349998474121094,27.296667098999023,148.1699981689453,82.1500015258789
2015-03-27T13:30:00.0,30.8125,40.970001220703125,40.08000183105469,27.116666793823242,148.85000610351562,82.30999755859375
2015-03-30T13:30:00.0,31.592500686645508,40.959999084472656,40.5099983215332,27.510000228881836,152.6999969482422,82.72000122070312
2015-03-31T13:30:00.0,31.107500076293945,40.65999984741211,40.54999923706055,27.416667938232422,150.0800018310547,81.94000244140625
2015-04-01T13:30:00.0,31.0625,40.720001220703125,40.68000030517578,26.90333366394043,148.63999938964844,82.31999969482422
2015-04-02T13:30:00.0,31.329999923706055,40.290000915527344,40.68000030517578,26.90999984741211,149.27999877929688,82.43000030517578
2015-04-06T13:30:00.0,31.837499618530273,41.54999923706055,41.16999816894531,26.996667861938477,150.92999267578125,83.04000091552734
2015-04-07T13:30:00.0,31.502500534057617,41.529998779296875,41.0099983215332,26.833332061767578,152.32000732421875,82.38999938964844
2015-04-08T13:30:00.0,31.399999618530273,41.41999816894531,40.88999938964844,27.010000228881836,153.36000061035156,82.7699966430664
2015-04-09T13:30:00.0,31.639999389648438,41.47999954223633,41.04999923706055,26.946666717529297,153.4199981689453,82.88999938964844
2015-04-10T13:30:00.0,31.774999618530273,41.720001220703125,40.880001068115234,26.883333206176758,154.3800048828125,83.3499984741211
2015-04-13T13:30:00.0,31.712499618530273,41.7599983215332,40.70000076293945,26.76333236694336,153.24000549316406,83.43000030517578
2015-04-14T13:30:00.0,31.575000762939453,41.650001525878906,40.5099983215332,26.71666717529297,153.2100067138672,83.5999984741211
2015-04-15T13:30:00.0,31.69499969482422,42.2599983215332,40.400001525878906,26.579999923706055,152.42999267578125,83.51000213623047
2015-04-16T13:30:00.0,31.542499542236328,42.15999984741211,40.599998474121094,26.413333892822266,151.97000122070312,83.5
2015-04-17T13:30:00.0,31.1875,41.619998931884766,40.29999923706055,25.959999084472656,149.60000610351562,82.52999877929688
2015-04-20T13:30:00.0,31.899999618530273,42.90999984741211,40.65999984741211,26.046667098999023,152.6699981689453,82.87000274658203
2015-04-21T13:30:00.0,31.727500915527344,42.63999938964844,40.779998779296875,26.010000228881836,153.3300018310547,83.08000183105469
2015-04-22T13:30:00.0,32.154998779296875,42.9900016784668,41.310001373291016,26.143333435058594,151.19000244140625,83.08999633789062
2015-04-23T13:30:00.0,32.41749954223633,43.34000015258789,40.95000076293945,26.393333435058594,149.8699951171875,80.94999694824219
2015-04-24T13:30:00.0,32.56999969482422,47.869998931884766,40.88999938964844,26.613332748413086,148.39999389648438,81.0
2015-04-27T13:30:00.0,33.162498474121094,48.029998779296875,40.83000183105469,26.456666946411133,147.8000030517578,80.5999984741211
2015-04-28T13:30:00.0,32.63999938964844,49.15999984741211,40.77000045776367,26.366666793823242,147.50999450683594,80.41999816894531
2015-04-29T13:30:00.0,32.15999984741211,49.060001373291016,40.4900016784668,25.959999084472656,146.14999389648438,79.8499984741211
2015-04-30T13:30:00.0,31.287500381469727,48.63999938964844,40.560001373291016,26.016666412353516,143.33999633789062,79.51000213623047
2015-05-01T13:30:00.0,32.23749923706055,48.65999984741211,40.90999984741211,26.200000762939453,144.6699981689453,80.29000091552734
2015-05-04T13:30:00.0,32.17499923706055,48.2400016784668,40.959999084472656,26.393333435058594,144.02000427246094,80.3499984741211
2015-05-05T13:30:00.0,31.450000762939453,47.599998474121094,40.75,26.043333053588867,142.91000366210938,80.06999969482422
2015-05-06T13:30:00.0,31.252500534057617,46.279998779296875,40.65999984741211,25.883333206176758,141.0399932861328,80.4000015258789
2015-05-07T13:30:00.0,31.315000534057617,46.70000076293945,40.70000076293945,26.010000228881836,141.49000549316406,80.19999694824219
2015-05-08T13:30:00.0,31.905000686645508,47.75,40.97999954223633,26.176666259765625,145.4600067138672,80.95999908447266
2015-05-11T13:30:00.0,31.579999923706055,47.369998931884766,40.939998626708984,26.03333282470703,145.88999938964844,80.2699966430664
2015-05-12T13:30:00.0,31.467500686645508,47.349998474121094,40.689998626708984,26.31999969482422,145.42999267578125,79.94999694824219
2015-05-13T13:30:00.0,31.502500534057617,47.630001068115234,41.04999923706055,26.053333282470703,145.6199951171875,79.69999694824219
2015-05-14T13:30:00.0,32.23749923706055,48.720001220703125,41.5,26.239999771118164,147.9600067138672,80.56999969482422
2015-05-15T13:30:00.0,32.192501068115234,48.29999923706055,41.52000045776367,26.413333892822266,146.8800048828125,81.05000305175781
2015-05-18T13:30:00.0,32.54750061035156,48.0099983215332,41.31999969482422,26.639999389648438,146.7100067138672,80.73999786376953
2015-05-19T13:30:00.0,32.51750183105469,47.58000183105469,41.310001373291016,25.476667404174805,147.0500030517578,80.83000183105469
2015-05-20T13:30:00.0,32.51499938964844,47.58000183105469,41.349998474121094,25.299999237060547,146.4199981689453,80.4800033569336
2015-05-21T13:30:00.0,32.84749984741211,47.41999816894531,41.22999954223633,25.3700008392334,147.35000610351562,80.41000366210938
2015-05-22T13:30:00.0,33.1349983215332,46.900001525878906,41.209999084472656,25.286666870117188,144.80999755859375,79.94999694824219
2015-05-26T13:30:00.0,32.404998779296875,46.59000015258789,40.9900016784668,24.96666717529297,142.8000030517578,79.13999938964844
2015-05-27T13:30:00.0,33.0099983215332,47.61000061035156,41.119998931884766,25.06333351135254,143.0,79.38999938964844
2015-05-28T13:30:00.0,32.94499969482422,47.45000076293945,41.13999938964844,24.946666717529297,142.3300018310547,79.33000183105469
2015-05-29T13:30:00.0,32.56999969482422,46.86000061035156,40.959999084472656,24.75666618347168,140.52000427246094,78.38999938964844
2015-06-01T13:30:00.0,32.6349983215332,47.22999954223633,40.939998626708984,24.90999984741211,141.25,78.8499984741211
2015-06-02T13:30:00.0,32.4900016784668,46.91999816894531,40.9900016784668,24.843332290649414,143.25,78.54000091552734
2015-06-03T13:30:00.0,32.529998779296875,46.849998474121094,40.869998931884766,24.963333129882812,143.80999755859375,78.55999755859375
2015-06-04T13:30:00.0,32.34000015258789,46.36000061035156,40.59000015258789,24.71666717529297,141.19000244140625,78.1500015258789
2015-06-05T13:30:00.0,32.162498474121094,46.13999938964844,40.099998474121094,24.35333251953125,140.72999572753906,77.43000030517578
2015-06-08T13:30:00.0,31.950000762939453,45.72999954223633,40.15999984741211,24.203332901000977,140.63999938964844,77.70999908447266
2015-06-09T13:30:00.0,31.854999542236328,45.650001525878906,40.20000076293945,24.156667709350586,140.10000610351562,78.9000015258789
2015-06-10T13:30:00.0,32.220001220703125,46.61000061035156,40.33000183105469,24.309999465942383,141.6199951171875,79.54000091552734
2015-06-11T13:30:00.0,32.147499084472656,46.439998626708984,40.099998474121094,24.31333351135254,142.9600067138672,79.41000366210938
2015-06-12T13:30:00.0,31.792499542236328,45.970001220703125,39.959999084472656,24.143333435058594,142.8000030517578,78.87000274658203
2015-06-15T13:30:00.0,31.729999542236328,45.47999954223633,39.59000015258789,23.976667404174805,142.2899932861328,78.12000274658203
2015-06-16T13:30:00.0,31.899999618530273,45.83000183105469,40.08000183105469,24.116666793823242,142.33999633789062,79.0999984741211
2015-06-17T13:30:00.0,31.825000762939453,45.970001220703125,40.27000045776367,24.24333381652832,143.42999267578125,80.08000183105469
2015-06-18T13:30:00.0,31.969999313354492,46.720001220703125,40.650001525878906,24.32666778564453,145.3800048828125,80.81999969482422
2015-06-19T13:30:00.0,31.649999618530273,46.099998474121094,40.400001525878906,24.246667861938477,145.1300048828125,80.54000091552734
2015-06-22T13:30:00.0,31.90250015258789,46.22999954223633,40.47999954223633,24.26333236694336,145.6999969482422,80.44999694824219
2015-06-23T13:30:00.0,31.75749969482422,45.90999984741211,40.380001068115234,24.190000534057617,144.42999267578125,79.79000091552734
2015-06-24T13:30:00.0,32.02750015258789,45.63999938964844,40.189998626708984,24.126667022705078,143.0,79.51000213623047
2015-06-25T13:30:00.0,31.875,45.650001525878906,40.02000045776367,23.953332901000977,142.4499969482422,79.38999938964844
2015-06-26T13:30:00.0,31.6875,45.2599983215332,40.0,24.040000915527344,142.47999572753906,79.33999633789062
2015-06-29T13:30:00.0,31.13249969482422,44.369998931884766,39.400001525878906,23.80666732788086,138.72999572753906,78.31999969482422
2015-06-30T13:30:00.0,31.357500076293945,44.150001525878906,39.22999954223633,23.643333435058594,138.72000122070312,78.23999786376953
2015-07-01T13:30:00.0,31.649999618530273,44.45000076293945,39.5,23.959999084472656,140.72999572753906,79.72000122070312
2015-07-02T13:30:00.0,31.610000610351562,44.400001525878906,39.4900016784668,23.953332901000977,140.2100067138672,79.93000030517578
2015-07-06T13:30:00.0,31.5,44.38999938964844,39.41999816894531,24.176666259765625,140.52000427246094,80.05000305175781
2015-07-07T13:30:00.0,31.422500610351562,44.29999923706055,40.25,24.59666633605957,143.14999389648438,81.72000122070312
2015-07-08T13:30:00.0,30.642499923706055,44.2400016784668,39.86000061035156,24.35333251953125,141.9199981689453,80.98999786376953
2015-07-09T13:30:00.0,30.017499923706055,44.52000045776367,39.91999816894531,24.260000228881836,142.8000030517578,80.66000366210938
2015-07-10T13:30:00.0,30.81999969482422,44.61000061035156,40.38999938964844,24.373332977294922,144.47999572753906,80.94999694824219
2015-07-13T13:30:00.0,31.415000915527344,45.540000915527344,40.65999984741211,24.626667022705078,146.6199951171875,81.91000366210938
2015-07-14T13:30:00.0,31.40250015258789,45.619998931884766,41.16999816894531,24.59666633605957,147.75,82.04000091552734
2015-07-15T13:30:00.0,31.704999923706055,45.7599983215332,41.130001068115234,24.549999237060547,146.88999938964844,82.1500015258789
2015-07-16T13:30:00.0,32.127498626708984,46.65999984741211,41.47999954223633,24.610000610351562,148.49000549316406,82.30000305175781
2015-07-17T13:30:00.0,32.404998779296875,46.619998931884766,41.25,24.463333129882812,146.83999633789062,82.23999786376953
2015-07-20T13:30:00.0,33.01750183105469,46.91999816894531,41.380001068115234,24.366666793823242,146.72000122070312,82.19000244140625
2015-07-21T13:30:00.0,32.6875,47.279998779296875,41.189998626708984,24.246667861938477,145.0,81.62999725341797
2015-07-22T13:30:00.0,31.30500030517578,45.540000915527344,40.900001525878906,24.386667251586914,146.47000122070312,80.83000183105469
2015-07-23T13:30:00.0,31.290000915527344,46.11000061035156,40.84000015258789,24.170000076293945,146.11000061035156,80.69999694824219
2015-07-24T13:30:00.0,31.125,45.939998626708984,40.439998626708984,23.860000610351562,144.05999755859375,80.29000091552734
2015-07-27T13:30:00.0,30.6924991607666,45.349998474121094,40.540000915527344,23.793333053588867,141.02999877929688,79.97000122070312
2015-07-28T13:30:00.0,30.844999313354492,45.34000015258789,40.54999923706055,24.03333282470703,141.80999755859375,80.2300033569336
2015-07-29T13:30:00.0,30.747499465942383,46.290000915527344,40.59000015258789,24.07666778564453,144.13999938964844,80.62000274658203
2015-07-30T13:30:00.0,30.592500686645508,46.880001068115234,40.560001373291016,24.053333282470703,143.00999450683594,77.38999938964844
2015-07-31T13:30:00.0,30.325000762939453,46.70000076293945,41.08000183105469,23.99333381652832,144.1699981689453,76.69999694824219
2015-08-03T13:30:00.0,29.610000610351562,46.810001373291016,41.540000915527344,24.059999465942383,143.69000244140625,76.4000015258789
2015-08-04T13:30:00.0,28.65999984741211,47.540000915527344,41.849998474121094,24.083332061767578,143.5399932861328,75.91000366210938
2015-08-05T13:30:00.0,28.850000381469727,47.58000183105469,42.119998931884766,24.503332138061523,144.9499969482422,75.7699966430664
2015-08-06T13:30:00.0,28.782499313354492,46.619998931884766,41.91999816894531,24.26333236694336,143.82000732421875,75.73999786376953
2015-08-07T13:30:00.0,28.8799991607666,46.7400016784668,41.77000045776367,23.75,142.4199981689453,75.4800033569336
2015-08-10T13:30:00.0,29.93000030517578,47.33000183105469,41.68000030517578,23.82666778564453,145.86000061035156,76.37999725341797
2015-08-11T13:30:00.0,28.372499465942383,46.40999984741211,41.47999954223633,23.976667404174805,144.0500030517578,76.22000122070312
2015-08-12T13:30:00.0,28.809999465942383,46.7400016784668,41.2599983215332,24.19333267211914,142.42999267578125,76.38999938964844
2015-08-13T13:30:00.0,28.787500381469727,46.72999954223633,41.099998474121094,24.036666870117188,144.80999755859375,75.77999877929688
2015-08-14T13:30:00.0,28.989999771118164,47.0,41.25,24.126667022705078,145.08999633789062,75.62000274658203
2015-08-17T13:30:00.0,29.290000915527344,47.31999969482422,41.349998474121094,23.969999313354492,144.44000244140625,75.52999877929688
2015-08-18T13:30:00.0,29.125,47.27000045776367,41.29999923706055,23.15999984741211,144.60000610351562,75.12999725341797
2015-08-19T13:30:00.0,28.752500534057617,46.61000061035156,40.779998779296875,22.856666564941406,142.72000122070312,74.12000274658203
2015-08-20T13:30:00.0,28.162500381469727,45.65999984741211,40.54999923706055,22.809999465942383,137.02000427246094,73.91000366210938
2015-08-21T13:30:00.0,26.440000534057617,43.06999969482422,39.529998779296875,22.18000030517578,131.7100067138672,71.83999633789062
2015-08-24T13:30:00.0,25.780000686645508,41.68000030517578,38.380001068115234,21.316667556762695,127.19000244140625,69.13999938964844
2015-08-25T13:30:00.0,25.934999465942383,40.470001220703125,37.9900016784668,21.03333282470703,125.48999786376953,68.41999816894531
2015-08-26T13:30:00.0,27.422500610351562,42.709999084472656,38.72999954223633,21.610000610351562,129.33999633789062,70.9000015258789
2015-08-27T13:30:00.0,28.229999542236328,43.900001525878906,39.27000045776367,22.02666664123535,131.8699951171875,71.4800033569336
2015-08-28T13:30:00.0,28.322500228881836,43.93000030517578,39.45000076293945,21.64666748046875,133.24000549316406,71.20999908447266
2015-08-31T13:30:00.0,28.190000534057617,43.52000045776367,39.31999969482422,21.57666778564453,130.67999267578125,70.66999816894531
2015-09-01T13:30:00.0,26.93000030517578,41.81999969482422,38.75,21.273332595825195,127.44000244140625,68.9000015258789
2015-09-02T13:30:00.0,28.084999084472656,43.36000061035156,38.900001525878906,21.479999542236328,130.6300048828125,69.80999755859375
2015-09-03T13:30:00.0,27.592500686645508,43.5,39.15999984741211,21.6200008392334,131.02000427246094,69.93000030517578
2015-09-04T13:30:00.0,27.3174991607666,42.61000061035156,38.52000045776367,21.296667098999023,129.75999450683594,68.76000213623047
2015-09-08T13:30:00.0,28.077499389648438,43.88999938964844,38.900001525878906,22.126667022705078,133.82000732421875,69.9800033569336
2015-09-09T13:30:00.0,27.537500381469727,43.06999969482422,38.29999923706055,21.706666946411133,132.64999389648438,68.4800033569336
2015-09-10T13:30:00.0,28.142499923706055,43.290000915527344,38.41999816894531,21.373332977294922,133.5500030517578,68.31999969482422
2015-09-11T13:30:00.0,28.552499771118164,43.47999954223633,38.130001068115234,21.549999237060547,134.6699981689453,68.41999816894531
2015-09-14T13:30:00.0,28.827499389648438,43.040000915527344,38.099998474121094,21.426666259765625,134.42999267578125,68.05999755859375
2015-09-15T13:30:00.0,29.06999969482422,43.97999954223633,38.5,21.440000534057617,136.3000030517578,69.44999694824219
2015-09-16T13:30:00.0,29.102500915527344,44.29999923706055,39.150001525878906,21.56333351135254,137.1999969482422,70.0999984741211
2015-09-17T13:30:00.0,28.479999542236328,44.25,39.380001068115234,21.489999771118164,137.4499969482422,70.23999786376953
2015-09-18T13:30:00.0,28.362499237060547,43.47999954223633,38.97999954223633,21.113332748413086,136.08999633789062,69.94000244140625
2015-09-21T13:30:00.0,28.802499771118164,44.11000061035156,39.189998626708984,21.239999771118164,136.02000427246094,70.6500015258789
2015-09-22T13:30:00.0,28.350000381469727,43.900001525878906,38.790000915527344,21.196666717529297,133.99000549316406,70.19000244140625
2015-09-23T13:30:00.0,28.579999923706055,43.869998931884766,38.7599983215332,21.239999771118164,131.6699981689453,70.26000213623047
2015-09-24T13:30:00.0,28.75,43.90999984741211,39.150001525878906,21.27666664123535,129.75,71.36000061035156
2015-09-25T13:30:00.0,28.677499771118164,43.939998626708984,39.619998931884766,21.260000228881836,131.00999450683594,72.66999816894531
2015-09-28T13:30:00.0,28.110000610351562,43.290000915527344,39.529998779296875,21.219999313354492,128.1300048828125,71.7699966430664
2015-09-29T13:30:00.0,27.264999389648438,43.439998626708984,39.65999984741211,21.260000228881836,128.75,72.27999877929688
2015-09-30T13:30:00.0,27.575000762939453,44.2599983215332,40.119998931884766,21.613332748413086,130.9499969482422,71.94000244140625
2015-10-01T13:30:00.0,27.395000457763672,44.61000061035156,39.79999923706055,21.42333221435547,130.61000061035156,71.94999694824219
2015-10-02T13:30:00.0,27.594999313354492,45.56999969482422,40.38999938964844,21.65999984741211,132.55999755859375,72.41999816894531
2015-10-05T13:30:00.0,27.69499969482422,46.630001068115234,41.0099983215332,21.956666946411133,134.02000427246094,73.22000122070312
2015-10-06T13:30:00.0,27.827499389648438,46.75,40.959999084472656,21.893333435058594,134.6300048828125,73.4000015258789
2015-10-07T13:30:00.0,27.69499969482422,46.79999923706055,41.52000045776367,22.1200008392334,137.02000427246094,73.72000122070312
2015-10-08T13:30:00.0,27.375,47.45000076293945,41.97999954223633,22.293333053588867,139.0399932861328,74.4000015258789
2015-10-09T13:30:00.0,28.030000686645508,47.11000061035156,42.02000045776367,22.229999542236328,139.6999969482422,74.4800033569336
2015-10-12T13:30:00.0,27.899999618530273,47.0,42.0,22.309999465942383,140.67999267578125,74.33000183105469
2015-10-13T13:30:00.0,27.947500228881836,46.88999938964844,41.650001525878906,22.24333381652832,140.2899932861328,74.11000061035156
2015-10-14T13:30:00.0,27.552499771118164,46.68000030517578,41.68000030517578,20.010000228881836,134.22000122070312,74.20999908447266
2015-10-15T13:30:00.0,27.96500015258789,47.0099983215332,41.91999816894531,19.77666664123535,137.38999938964844,74.2699966430664
2015-10-16T13:30:00.0,27.760000228881836,47.5099983215332,42.02000045776367,19.6299991607666,137.60000610351562,74.9000015258789
2015-10-19T13:30:00.0,27.9325008392334,47.619998931884766,41.9900016784668,19.616666793823242,138.4199981689453,75.16000366210938
2015-10-20T13:30:00.0,28.4424991607666,47.77000045776367,42.290000915527344,19.583332061767578,138.8800048828125,74.43000030517578
2015-10-21T13:30:00.0,28.440000534057617,47.20000076293945,42.189998626708984,19.546667098999023,141.19000244140625,73.58999633789062
2015-10-22T13:30:00.0,28.875,48.029998779296875,43.2400016784668,19.633333206176758,146.30999755859375,74.8499984741211
2015-10-23T13:30:00.0,29.770000457763672,52.869998931884766,42.790000915527344,19.433332443237305,146.6999969482422,77.02999877929688
2015-10-26T13:30:00.0,28.81999969482422,54.25,42.59000015258789,19.34000015258789,146.6999969482422,77.48999786376953
2015-10-27T13:30:00.0,28.637500762939453,53.689998626708984,42.61000061035156,19.15999984741211,148.4600067138672,77.29000091552734
2015-10-28T13:30:00.0,29.8174991607666,53.97999954223633,42.72999954223633,19.213333129882812,147.8800048828125,76.51000213623047
2015-10-29T13:30:00.0,30.13249969482422,53.36000061035156,42.790000915527344,19.31999969482422,147.17999267578125,77.0199966430664
2015-10-30T13:30:00.0,29.875,52.63999938964844,42.349998474121094,19.079999923706055,148.07000732421875,76.37999725341797
2015-11-02T14:30:00.0,30.295000076293945,53.2400016784668,42.2400016784668,19.203332901000977,148.39999389648438,76.5999984741211
2015-11-03T14:30:00.0,30.642499923706055,54.150001525878906,42.15999984741211,19.3700008392334,148.08999633789062,77.05000305175781
2015-11-04T14:30:00.0,30.5,54.400001525878906,41.970001220703125,19.456666946411133,148.19000244140625,77.05999755859375
2015-11-05T14:30:00.0,30.229999542236328,54.380001068115234,42.33000183105469,19.536666870117188,147.97000122070312,76.38999938964844
2015-11-06T14:30:00.0,30.264999389648438,54.91999816894531,41.959999084472656,19.593332290649414,147.94000244140625,75.56999969482422
2015-11-09T14:30:00.0,30.142499923706055,54.15999984741211,41.540000915527344,19.496667861938477,145.97999572753906,75.4000015258789
2015-11-10T14:30:00.0,29.1924991607666,53.5099983215332,41.77000045776367,19.559999465942383,145.14999389648438,75.7699966430664
2015-11-11T14:30:00.0,29.02750015258789,53.650001525878906,42.040000915527344,19.19333267211914,144.99000549316406,75.95999908447266
2015-11-12T14:30:00.0,28.93000030517578,53.31999969482422,41.58000183105469,18.983333587646484,142.5399932861328,74.66000366210938
2015-11-13T14:30:00.0,28.084999084472656,52.84000015258789,41.380001068115234,18.80666732788086,142.58999633789062,73.95999908447266
2015-11-16T14:30:00.0,28.545000076293945,53.77000045776367,41.959999084472656,19.290000915527344,144.4199981689453,75.30000305175781
2015-11-17T14:30:00.0,28.422500610351562,52.970001220703125,41.66999816894531,19.97333335876465,146.0800018310547,75.06999969482422
2015-11-18T14:30:00.0,29.322500228881836,53.849998474121094,42.279998779296875,20.309999465942383,148.27999877929688,75.9000015258789
2015-11-19T14:30:00.0,29.69499969482422,53.939998626708984,43.11000061035156,20.233333587646484,149.24000549316406,76.22000122070312
2015-11-20T14:30:00.0,29.825000762939453,54.189998626708984,42.43000030517578,20.023332595825195,149.39999389648438,75.81999969482422
2015-11-23T14:30:00.0,29.4375,54.189998626708984,42.959999084472656,20.086666107177734,148.33999633789062,75.97000122070312
2015-11-24T14:30:00.0,29.719999313354492,54.25,43.36000061035156,19.97333335876465,148.64999389648438,76.44999694824219
2015-11-25T14:30:00.0,29.50749969482422,53.689998626708984,43.36000061035156,20.079999923706055,147.42999267578125,75.9000015258789
2015-11-27T14:30:00.0,29.452499389648438,53.93000030517578,43.150001525878906,19.963333129882812,146.9499969482422,75.69999694824219
2015-11-30T14:30:00.0,29.575000762939453,54.349998474121094,42.619998931884766,19.613332748413086,145.4499969482422,74.83999633789062
2015-12-01T14:30:00.0,29.334999084472656,55.220001220703125,42.88999938964844,19.663333892822266,147.74000549316406,75.94000244140625
2015-12-02T14:30:00.0,29.06999969482422,55.209999084472656,42.77000045776367,19.450000762939453,146.9600067138672,75.79000091552734
2015-12-03T14:30:00.0,28.799999237060547,54.20000076293945,42.459999084472656,19.68000030517578,145.55999755859375,75.73999786376953
2015-12-04T14:30:00.0,29.75749969482422,55.90999984741211,43.290000915527344,19.886667251586914,148.5,77.83000183105469
2015-12-07T14:30:00.0,29.56999969482422,55.810001373291016,43.20000076293945,20.166667938232422,148.4499969482422,78.37000274658203
2015-12-08T14:30:00.0,29.5575008392334,55.790000915527344,43.0099983215332,19.8700008392334,144.99000549316406,77.75
2015-12-09T14:30:00.0,28.905000686645508,54.97999954223633,42.65999984741211,19.709999084472656,144.24000549316406,77.69999694824219
2015-12-10T14:30:00.0,29.042499542236328,55.27000045776367,42.7599983215332,19.85333251953125,146.41000366210938,77.79000091552734
2015-12-11T14:30:00.0,28.295000076293945,54.060001373291016,42.27000045776367,19.786666870117188,144.6199951171875,77.77999877929688
2015-12-14T14:30:00.0,28.1200008392334,55.13999938964844,42.45000076293945,20.1299991607666,143.0,78.29000091552734
2015-12-15T14:30:00.0,27.622499465942383,55.20000076293945,43.06999969482422,19.8799991607666,146.52999877929688,79.68000030517578
2015-12-16T14:30:00.0,27.834999084472656,56.130001068115234,43.84000015258789,20.100000381469727,148.11000061035156,80.98999786376953
2015-12-17T14:30:00.0,27.2450008392334,55.70000076293945,43.4900016784668,19.65999984741211,145.55999755859375,80.29000091552734
2015-12-18T14:30:00.0,26.50749969482422,54.130001068115234,42.5,19.616666793823242,139.5800018310547,78.12999725341797
2015-12-21T14:30:00.0,26.832500457763672,54.83000183105469,42.779998779296875,19.850000381469727,140.89999389648438,78.94999694824219
2015-12-22T14:30:00.0,26.8075008392334,55.349998474121094,43.290000915527344,20.18000030517578,142.3800048828125,79.5999984741211
2015-12-23T14:30:00.0,27.15250015258789,55.81999969482422,43.66999816894531,20.363332748413086,144.05999755859375,79.91999816894531
2015-12-24T14:30:00.0,27.00749969482422,55.66999816894531,43.540000915527344,20.27666664123535,143.52999877929688,79.79000091552734
2015-12-28T14:30:00.0,26.704999923706055,55.95000076293945,43.4900016784668,20.25,144.5399932861328,79.91999816894531
2015-12-29T14:30:00.0,27.184999465942383,56.54999923706055,43.709999084472656,20.536666870117188,147.35000610351562,80.36000061035156
2015-12-30T14:30:00.0,26.829999923706055,56.310001373291016,43.56999969482422,20.559999465942383,146.41000366210938,80.06999969482422
2015-12-31T14:30:00.0,26.315000534057617,55.47999954223633,42.959999084472656,20.433332443237305,144.58999633789062,79.41000366210938
2016-01-04T14:30:00.0,26.337499618530273,54.79999923706055,42.400001525878906,20.48666763305664,140.5,78.37000274658203
2016-01-05T14:30:00.0,25.677499771118164,55.04999923706055,42.54999923706055,20.97333335876465,141.07000732421875,78.62000274658203
2016-01-06T14:30:00.0,25.174999237060547,54.04999923706055,42.31999969482422,21.183332443237305,138.8300018310547,77.86000061035156
2016-01-07T14:30:00.0,24.112499237060547,52.16999816894531,41.619998931884766,21.676666259765625,133.00999450683594,77.18000030517578
2016-01-08T14:30:00.0,24.239999771118164,52.33000183105469,41.5099983215332,21.18000030517578,129.99000549316406,75.97000122070312
2016-01-11T14:30:00.0,24.63249969482422,52.29999923706055,41.58000183105469,21.406667709350586,130.2100067138672,76.66999816894531
2016-01-12T14:30:00.0,24.989999771118164,52.779998779296875,42.119998931884766,21.206666946411133,131.9199981689453,76.51000213623047
2016-01-13T14:30:00.0,24.34749984741211,51.63999938964844,41.849998474121094,20.639999389648438,128.1199951171875,75.8499984741211
2016-01-14T14:30:00.0,24.8799991607666,53.11000061035156,41.880001068115234,21.020000457763672,129.1999969482422,76.1500015258789
2016-01-15T14:30:00.0,24.282499313354492,50.9900016784668,41.5,20.643333435058594,125.62999725341797,74.9800033569336
2016-01-19T14:30:00.0,24.165000915527344,50.560001373291016,41.91999816894531,20.85333251953125,126.05999755859375,76.7300033569336
2016-01-20T14:30:00.0,24.197500228881836,50.790000915527344,41.380001068115234,20.280000686645508,122.13999938964844,75.83000183105469
2016-01-21T14:30:00.0,24.075000762939453,50.47999954223633,41.38999938964844,20.626667022705078,123.4000015258789,76.72000122070312
2016-01-22T14:30:00.0,25.354999542236328,52.290000915527344,42.060001373291016,20.89666748046875,124.61000061035156,77.36000061035156
2016-01-25T14:30:00.0,24.860000610351562,51.790000915527344,42.15999984741211,21.149999618530273,124.01000213623047,76.8499984741211
2016-01-26T14:30:00.0,24.997499465942383,52.16999816894531,42.08000183105469,21.333332061767578,128.00999450683594,78.80999755859375
2016-01-27T14:30:00.0,23.354999542236328,51.220001220703125,42.09000015258789,21.316667556762695,116.58000183105469,78.80000305175781
2016-01-28T14:30:00.0,23.522499084472656,52.060001373291016,42.56999969482422,21.406667709350586,118.01000213623047,79.81999969482422
2016-01-29T14:30:00.0,24.334999084472656,55.09000015258789,42.91999816894531,22.1200008392334,120.12999725341797,81.69000244140625
2016-02-01T14:30:00.0,24.107500076293945,54.709999084472656,43.0,22.5,121.55999755859375,81.12000274658203
2016-02-02T14:30:00.0,23.6200008392334,53.0,42.439998626708984,22.286666870117188,117.5199966430664,80.22000122070312
2016-02-03T14:30:00.0,24.087499618530273,52.15999984741211,42.720001220703125,22.09000015258789,121.87000274658203,81.0999984741211
2016-02-04T14:30:00.0,24.149999618530273,52.0,42.529998779296875,22.139999389648438,123.61000061035156,80.69999694824219
2016-02-05T14:30:00.0,23.5049991607666,50.15999984741211,42.439998626708984,22.333332061767578,122.55999755859375,81.19999694824219
2016-02-08T14:30:00.0,23.752500534057617,49.40999984741211,42.650001525878906,22.299999237060547,119.47000122070312,82.62000274658203
2016-02-09T14:30:00.0,23.747499465942383,49.279998779296875,43.29999923706055,21.93666648864746,118.87999725341797,82.63999938964844
2016-02-10T14:30:00.0,23.5674991607666,49.709999084472656,42.54999923706055,21.93000030517578,116.36000061035156,81.62000274658203
2016-02-11T14:30:00.0,23.424999237060547,49.689998626708984,42.40999984741211,21.773332595825195,108.44000244140625,79.9000015258789
2016-02-12T14:30:00.0,23.497499465942383,50.5,43.11000061035156,22.059999465942383,108.62999725341797,80.98999786376953
2016-02-16T14:30:00.0,24.15999984741211,51.09000015258789,43.36000061035156,21.96666717529297,112.5999984741211,81.47000122070312
2016-02-17T14:30:00.0,24.530000686645508,52.41999816894531,43.4900016784668,22.036666870117188,116.33999633789062,82.44999694824219
2016-02-18T14:30:00.0,24.065000534057617,52.189998626708984,43.61000061035156,21.373332977294922,117.56999969482422,81.9800033569336
2016-02-19T14:30:00.0,24.010000228881836,51.81999969482422,43.77000045776367,21.553333282470703,115.16000366210938,81.79000091552734
2016-02-22T14:30:00.0,24.219999313354492,52.650001525878906,43.939998626708984,21.876667022705078,117.38999938964844,82.12999725341797
2016-02-23T14:30:00.0,23.672500610351562,51.18000030517578,43.689998626708984,22.15999984741211,116.9000015258789,81.80999755859375
2016-02-24T14:30:00.0,24.024999618530273,51.36000061035156,43.90999984741211,22.373332977294922,115.58999633789062,81.55999755859375
2016-02-25T14:30:00.0,24.190000534057617,52.099998474121094,44.15999984741211,22.68000030517578,116.81999969482422,82.33999633789062
2016-02-26T14:30:00.0,24.227500915527344,51.29999923706055,43.13999938964844,22.170000076293945,118.16000366210938,81.0999984741211
2016-02-29T14:30:00.0,24.172500610351562,50.880001068115234,43.130001068115234,22.113332748413086,118.18000030517578,80.29000091552734
2016-03-01T14:30:00.0,25.13249969482422,52.58000183105469,43.689998626708984,22.15333366394043,119.95999908447266,81.2300033569336
2016-03-02T14:30:00.0,25.1875,52.95000076293945,43.77000045776367,22.06999969482422,119.6500015258789,82.55000305175781
2016-03-03T14:30:00.0,25.375,52.349998474121094,43.959999084472656,22.046667098999023,119.61000061035156,82.83999633789062
2016-03-04T14:30:00.0,25.752500534057617,52.029998779296875,44.11000061035156,22.260000228881836,121.06999969482422,83.48999786376953
2016-03-07T14:30:00.0,25.467500686645508,51.029998779296875,44.0099983215332,22.6299991607666,122.9000015258789,83.0999984741211
2016-03-08T14:30:00.0,25.25749969482422,51.650001525878906,44.31999969482422,22.68000030517578,122.3499984741211,83.05999755859375
2016-03-09T14:30:00.0,25.280000686645508,52.84000015258789,44.810001373291016,22.510000228881836,122.86000061035156,82.95999908447266
2016-03-10T14:30:00.0,25.292499542236328,52.04999923706055,45.22999954223633,22.469999313354492,122.94000244140625,82.27999877929688
2016-03-11T14:30:00.0,25.565000534057617,53.06999969482422,45.20000076293945,22.389999389648438,124.62999725341797,81.75
2016-03-14T13:30:00.0,25.6299991607666,53.16999816894531,45.290000915527344,22.453332901000977,126.33999633789062,81.16999816894531
2016-03-15T13:30:00.0,26.145000457763672,53.59000015258789,45.2400016784668,22.696666717529297,126.36000061035156,81.30999755859375
2016-03-16T13:30:00.0,26.49250030517578,54.349998474121094,45.04999923706055,22.663333892822266,127.56999969482422,81.33999633789062
2016-03-17T13:30:00.0,26.450000762939453,54.65999984741211,45.77000045776367,22.483333587646484,130.6999969482422,82.75
2016-03-18T13:30:00.0,26.479999542236328,53.4900016784668,45.599998474121094,22.316667556762695,133.9600067138672,83.1500015258789
2016-03-21T13:30:00.0,26.477500915527344,53.86000061035156,45.66999816894531,22.656667709350586,135.86000061035156,83.31999969482422
2016-03-22T13:30:00.0,26.68000030517578,54.06999969482422,45.5,22.623332977294922,135.1199951171875,82.73999786376953
2016-03-23T13:30:00.0,26.532499313354492,53.970001220703125,45.459999084472656,22.48666763305664,132.86000061035156,82.81999969482422
2016-03-24T13:30:00.0,26.417499542236328,54.209999084472656,45.58000183105469,22.666667938232422,132.1199951171875,82.88999938964844
2016-03-28T13:30:00.0,26.297500610351562,53.540000915527344,45.79999923706055,22.706666946411133,131.2899932861328,82.62000274658203
2016-03-29T13:30:00.0,26.920000076293945,54.709999084472656,46.47999954223633,22.676666259765625,130.8800048828125,82.80000305175781
2016-03-30T13:30:00.0,27.389999389648438,55.04999923706055,46.58000183105469,22.933332443237305,128.5800018310547,82.68000030517578
2016-03-31T13:30:00.0,27.247499465942383,55.22999954223633,46.38999938964844,22.829999923706055,126.94000244140625,82.30999755859375
2016-04-01T13:30:00.0,27.497499465942383,55.56999969482422,46.83000183105469,23.020000457763672,126.95999908447266,83.52999877929688
2016-04-04T13:30:00.0,27.780000686645508,55.43000030517578,46.88999938964844,23.03333282470703,126.33999633789062,83.20999908447266
2016-04-05T13:30:00.0,27.452499389648438,54.560001373291016,46.529998779296875,22.8799991607666,127.02999877929688,83.16000366210938
2016-04-06T13:30:00.0,27.739999771118164,55.119998931884766,46.709999084472656,23.01333236694336,127.93000030517578,83.80999755859375
2016-04-07T13:30:00.0,27.135000228881836,54.459999084472656,46.36000061035156,22.739999771118164,127.0,83.23999786376953
2016-04-08T13:30:00.0,27.165000915527344,54.41999816894531,46.869998931884766,22.68666648864746,127.87999725341797,83.19999694824219
2016-04-11T13:30:00.0,27.2549991607666,54.310001373291016,46.439998626708984,22.46666717529297,127.91000366210938,82.7300033569336
2016-04-12T13:30:00.0,27.610000610351562,54.650001525878906,46.650001525878906,22.933332443237305,129.47000122070312,82.83000183105469
2016-04-13T13:30:00.0,28.010000228881836,55.349998474121094,46.040000915527344,23.049999237060547,131.13999938964844,82.45999908447266
2016-04-14T13:30:00.0,28.024999618530273,55.36000061035156,45.83000183105469,22.933332443237305,130.85000610351562,82.01000213623047
2016-04-15T13:30:00.0,27.462499618530273,55.650001525878906,46.099998474121094,23.020000457763672,131.1300048828125,82.30000305175781
2016-04-18T13:30:00.0,26.8700008392334,56.459999084472656,46.220001220703125,23.286666870117188,131.97000122070312,82.83000183105469
2016-04-19T13:30:00.0,26.727500915527344,56.38999938964844,46.599998474121094,23.25666618347168,132.67999267578125,83.27999877929688
2016-04-20T13:30:00.0,26.782499313354492,55.59000015258789,44.369998931884766,23.06999969482422,130.57000732421875,81.55000305175781
2016-04-21T13:30:00.0,26.49250030517578,55.779998779296875,43.65999984741211,22.823333740234375,130.74000549316406,80.80000305175781
2016-04-22T13:30:00.0,26.420000076293945,51.779998779296875,44.540000915527344,22.906667709350586,131.0500030517578,80.94999694824219
2016-04-25T13:30:00.0,26.270000457763672,52.11000061035156,44.709999084472656,23.156667709350586,130.75,81.41000366210938
2016-04-26T13:30:00.0,26.087499618530273,51.439998626708984,44.529998779296875,23.100000381469727,133.24000549316406,79.55000305175781
2016-04-27T13:30:00.0,24.454999923706055,50.939998626708984,44.68000030517578,23.139999389648438,137.0800018310547,79.88999938964844
2016-04-28T13:30:00.0,23.707500457763672,49.900001525878906,44.630001068115234,22.969999313354492,134.8000030517578,79.76000213623047
2016-04-29T13:30:00.0,23.434999465942383,49.869998931884766,44.79999923706055,22.290000915527344,134.8000030517578,80.12000274658203
2016-05-02T13:30:00.0,23.40999984741211,50.61000061035156,44.97999954223633,22.530000686645508,134.00999450683594,80.97000122070312
2016-05-03T13:30:00.0,23.795000076293945,49.779998779296875,44.84000015258789,22.333332061767578,132.49000549316406,81.0999984741211
2016-05-04T13:30:00.0,23.547500610351562,49.869998931884766,44.97999954223633,22.39666748046875,130.88999938964844,81.5999984741211
2016-05-05T13:30:00.0,23.309999465942383,49.939998626708984,45.060001373291016,22.40333366394043,132.0800018310547,81.30000305175781
2016-05-06T13:30:00.0,23.18000030517578,50.38999938964844,45.31999969482422,22.75,133.25999450683594,82.12999725341797
2016-05-09T13:30:00.0,23.197500228881836,50.06999969482422,45.2400016784668,22.983333587646484,132.10000610351562,82.12000274658203
2016-05-10T13:30:00.0,23.354999542236328,51.02000045776367,45.75,22.93000030517578,134.72000122070312,82.4800033569336
2016-05-11T13:30:00.0,23.127500534057617,51.04999923706055,45.459999084472656,22.136667251586914,133.0,82.1500015258789
2016-05-12T13:30:00.0,22.584999084472656,51.5099983215332,45.83000183105469,22.28333282470703,134.4199981689453,82.41000366210938
2016-05-13T13:30:00.0,22.6299991607666,51.08000183105469,45.349998474121094,21.64666748046875,132.1199951171875,81.2300033569336
2016-05-16T13:30:00.0,23.469999313354492,51.83000183105469,45.619998931884766,22.00666618347168,134.13999938964844,81.62999725341797
2016-05-17T13:30:00.0,23.372499465942383,50.5099983215332,44.75,21.700000762939453,132.55999755859375,80.62000274658203
2016-05-18T13:30:00.0,23.639999389648438,50.810001373291016,44.47999954223633,21.049999237060547,130.99000549316406,79.8499984741211
2016-05-19T13:30:00.0,23.549999237060547,50.31999969482422,44.31999969482422,23.066667556762695,128.0800018310547,80.19000244140625
2016-05-20T13:30:00.0,23.80500030517578,50.619998931884766,43.95000076293945,23.286666870117188,127.38999938964844,80.0199966430664
2016-05-23T13:30:00.0,24.107500076293945,50.029998779296875,43.970001220703125,23.166667938232422,127.58000183105469,80.19999694824219
2016-05-24T13:30:00.0,24.475000381469727,51.59000015258789,44.369998931884766,23.413333892822266,127.5,80.97000122070312
2016-05-25T13:30:00.0,24.905000686645508,52.119998931884766,44.380001068115234,23.49333381652832,128.86000061035156,81.4800033569336
2016-05-26T13:30:00.0,25.102500915527344,51.88999938964844,44.689998626708984,23.616666793823242,129.30999755859375,81.22000122070312
2016-05-27T13:30:00.0,25.087499618530273,52.31999969482422,44.779998779296875,23.583332061767578,129.22000122070312,81.43000030517578
2016-05-31T13:30:00.0,24.96500015258789,53.0,44.599998474121094,23.593332290649414,126.1500015258789,81.04000091552734
2016-06-01T13:30:00.0,24.614999771118164,52.849998474121094,44.70000076293945,23.5,126.41000366210938,81.79000091552734
2016-06-02T13:30:00.0,24.43000030517578,52.47999954223633,44.720001220703125,23.649999618530273,126.8499984741211,81.94999694824219
2016-06-03T13:30:00.0,24.479999542236328,51.790000915527344,45.040000915527344,23.623332977294922,127.37999725341797,82.47000122070312
2016-06-06T13:30:00.0,24.657499313354492,52.130001068115234,45.369998931884766,23.683332443237305,131.89999389648438,82.7699966430664
2016-06-07T13:30:00.0,24.75749969482422,52.099998474121094,45.31999969482422,23.676666259765625,131.92999267578125,82.31999969482422
2016-06-08T13:30:00.0,24.735000610351562,52.040000915527344,45.54999923706055,23.760000228881836,133.0,82.6500015258789
2016-06-09T13:30:00.0,24.912500381469727,51.619998931884766,45.7599983215332,23.696666717529297,133.10000610351562,83.16999816894531
2016-06-10T13:30:00.0,24.707500457763672,51.47999954223633,45.9900016784668,23.713333129882812,131.13999938964844,83.19999694824219
2016-06-13T13:30:00.0,24.334999084472656,50.13999938964844,45.119998931884766,23.510000228881836,129.9199981689453,82.56999969482422
2016-06-14T13:30:00.0,24.364999771118164,49.83000183105469,45.040000915527344,23.649999618530273,130.5,83.3499984741211
2016-06-15T13:30:00.0,24.28499984741211,49.689998626708984,45.0099983215332,23.706666946411133,130.16000366210938,82.94999694824219
2016-06-16T13:30:00.0,24.387500762939453,50.38999938964844,45.310001373291016,23.766666412353516,129.3699951171875,83.41000366210938
2016-06-17T13:30:00.0,23.832500457763672,50.130001068115234,44.790000915527344,23.649999618530273,129.82000732421875,83.12999725341797
2016-06-20T13:30:00.0,23.774999618530273,50.06999969482422,44.97999954223633,23.700000762939453,132.75,83.04000091552734
2016-06-21T13:30:00.0,23.977500915527344,51.189998626708984,45.130001068115234,23.81999969482422,131.52000427246094,83.41000366210938
2016-06-22T13:30:00.0,23.887500762939453,50.9900016784668,44.86000061035156,23.916667938232422,131.77000427246094,83.56999969482422
2016-06-23T13:30:00.0,24.024999618530273,51.90999984741211,45.08000183105469,24.03333282470703,133.5500030517578,84.20999908447266
2016-06-24T13:30:00.0,23.350000381469727,49.83000183105469,43.93000030517578,23.98666763305664,126.5199966430664,82.26000213623047
2016-06-27T13:30:00.0,23.010000228881836,48.43000030517578,43.779998779296875,23.833332061767578,122.69999694824219,81.2300033569336
2016-06-28T13:30:00.0,23.397499084472656,49.439998626708984,44.18000030517578,23.836666107177734,123.88999938964844,82.45999908447266
2016-06-29T13:30:00.0,23.600000381469727,50.540000915527344,44.439998626708984,24.15333366394043,126.98999786376953,83.91000366210938
2016-06-30T13:30:00.0,23.899999618530273,51.16999816894531,45.33000183105469,24.34000015258789,129.8699951171875,84.66999816894531
2016-07-01T13:30:00.0,23.97249984741211,51.15999984741211,45.119998931884766,24.270000457763672,129.69000244140625,84.77999877929688
2016-07-05T13:30:00.0,23.747499465942383,51.16999816894531,45.43000030517578,24.3799991607666,126.97000122070312,85.44000244140625
2016-07-06T13:30:00.0,23.88249969482422,51.380001068115234,45.27000045776367,24.606666564941406,126.95999908447266,85.02999877929688
2016-07-07T13:30:00.0,23.985000610351562,51.380001068115234,45.09000015258789,24.510000228881836,127.16999816894531,84.83000183105469
2016-07-08T13:30:00.0,24.170000076293945,52.29999923706055,45.380001068115234,24.613332748413086,130.08999633789062,85.7699966430664
2016-07-11T13:30:00.0,24.2450008392334,52.59000015258789,45.56999969482422,24.68666648864746,132.0399932861328,85.75
2016-07-12T13:30:00.0,24.354999542236328,53.209999084472656,45.58000183105469,24.42333221435547,130.80999755859375,85.75
2016-07-13T13:30:00.0,24.217500686645508,53.5099983215332,45.7400016784668,24.540000915527344,130.11000061035156,85.88999938964844
2016-07-14T13:30:00.0,24.697500228881836,53.7400016784668,45.689998626708984,24.566667556762695,131.5500030517578,85.87000274658203
2016-07-15T13:30:00.0,24.69499969482422,53.70000076293945,45.630001068115234,24.55666732788086,132.38999938964844,86.01000213623047
2016-07-18T13:30:00.0,24.957500457763672,53.959999084472656,45.630001068115234,24.613332748413086,133.42999267578125,85.93000030517578
2016-07-19T13:30:00.0,24.967500686645508,53.09000015258789,45.630001068115234,24.553333282470703,134.66000366210938,86.16999816894531
2016-07-20T13:30:00.0,24.989999771118164,55.90999984741211,45.5099983215332,24.59666633605957,134.72000122070312,85.31999969482422
2016-07-21T13:30:00.0,24.857500076293945,55.79999923706055,45.45000076293945,24.50666618347168,133.52999877929688,85.26000213623047
2016-07-22T13:30:00.0,24.665000915527344,56.56999969482422,45.83000183105469,24.516666412353516,133.47000122070312,85.72000122070312
2016-07-25T13:30:00.0,24.334999084472656,56.72999954223633,45.56999969482422,24.583332061767578,132.94000244140625,85.80000305175781
2016-07-26T13:30:00.0,24.167499542236328,56.7599983215332,44.880001068115234,24.57666778564453,134.85000610351562,85.2699966430664
2016-07-27T13:30:00.0,25.737499237060547,56.189998626708984,43.400001525878906,24.440000534057617,135.9600067138672,84.45999908447266
2016-07-28T13:30:00.0,26.084999084472656,56.209999084472656,43.650001525878906,24.413333892822266,133.00999450683594,84.80999755859375
2016-07-29T13:30:00.0,26.052499771118164,56.68000030517578,43.630001068115234,24.323333740234375,133.66000366210938,85.58999633789062
2016-08-01T13:30:00.0,26.512500762939453,56.58000183105469,43.45000076293945,24.593332290649414,133.2100067138672,86.41000366210938
2016-08-02T13:30:00.0,26.1200008392334,56.58000183105469,43.529998779296875,24.376667022705078,131.60000610351562,86.76000213623047
2016-08-03T13:30:00.0,26.447500228881836,56.970001220703125,43.63999938964844,24.31333351135254,131.8699951171875,85.97000122070312
2016-08-04T13:30:00.0,26.467500686645508,57.38999938964844,43.5099983215332,24.433332443237305,131.2100067138672,86.05000305175781
2016-08-05T13:30:00.0,26.8700008392334,57.959999084472656,43.47999954223633,24.586666107177734,131.72999572753906,85.77999877929688
2016-08-08T13:30:00.0,27.092500686645508,58.060001373291016,43.439998626708984,24.446666717529297,132.19000244140625,85.76000213623047
2016-08-09T13:30:00.0,27.202499389648438,58.20000076293945,43.470001220703125,24.51333236694336,132.6199951171875,85.98999786376953
2016-08-10T13:30:00.0,27.0,58.02000045776367,43.61000061035156,24.649999618530273,132.27999877929688,86.30999755859375
2016-08-11T13:30:00.0,26.982500076293945,58.29999923706055,43.75,24.600000381469727,133.0,86.7300033569336
2016-08-12T13:30:00.0,27.045000076293945,57.939998626708984,44.029998779296875,24.6299991607666,133.10000610351562,87.04000091552734
2016-08-15T13:30:00.0,27.3700008392334,58.119998931884766,44.2400016784668,24.440000534057617,134.66000366210938,87.0199966430664
2016-08-16T13:30:00.0,27.344999313354492,57.439998626708984,43.83000183105469,24.296667098999023,135.0,86.58000183105469
2016-08-17T13:30:00.0,27.30500030517578,57.560001373291016,44.060001373291016,24.309999465942383,134.72000122070312,86.95999908447266
2016-08-18T13:30:00.0,27.270000457763672,57.599998474121094,44.099998474121094,24.766666412353516,135.0,87.44000244140625
2016-08-19T13:30:00.0,27.34000015258789,57.619998931884766,43.91999816894531,24.270000457763672,134.44000244140625,87.30999755859375
2016-08-22T13:30:00.0,27.127500534057617,57.66999816894531,43.7400016784668,24.233333587646484,134.99000549316406,86.8499984741211
2016-08-23T13:30:00.0,27.212499618530273,57.88999938964844,43.849998474121094,23.989999771118164,134.13999938964844,87.4000015258789
2016-08-24T13:30:00.0,27.00749969482422,57.95000076293945,43.849998474121094,24.07666778564453,133.2899932861328,87.30999755859375
2016-08-25T13:30:00.0,26.892499923706055,58.16999816894531,43.66999816894531,23.739999771118164,132.97999572753906,87.9000015258789
2016-08-26T13:30:00.0,26.735000610351562,58.029998779296875,43.31999969482422,23.713333129882812,132.22999572753906,87.58000183105469
2016-08-29T13:30:00.0,26.704999923706055,58.099998474121094,43.540000915527344,23.799999237060547,132.89999389648438,88.30000305175781
2016-08-30T13:30:00.0,26.5,57.88999938964844,43.2400016784668,23.770000457763672,130.80999755859375,87.54000091552734
2016-08-31T13:30:00.0,26.524999618530273,57.459999084472656,43.43000030517578,23.81333351135254,129.4499969482422,87.30999755859375
2016-09-01T13:30:00.0,26.6825008392334,57.59000015258789,43.349998474121094,24.280000686645508,129.89999389648438,88.30999755859375
2016-09-02T13:30:00.0,26.9325008392334,57.66999816894531,43.65999984741211,24.166667938232422,131.16000366210938,88.19999694824219
2016-09-06T13:30:00.0,26.924999237060547,57.61000061035156,43.790000915527344,24.333332061767578,132.99000549316406,88.63999938964844
2016-09-07T13:30:00.0,27.09000015258789,57.65999984741211,43.63999938964844,24.020000457763672,132.63999938964844,87.94999694824219
2016-09-08T13:30:00.0,26.3799991607666,57.43000030517578,43.630001068115234,23.94333267211914,132.89999389648438,87.77999877929688
2016-09-09T13:30:00.0,25.782499313354492,56.209999084472656,42.27000045776367,23.433332443237305,128.52999877929688,86.23999786376953
2016-09-12T13:30:00.0,26.360000610351562,57.04999923706055,43.189998626708984,23.979999542236328,130.1199951171875,88.25
2016-09-13T13:30:00.0,26.987499237060547,56.529998779296875,42.279998779296875,23.81999969482422,128.75999450683594,87.05000305175781
2016-09-14T13:30:00.0,27.9424991607666,56.2599983215332,42.11000061035156,23.84000015258789,127.66999816894531,87.01000213623047
2016-09-15T13:30:00.0,28.892499923706055,57.189998626708984,42.36000061035156,24.133333206176758,127.7699966430664,88.05999755859375
2016-09-16T13:30:00.0,28.729999542236328,57.25,42.13999938964844,24.290000915527344,126.69999694824219,88.05000305175781
2016-09-19T13:30:00.0,28.395000457763672,56.93000030517578,42.099998474121094,24.030000686645508,127.4800033569336,88.37000274658203
2016-09-20T13:30:00.0,28.392499923706055,56.810001373291016,42.34000015258789,23.989999771118164,127.79000091552734,88.58000183105469
2016-09-21T13:30:00.0,28.387500762939453,57.7599983215332,42.529998779296875,24.06333351135254,130.55999755859375,87.80000305175781
2016-09-22T13:30:00.0,28.655000686645508,57.81999969482422,42.959999084472656,24.09000015258789,131.8699951171875,88.98999786376953
2016-09-23T13:30:00.0,28.177499771118164,57.43000030517578,42.7400016784668,24.116666793823242,131.77999877929688,87.76000213623047
2016-09-26T13:30:00.0,28.219999313354492,56.900001525878906,42.04999923706055,23.873332977294922,130.57000732421875,87.8499984741211
2016-09-27T13:30:00.0,28.272499084472656,57.95000076293945,42.59000015258789,24.110000610351562,131.32000732421875,88.36000061035156
2016-09-28T13:30:00.0,28.487499237060547,58.029998779296875,42.150001525878906,23.93000030517578,132.22999572753906,89.45999908447266
2016-09-29T13:30:00.0,28.045000076293945,57.400001525878906,42.029998779296875,23.57666778564453,131.02999877929688,88.2300033569336
2016-09-30T13:30:00.0,28.262500762939453,57.599998474121094,42.31999969482422,24.040000915527344,131.74000549316406,89.75
2016-10-03T13:30:00.0,28.1299991607666,57.41999816894531,42.029998779296875,24.003332138061523,132.3800048828125,88.66000366210938
2016-10-04T13:30:00.0,28.25,57.2400016784668,41.84000015258789,23.916667938232422,132.25,88.3499984741211
2016-10-05T13:30:00.0,28.262500762939453,57.63999938964844,41.810001373291016,23.889999389648438,134.66000366210938,88.8499984741211
2016-10-06T13:30:00.0,28.47249984741211,57.7400016784668,41.709999084472656,23.1200008392334,134.4199981689453,89.22000122070312
2016-10-07T13:30:00.0,28.514999389648438,57.79999923706055,41.72999954223633,22.899999618530273,133.85000610351562,90.0
2016-10-10T13:30:00.0,29.012500762939453,58.040000915527344,41.72999954223633,22.65999984741211,135.83999633789062,89.05999755859375
2016-10-11T13:30:00.0,29.075000762939453,57.189998626708984,41.540000915527344,22.463333129882812,133.74000549316406,88.54000091552734
2016-10-12T13:30:00.0,29.334999084472656,57.11000061035156,41.779998779296875,22.48666763305664,133.16000366210938,88.56999969482422
2016-10-13T13:30:00.0,29.2450008392334,56.91999816894531,41.7599983215332,22.74333381652832,133.3800048828125,88.23999786376953
2016-10-14T13:30:00.0,29.407499313354492,57.41999816894531,41.66999816894531,22.816667556762695,133.5,88.43000030517578
2016-10-17T13:30:00.0,29.387500762939453,57.220001220703125,41.599998474121094,22.739999771118164,134.0,87.83000183105469
2016-10-18T13:30:00.0,29.36750030517578,57.65999984741211,41.970001220703125,22.956666946411133,135.10000610351562,87.44999694824219
2016-10-19T13:30:00.0,29.280000686645508,57.529998779296875,42.04999923706055,22.963333129882812,136.17999267578125,85.54000091552734
2016-10-20T13:30:00.0,29.264999389648438,57.25,41.93000030517578,22.90999984741211,135.83999633789062,84.93000030517578
2016-10-21T13:30:00.0,29.149999618530273,59.65999984741211,42.130001068115234,22.780000686645508,135.6300048828125,84.33000183105469
2016-10-24T13:30:00.0,29.412500381469727,61.0,42.560001373291016,23.06333351135254,137.4499969482422,84.0999984741211
2016-10-25T13:30:00.0,29.5625,60.9900016784668,42.540000915527344,23.1200008392334,139.02000427246094,86.97000122070312
2016-10-26T13:30:00.0,28.897499084472656,60.630001068115234,42.439998626708984,23.196666717529297,145.5399932861328,87.4000015258789
2016-10-27T13:30:00.0,28.6200008392334,60.099998474121094,42.119998931884766,23.27666664123535,143.30999755859375,86.58000183105469
2016-10-28T13:30:00.0,28.43000030517578,59.869998931884766,42.22999954223633,23.329999923706055,143.00999450683594,86.83999633789062
2016-10-31T13:30:00.0,28.385000228881836,59.91999816894531,42.400001525878906,23.34000015258789,142.42999267578125,86.80000305175781
2016-11-01T13:30:00.0,27.872499465942383,59.79999923706055,42.119998931884766,23.100000381469727,142.41000366210938,86.8499984741211
2016-11-02T13:30:00.0,27.897499084472656,59.43000030517578,42.04999923706055,23.149999618530273,140.75,86.73999786376953
2016-11-03T13:30:00.0,27.457500457763672,59.209999084472656,42.029998779296875,23.209999084472656,140.02000427246094,86.5999984741211
2016-11-04T13:30:00.0,27.209999084472656,58.709999084472656,41.689998626708984,23.053333282470703,139.5399932861328,85.08000183105469
2016-11-07T14:30:00.0,27.602500915527344,60.41999816894531,42.459999084472656,23.260000228881836,143.02999877929688,86.55999755859375
2016-11-08T14:30:00.0,27.764999389648438,60.470001220703125,42.880001068115234,23.26333236694336,142.1999969482422,87.45999908447266
2016-11-09T14:30:00.0,27.719999313354492,60.16999816894531,42.27000045776367,23.700000762939453,145.08999633789062,85.93000030517578
2016-11-10T14:30:00.0,26.947500228881836,58.70000076293945,40.939998626708984,23.796667098999023,147.69000244140625,82.95999908447266
2016-11-11T14:30:00.0,27.107500076293945,59.02000045776367,41.029998779296875,23.74333381652832,148.52000427246094,83.58000183105469
2016-11-14T14:30:00.0,26.427499771118164,58.119998931884766,41.16999816894531,23.496667861938477,149.99000549316406,83.0
2016-11-15T14:30:00.0,26.77750015258789,58.869998931884766,41.439998626708984,23.80666732788086,148.11000061035156,83.62000274658203
2016-11-16T14:30:00.0,27.497499465942383,59.650001525878906,41.2599983215332,23.796667098999023,146.44000244140625,83.19000244140625
2016-11-17T14:30:00.0,27.487499237060547,60.63999938964844,41.119998931884766,23.06333351135254,145.3300018310547,83.06999969482422
2016-11-18T14:30:00.0,27.514999389648438,60.349998474121094,40.90999984741211,22.84666633605957,146.35000610351562,82.0
2016-11-21T14:30:00.0,27.9325008392334,60.86000061035156,41.36000061035156,23.123332977294922,147.02000427246094,82.63999938964844
2016-11-22T14:30:00.0,27.950000762939453,61.119998931884766,41.369998931884766,23.373332977294922,149.52000427246094,82.76000213623047
2016-11-23T14:30:00.0,27.8075008392334,60.400001525878906,41.119998931884766,23.610000610351562,149.74000549316406,82.68000030517578
2016-11-25T14:30:00.0,27.947500228881836,60.529998779296875,41.529998779296875,23.74333381652832,150.0399932861328,83.45999908447266
2016-11-28T14:30:00.0,27.892499923706055,60.61000061035156,41.75,23.729999542236328,149.77000427246094,83.06999969482422
2016-11-29T14:30:00.0,27.864999771118164,61.09000015258789,41.150001525878906,23.790000915527344,151.63999938964844,82.88999938964844
2016-11-30T14:30:00.0,27.6299991607666,60.2599983215332,40.349998474121094,23.476667404174805,150.55999755859375,82.45999908447266
2016-12-01T14:30:00.0,27.372499465942383,59.20000076293945,40.16999816894531,23.55666732788086,152.38999938964844,81.86000061035156
2016-12-02T14:30:00.0,27.475000381469727,59.25,40.36000061035156,23.626667022705078,152.25,82.4000015258789
2016-12-05T14:30:00.0,27.27750015258789,60.220001220703125,40.619998931884766,23.31333351135254,152.16000366210938,82.98999786376953
2016-12-06T14:30:00.0,27.487499237060547,59.95000076293945,40.56999969482422,23.453332901000977,152.24000549316406,82.91000366210938
2016-12-07T14:30:00.0,27.75749969482422,61.369998931884766,41.290000915527344,23.53333282470703,154.13999938964844,84.18000030517578
2016-12-08T14:30:00.0,28.030000686645508,61.0099983215332,40.97999954223633,23.446666717529297,155.38999938964844,83.5
2016-12-09T14:30:00.0,28.487499237060547,61.970001220703125,42.0,23.360000610351562,156.49000549316406,84.37000274658203
2016-12-12T14:30:00.0,28.325000762939453,62.16999816894531,41.900001525878906,23.889999389648438,157.16000366210938,85.12999725341797
2016-12-13T14:30:00.0,28.797500610351562,62.97999954223633,41.7599983215332,23.933332443237305,156.66000366210938,85.18000030517578
2016-12-14T14:30:00.0,28.797500610351562,62.68000030517578,41.209999084472656,23.780000686645508,154.47000122070312,84.37000274658203
2016-12-15T14:30:00.0,28.954999923706055,62.58000183105469,41.54999923706055,23.69333267211914,153.77000427246094,84.68000030517578
2016-12-16T14:30:00.0,28.99250030517578,62.29999923706055,41.7400016784668,23.65999984741211,154.5,84.68000030517578
2016-12-19T14:30:00.0,29.15999984741211,63.619998931884766,41.66999816894531,23.860000610351562,156.17999267578125,84.70999908447266
2016-12-20T14:30:00.0,29.237499237060547,63.540000915527344,41.65999984741211,23.940000534057617,156.38999938964844,84.56999969482422
2016-12-21T14:30:00.0,29.264999389648438,63.540000915527344,41.56999969482422,23.746667861938477,157.47999572753906,84.27999877929688
2016-12-22T14:30:00.0,29.072500228881836,63.54999923706055,41.54999923706055,23.196666717529297,157.4600067138672,84.47000122070312
2016-12-23T14:30:00.0,29.1299991607666,63.2400016784668,41.599998474121094,23.18000030517578,157.80999755859375,84.95999908447266
2016-12-27T14:30:00.0,29.315000534057617,63.279998779296875,41.61000061035156,23.233333587646484,157.47999572753906,84.5999984741211
2016-12-28T14:30:00.0,29.190000534057617,62.9900016784668,41.38999938964844,23.10333251953125,156.10000610351562,84.06999969482422
2016-12-29T14:30:00.0,29.1825008392334,62.900001525878906,41.599998474121094,23.086666107177734,155.69000244140625,84.3499984741211
2016-12-30T14:30:00.0,28.954999923706055,62.13999938964844,41.459999084472656,23.040000915527344,155.67999267578125,84.08000183105469
2017-01-03T14:30:00.0,29.037500381469727,62.58000183105469,41.79999923706055,22.886667251586914,156.97000122070312,84.19999694824219
2017-01-04T14:30:00.0,29.0049991607666,62.29999923706055,41.650001525878906,23.020000457763672,158.6199951171875,84.5
2017-01-05T14:30:00.0,29.15250015258789,62.29999923706055,41.75,23.06999969482422,158.7100067138672,85.05999755859375
2017-01-06T14:30:00.0,29.477500915527344,62.84000015258789,41.7400016784668,22.753332138061523,159.10000610351562,85.02999877929688
2017-01-09T14:30:00.0,29.747499465942383,62.63999938964844,41.31999969482422,22.90333366394043,158.32000732421875,84.4000015258789
2017-01-10T14:30:00.0,29.77750015258789,62.619998931884766,41.040000915527344,22.74333381652832,159.07000732421875,83.48999786376953
2017-01-11T14:30:00.0,29.9375,63.189998626708984,41.04999923706055,22.843332290649414,159.39999389648438,83.75
2017-01-12T14:30:00.0,29.8125,62.61000061035156,40.95000076293945,22.656667709350586,158.2899932861328,83.83999633789062
2017-01-13T14:30:00.0,29.760000228881836,62.70000076293945,40.880001068115234,22.376667022705078,158.8300018310547,84.01000213623047
2017-01-17T14:30:00.0,30.0,62.529998779296875,41.220001220703125,22.80666732788086,157.6699981689453,85.20999908447266
2017-01-18T14:30:00.0,29.997499465942383,62.5,41.290000915527344,22.703332901000977,158.32000732421875,84.93000030517578
2017-01-19T14:30:00.0,29.94499969482422,62.29999923706055,41.13999938964844,22.540000915527344,159.0,84.69999694824219
2017-01-20T14:30:00.0,30.0,62.7400016784668,41.31999969482422,22.393333435058594,159.52999877929688,87.44999694824219
2017-01-23T14:30:00.0,30.020000457763672,62.959999084472656,41.43000030517578,22.21666717529297,157.83999633789062,86.95999908447266
2017-01-24T14:30:00.0,29.99250030517578,63.52000045776367,41.900001525878906,22.46666717529297,160.5500030517578,87.86000061035156
2017-01-25T14:30:00.0,30.469999313354492,63.68000030517578,42.119998931884766,22.296667098999023,167.36000061035156,87.16000366210938
2017-01-26T14:30:00.0,30.485000610351562,64.2699966430664,41.810001373291016,22.24333381652832,169.1199951171875,86.5999984741211
2017-01-27T14:30:00.0,30.487499237060547,65.77999877929688,41.45000076293945,21.886667251586914,167.6999969482422,86.72000122070312
2017-01-30T14:30:00.0,30.407499313354492,65.12999725341797,41.380001068115234,22.139999389648438,165.57000732421875,86.75
2017-01-31T14:30:00.0,30.337499618530273,64.6500015258789,41.56999969482422,22.246667861938477,163.4199981689453,87.5999984741211
2017-02-01T14:30:00.0,32.1875,63.58000183105469,41.2599983215332,22.07666778564453,163.97000122070312,87.33000183105469
2017-02-02T14:30:00.0,32.13249969482422,63.16999816894531,41.400001525878906,22.233333587646484,162.25999450683594,87.76000213623047
2017-02-03T14:30:00.0,32.27000045776367,63.68000030517578,41.540000915527344,22.166667938232422,162.39999389648438,87.41000366210938
2017-02-06T14:30:00.0,32.5724983215332,63.63999938964844,41.560001373291016,22.133333206176758,163.97999572753906,87.4000015258789
2017-02-07T14:30:00.0,32.88249969482422,63.43000030517578,41.900001525878906,22.296667098999023,166.5,88.01000213623047
2017-02-08T14:30:00.0,33.0099983215332,63.34000015258789,42.02000045776367,22.60333251953125,163.80999755859375,88.33000183105469
2017-02-09T14:30:00.0,33.10499954223633,64.05999755859375,41.25,23.02666664123535,164.27999877929688,88.66999816894531
2017-02-10T14:30:00.0,33.029998779296875,64.0,40.58000183105469,22.67333221435547,166.22999572753906,87.97000122070312
2017-02-13T14:30:00.0,33.3224983215332,64.72000122070312,40.619998931884766,22.59000015258789,168.02999877929688,88.30999755859375
2017-02-14T14:30:00.0,33.755001068115234,64.56999969482422,40.529998779296875,22.886667251586914,168.5,87.86000061035156
2017-02-15T14:30:00.0,33.877498626708984,64.52999877929688,40.439998626708984,22.89666748046875,169.3000030517578,91.12000274658203
2017-02-16T14:30:00.0,33.837501525878906,64.5199966430664,41.20000076293945,22.956666946411133,170.80999755859375,90.79000091552734
2017-02-17T14:30:00.0,33.93000030517578,64.62000274658203,41.22999954223633,23.123332977294922,172.7100067138672,91.08999633789062
2017-02-21T14:30:00.0,34.17499923706055,64.48999786376953,41.459999084472656,23.816667556762695,175.55999755859375,91.66999816894531
2017-02-22T14:30:00.0,34.27750015258789,64.36000061035156,41.599998474121094,23.90333366394043,175.36000061035156,91.44000244140625
2017-02-23T14:30:00.0,34.13249969482422,64.62000274658203,41.65999984741211,23.770000457763672,176.86000061035156,91.12999725341797
2017-02-24T14:30:00.0,34.165000915527344,64.62000274658203,41.779998779296875,24.1299991607666,177.44000244140625,91.05000305175781
2017-02-27T14:30:00.0,34.23249816894531,64.2300033569336,41.66999816894531,23.913333892822266,179.42999267578125,90.88999938964844
2017-02-28T14:30:00.0,34.247501373291016,63.97999954223633,41.959999084472656,23.643333435058594,180.22999572753906,91.06999969482422
2017-03-01T14:30:00.0,34.9474983215332,64.94000244140625,42.15999984741211,23.483333587646484,183.91000366210938,91.66000366210938
2017-03-02T14:30:00.0,34.7400016784668,64.01000213623047,42.470001220703125,23.586666107177734,182.99000549316406,90.91000366210938
2017-03-03T14:30:00.0,34.94499969482422,64.25,42.47999954223633,23.343332290649414,182.17999267578125,90.5
2017-03-06T14:30:00.0,34.834999084472656,64.2699966430664,42.18000030517578,23.293333053588867,180.92999267578125,90.37000274658203
2017-03-07T14:30:00.0,34.880001068115234,64.4000015258789,41.9900016784668,23.290000915527344,182.02000427246094,90.29000091552734
2017-03-08T14:30:00.0,34.75,64.98999786376953,41.9900016784668,23.266666412353516,181.74000549316406,90.13999938964844
2017-03-09T14:30:00.0,34.66999816894531,64.7300033569336,42.029998779296875,23.286666870117188,180.57000732421875,90.33999633789062
2017-03-10T14:30:00.0,34.78499984741211,64.93000030517578,42.290000915527344,23.366666793823242,178.6999969482422,91.06999969482422
2017-03-13T13:30:00.0,34.79999923706055,64.70999908447266,42.029998779296875,23.316667556762695,179.0500030517578,91.30999755859375
2017-03-14T13:30:00.0,34.747501373291016,64.41000366210938,41.970001220703125,23.573333740234375,178.72999572753906,91.0
2017-03-15T13:30:00.0,35.1150016784668,64.75,42.119998931884766,23.52666664123535,178.7100067138672,91.4000015258789
2017-03-16T13:30:00.0,35.17250061035156,64.63999938964844,42.25,23.479999542236328,178.19000244140625,91.44000244140625
2017-03-17T13:30:00.0,34.997501373291016,64.87000274658203,42.029998779296875,23.296667098999023,180.10000610351562,91.0
2017-03-20T13:30:00.0,35.3650016784668,64.93000030517578,42.18000030517578,23.32666778564453,179.38999938964844,91.22000122070312
2017-03-21T13:30:00.0,34.959999084472656,64.20999908447266,42.5,23.299999237060547,175.9600067138672,91.19000244140625
2017-03-22T13:30:00.0,35.35499954223633,65.02999877929688,42.380001068115234,23.416667938232422,176.97999572753906,90.98999786376953
2017-03-23T13:30:00.0,35.22999954223633,64.87000274658203,42.16999816894531,23.286666870117188,177.25999450683594,90.7699966430664
2017-03-24T13:30:00.0,35.15999984741211,64.9800033569336,42.119998931884766,23.203332901000977,175.82000732421875,90.56999969482422
2017-03-27T13:30:00.0,35.220001220703125,65.0999984741211,42.31999969482422,23.219999313354492,176.10000610351562,90.48999786376953
2017-03-28T13:30:00.0,35.95000076293945,65.29000091552734,42.43000030517578,23.440000534057617,177.36000061035156,90.76000213623047
2017-03-29T13:30:00.0,36.029998779296875,65.47000122070312,42.41999816894531,23.579999923706055,177.6300048828125,90.5999984741211
2017-03-30T13:30:00.0,35.98249816894531,65.70999908447266,42.599998474121094,23.863332748413086,177.97999572753906,90.19999694824219
2017-03-31T13:30:00.0,35.915000915527344,65.86000061035156,42.439998626708984,24.02666664123535,176.86000061035156,89.8499984741211
2017-04-03T13:30:00.0,35.92499923706055,65.55000305175781,42.40999984741211,23.94333267211914,176.64999389648438,89.68000030517578
2017-04-04T13:30:00.0,36.192501068115234,65.7300033569336,42.68000030517578,24.003332138061523,178.6999969482422,89.91000366210938
2017-04-05T13:30:00.0,36.005001068115234,65.55999755859375,42.56999969482422,23.883333206176758,177.0800018310547,89.97000122070312
2017-04-06T13:30:00.0,35.915000915527344,65.7300033569336,42.66999816894531,23.809999465942383,177.3699951171875,89.4000015258789
2017-04-07T13:30:00.0,35.834999084472656,65.68000030517578,42.61000061035156,24.299999237060547,178.85000610351562,89.2300033569336
2017-04-10T13:30:00.0,35.79249954223633,65.52999877929688,42.689998626708984,24.35333251953125,177.55999755859375,89.48999786376953
2017-04-11T13:30:00.0,35.407501220703125,65.4800033569336,42.65999984741211,24.476667404174805,178.57000732421875,89.80000305175781
2017-04-12T13:30:00.0,35.45000076293945,65.2300033569336,42.939998626708984,24.479999542236328,176.0500030517578,90.30999755859375
2017-04-13T13:30:00.0,35.26250076293945,64.94999694824219,42.790000915527344,24.383333206176758,175.6199951171875,90.02999877929688
2017-04-17T13:30:00.0,35.45750045776367,65.4800033569336,43.06999969482422,24.496667861938477,179.02000427246094,90.38999938964844
2017-04-18T13:30:00.0,35.29999923706055,65.38999938964844,43.47999954223633,24.6299991607666,177.85000610351562,90.80000305175781
2017-04-19T13:30:00.0,35.16999816894531,65.04000091552734,43.22999954223633,24.690000534057617,178.39999389648438,89.5999984741211
2017-04-20T13:30:00.0,35.61000061035156,65.5,43.09000015258789,24.933332443237305,179.3000030517578,89.33000183105469
2017-04-21T13:30:00.0,35.567501068115234,66.4000015258789,43.06999969482422,24.979999542236328,180.3800048828125,88.62000274658203
2017-04-24T13:30:00.0,35.90999984741211,67.52999877929688,43.279998779296875,24.926666259765625,182.05999755859375,89.55000305175781
2017-04-25T13:30:00.0,36.13249969482422,67.91999816894531,43.11000061035156,25.016666412353516,183.50999450683594,90.0
2017-04-26T13:30:00.0,35.91999816894531,67.83000183105469,43.2400016784668,25.143333435058594,181.7100067138672,87.73999786376953
2017-04-27T13:30:00.0,35.9474983215332,68.2699966430664,43.0099983215332,25.14666748046875,183.22000122070312,87.69000244140625
2017-04-28T13:30:00.0,35.912498474121094,68.45999908447266,43.150001525878906,25.059999465942383,184.8300018310547,87.33000183105469
2017-05-01T13:30:00.0,36.64500045776367,69.41000366210938,43.220001220703125,25.07666778564453,182.38999938964844,87.08999633789062
2017-05-02T13:30:00.0,36.877498626708984,69.30000305175781,43.38999938964844,25.17333221435547,183.44000244140625,86.22000122070312
2017-05-03T13:30:00.0,36.76499938964844,69.08000183105469,43.31999969482422,25.253332138061523,183.38999938964844,86.43000030517578
2017-05-04T13:30:00.0,36.63249969482422,68.80999755859375,43.65999984741211,25.446666717529297,183.07000732421875,86.44999694824219
2017-05-05T13:30:00.0,37.2400016784668,69.0,43.689998626708984,25.5,185.00999450683594,86.5
2017-05-08T13:30:00.0,38.252498626708984,68.94000244140625,43.88999938964844,25.373332977294922,186.02000427246094,86.55000305175781
2017-05-09T13:30:00.0,38.497501373291016,69.04000091552734,43.5099983215332,25.573333740234375,186.91000366210938,86.4000015258789
2017-05-10T13:30:00.0,38.314998626708984,69.30999755859375,43.56999969482422,25.566667556762695,183.17999267578125,86.48999786376953
2017-05-11T13:30:00.0,38.48749923706055,68.45999908447266,43.66999816894531,25.376667022705078,183.94000244140625,86.16999816894531
2017-05-12T13:30:00.0,39.025001525878906,68.37999725341797,43.59000015258789,25.23666763305664,183.25,86.19000244140625
2017-05-15T13:30:00.0,38.92499923706055,68.43000030517578,43.72999954223633,25.43000030517578,182.38999938964844,86.33000183105469
2017-05-16T13:30:00.0,38.86750030517578,69.41000366210938,43.849998474121094,25.036666870117188,182.6999969482422,86.23999786376953
2017-05-17T13:30:00.0,37.5625,67.4800033569336,43.93000030517578,25.040000915527344,178.77999877929688,86.26000213623047
2017-05-18T13:30:00.0,38.1349983215332,67.70999908447266,43.79999923706055,25.84666633605957,177.39999389648438,85.87000274658203
2017-05-19T13:30:00.0,38.26499938964844,67.69000244140625,43.900001525878906,26.25666618347168,180.75999450683594,86.23999786376953
2017-05-22T13:30:00.0,38.497501373291016,68.44999694824219,44.18000030517578,26.183332443237305,183.6699981689453,86.20999908447266
2017-05-23T13:30:00.0,38.45000076293945,68.68000030517578,44.38999938964844,26.163333892822266,183.49000549316406,86.08000183105469
2017-05-24T13:30:00.0,38.334999084472656,68.7699966430664,45.029998779296875,26.049999237060547,185.25,86.5
2017-05-25T13:30:00.0,38.467498779296875,69.62000274658203,45.40999984741211,26.10333251953125,187.07000732421875,86.86000061035156
2017-05-26T13:30:00.0,38.40250015258789,69.95999908447266,45.38999938964844,26.043333053588867,186.58999633789062,87.25
2017-05-30T13:30:00.0,38.41749954223633,70.41000366210938,45.43000030517578,26.049999237060547,186.8800048828125,87.4000015258789
2017-05-31T13:30:00.0,38.189998626708984,69.83999633789062,45.470001220703125,26.200000762939453,187.6300048828125,88.08999633789062
2017-06-01T13:30:00.0,38.29499816894531,70.0999984741211,45.790000915527344,26.60333251953125,187.32000732421875,88.12999725341797
2017-06-02T13:30:00.0,38.86249923706055,71.76000213623047,45.88999938964844,26.540000915527344,190.22999572753906,88.58999633789062
2017-06-05T13:30:00.0,38.48249816894531,72.27999877929688,45.9900016784668,26.753332138061523,188.9499969482422,88.73999786376953
2017-06-06T13:30:00.0,38.61249923706055,72.5199966430664,45.97999954223633,26.309999465942383,186.75,88.80000305175781
2017-06-07T13:30:00.0,38.842498779296875,72.38999938964844,45.5099983215332,26.383333206176758,188.10000610351562,88.7699966430664
2017-06-08T13:30:00.0,38.747501373291016,71.94999694824219,45.130001068115234,26.309999465942383,189.92999267578125,87.8499984741211
2017-06-09T13:30:00.0,37.244998931884766,70.31999969482422,45.31999969482422,26.47333335876465,190.02999877929688,88.16000366210938
2017-06-12T13:30:00.0,36.35499954223633,69.77999877929688,45.33000183105469,26.413333892822266,190.0,88.23999786376953
2017-06-13T13:30:00.0,36.647499084472656,70.6500015258789,45.029998779296875,26.50666618347168,191.08999633789062,88.05999755859375
2017-06-14T13:30:00.0,36.290000915527344,70.2699966430664,45.29999923706055,26.633333206176758,192.3800048828125,88.44000244140625
2017-06-15T13:30:00.0,36.0724983215332,69.9000015258789,45.25,26.303333282470703,195.4499969482422,89.37999725341797
2017-06-16T13:30:00.0,35.567501068115234,70.0,45.310001373291016,25.079999923706055,196.44000244140625,89.66000366210938
2017-06-19T13:30:00.0,36.584999084472656,70.87000274658203,45.380001068115234,25.166667938232422,199.0800018310547,89.86000061035156
2017-06-20T13:30:00.0,36.252498626708984,69.91000366210938,45.61000061035156,25.18000030517578,198.3300018310547,89.62999725341797
2017-06-21T13:30:00.0,36.467498779296875,70.2699966430664,45.220001220703125,25.413333892822266,199.1699981689453,89.4000015258789
2017-06-22T13:30:00.0,36.407501220703125,70.26000213623047,45.06999969482422,25.17333221435547,199.44000244140625,89.02999877929688
2017-06-23T13:30:00.0,36.56999969482422,71.20999908447266,45.25,24.946666717529297,202.22999572753906,89.41999816894531
2017-06-26T13:30:00.0,36.45500183105469,70.52999877929688,45.43000030517578,25.166667938232422,199.97999572753906,89.36000061035156
2017-06-27T13:30:00.0,35.932498931884766,69.20999908447266,45.04999923706055,25.336666107177734,198.88999938964844,88.61000061035156
2017-06-28T13:30:00.0,36.45750045776367,69.80000305175781,45.31999969482422,25.503332138061523,199.6199951171875,88.37000274658203
2017-06-29T13:30:00.0,35.91999816894531,68.48999786376953,44.83000183105469,25.309999465942383,197.4600067138672,86.98999786376953
2017-06-30T13:30:00.0,36.005001068115234,68.93000030517578,44.849998474121094,25.226667404174805,197.75,87.1500015258789
2017-07-03T13:30:00.0,35.875,68.16999816894531,44.7599983215332,25.1200008392334,198.58999633789062,87.73999786376953
2017-07-05T13:30:00.0,36.022499084472656,69.08000183105469,44.81999969482422,25.106666564941406,201.80999755859375,87.66999816894531
2017-07-06T13:30:00.0,35.682498931884766,68.56999969482422,44.400001525878906,25.156667709350586,201.47999572753906,87.37000274658203
2017-07-07T13:30:00.0,36.04499816894531,69.45999908447266,44.38999938964844,25.110000610351562,202.3699951171875,87.6500015258789
2017-07-10T13:30:00.0,36.26499938964844,69.9800033569336,44.380001068115234,24.40999984741211,203.9600067138672,87.08999633789062
2017-07-11T13:30:00.0,36.38249969482422,69.98999786376953,44.33000183105469,24.489999771118164,206.27000427246094,86.7699966430664
2017-07-12T13:30:00.0,36.435001373291016,71.1500015258789,44.5099983215332,24.64666748046875,206.44000244140625,86.95999908447266
2017-07-13T13:30:00.0,36.942501068115234,71.7699966430664,44.43000030517578,25.016666412353516,206.22999572753906,86.69999694824219
2017-07-14T13:30:00.0,37.2599983215332,72.77999877929688,44.68000030517578,25.446666717529297,208.50999450683594,87.0999984741211
2017-07-17T13:30:00.0,37.38999938964844,73.3499984741211,44.72999954223633,25.456666946411133,209.0,87.55000305175781
2017-07-18T13:30:00.0,37.52000045776367,73.30000305175781,44.66999816894531,25.399999618530273,208.24000549316406,88.63999938964844
2017-07-19T13:30:00.0,37.755001068115234,73.86000061035156,44.83000183105469,25.290000915527344,210.8800048828125,88.3499984741211
2017-07-20T13:30:00.0,37.584999084472656,74.22000122070312,44.81999969482422,25.34000015258789,210.27999877929688,88.5999984741211
2017-07-21T13:30:00.0,37.567501068115234,73.79000091552734,45.029998779296875,25.383333206176758,212.13999938964844,88.61000061035156
2017-07-24T13:30:00.0,38.022499084472656,73.5999984741211,44.84000015258789,25.6299991607666,212.17999267578125,88.18000030517578
2017-07-25T13:30:00.0,38.185001373291016,74.19000244140625,45.2400016784668,26.17333221435547,212.4600067138672,89.13999938964844
2017-07-26T13:30:00.0,38.3650016784668,74.05000305175781,45.7400016784668,26.299999237060547,233.4499969482422,89.30000305175781
2017-07-27T13:30:00.0,37.63999938964844,73.16000366210938,46.119998931884766,26.593332290649414,241.0,90.68000030517578
2017-07-28T13:30:00.0,37.375,73.04000091552734,46.0099983215332,26.60333251953125,241.27000427246094,90.20999908447266
2017-07-31T13:30:00.0,37.182498931884766,72.69999694824219,45.84000015258789,26.663333892822266,242.4600067138672,90.81999969482422
2017-08-01T13:30:00.0,37.51250076293945,72.58000183105469,45.70000076293945,26.833332061767578,239.44000244140625,91.0999984741211
2017-08-02T13:30:00.0,39.28499984741211,72.26000213623047,45.59000015258789,26.843332290649414,237.9499969482422,91.04000091552734
2017-08-03T13:30:00.0,38.89250183105469,72.1500015258789,45.66999816894531,26.956666946411133,238.25,90.86000061035156
2017-08-04T13:30:00.0,39.09749984741211,72.68000030517578,45.5,26.82666778564453,237.7100067138672,90.66999816894531
2017-08-07T13:30:00.0,39.70249938964844,72.4000015258789,45.63999938964844,27.093332290649414,240.22999572753906,91.44000244140625
2017-08-08T13:30:00.0,40.02000045776367,72.79000091552734,45.599998474121094,27.196666717529297,239.5,91.58000183105469
2017-08-09T13:30:00.0,40.26499938964844,72.47000122070312,45.59000015258789,27.203332901000977,234.30999755859375,91.91999816894531
2017-08-10T13:30:00.0,38.83000183105469,71.41000366210938,45.7400016784668,26.886667251586914,232.8800048828125,91.73999786376953
2017-08-11T13:30:00.0,39.369998931884766,72.5,45.59000015258789,26.799999237060547,234.8800048828125,91.33999633789062
2017-08-14T13:30:00.0,39.962501525878906,73.58999633789062,45.79999923706055,26.899999618530273,237.14999389648438,91.6500015258789
2017-08-15T13:30:00.0,40.400001525878906,73.22000122070312,46.189998626708984,26.92333221435547,239.1699981689453,92.19999694824219
2017-08-16T13:30:00.0,40.23749923706055,73.6500015258789,46.20000076293945,26.99333381652832,237.58999633789062,92.44000244140625
2017-08-17T13:30:00.0,39.46500015258789,72.4000015258789,45.86000061035156,26.566667556762695,235.58999633789062,92.06999969482422
2017-08-18T13:30:00.0,39.375,72.48999786376953,45.66999816894531,26.43666648864746,235.77000427246094,92.47000122070312
2017-08-21T13:30:00.0,39.3025016784668,72.1500015258789,45.68000030517578,26.56999969482422,235.67999267578125,92.86000061035156
2017-08-22T13:30:00.0,39.94499969482422,73.16000366210938,45.599998474121094,26.67333221435547,239.75,92.79000091552734
2017-08-23T13:30:00.0,39.994998931884766,72.72000122070312,45.540000915527344,26.65333366394043,238.08999633789062,92.44000244140625
2017-08-24T13:30:00.0,39.817501068115234,72.69000244140625,45.40999984741211,26.113332748413086,238.74000549316406,92.2699966430664
2017-08-25T13:30:00.0,39.96500015258789,72.81999969482422,45.56999969482422,26.209999084472656,235.88999938964844,92.51000213623047
2017-08-28T13:30:00.0,40.36750030517578,72.83000183105469,45.41999816894531,26.010000228881836,237.17999267578125,92.47000122070312
2017-08-29T13:30:00.0,40.727500915527344,73.05000305175781,45.45000076293945,26.25666618347168,240.49000549316406,92.31999969482422
2017-08-30T13:30:00.0,40.837501525878906,74.01000213623047,45.38999938964844,26.18000030517578,240.4600067138672,91.87000274658203
2017-08-31T13:30:00.0,41.0,74.7699966430664,45.54999923706055,26.023332595825195,239.66000366210938,92.2699966430664
2017-09-01T13:30:00.0,41.01250076293945,73.94000244140625,45.779998779296875,26.123332977294922,240.3300018310547,92.52999877929688
2017-09-05T13:30:00.0,40.52000045776367,73.61000061035156,45.91999816894531,26.600000381469727,237.0,92.72000122070312
2017-09-06T13:30:00.0,40.477500915527344,73.4000015258789,45.959999084472656,26.69333267211914,234.6199951171875,92.72000122070312
2017-09-07T13:30:00.0,40.314998626708984,74.33999633789062,46.279998779296875,26.706666946411133,236.30999755859375,92.97000122070312
2017-09-08T13:30:00.0,39.657501220703125,73.9800033569336,46.29999923706055,26.293333053588867,238.77999877929688,92.83999633789062
2017-09-11T13:30:00.0,40.375,74.76000213623047,46.52000045776367,26.360000610351562,240.58999633789062,93.98999786376953
2017-09-12T13:30:00.0,40.21500015258789,74.68000030517578,46.720001220703125,26.536666870117188,240.5800018310547,93.51000213623047
2017-09-13T13:30:00.0,39.912498474121094,75.20999908447266,46.869998931884766,26.6200008392334,241.92999267578125,93.55000305175781
2017-09-14T13:30:00.0,39.56999969482422,74.7699966430664,46.11000061035156,26.559999465942383,245.22999572753906,93.55000305175781
2017-09-15T13:30:00.0,39.970001220703125,75.30999755859375,46.18000030517578,26.793333053588867,249.0,93.2699966430664
2017-09-18T13:30:00.0,39.66749954223633,75.16000366210938,46.11000061035156,26.666667938232422,253.0800018310547,93.1500015258789
2017-09-19T13:30:00.0,39.682498931884766,75.44000244140625,45.97999954223633,26.683332443237305,252.4600067138672,94.16999816894531
2017-09-20T13:30:00.0,39.01750183105469,74.94000244140625,45.779998779296875,26.833332061767578,255.4600067138672,94.4000015258789
2017-09-21T13:30:00.0,38.34749984741211,74.20999908447266,45.400001525878906,26.670000076293945,256.0400085449219,92.63999938964844
2017-09-22T13:30:00.0,37.97249984741211,74.41000366210938,45.4900016784668,26.510000228881836,256.45001220703125,92.23999786376953
2017-09-25T13:30:00.0,37.63750076293945,73.26000213623047,45.689998626708984,26.383333206176758,254.32000732421875,92.72000122070312
2017-09-26T13:30:00.0,38.28499984741211,73.26000213623047,45.56999969482422,26.463333129882812,253.6999969482422,92.6500015258789
2017-09-27T13:30:00.0,38.557498931884766,73.8499984741211,44.63999938964844,26.43000030517578,255.27999877929688,90.87000274658203
2017-09-28T13:30:00.0,38.31999969482422,73.87000274658203,44.90999984741211,26.316667556762695,254.27000427246094,90.88999938964844
2017-09-29T13:30:00.0,38.529998779296875,74.48999786376953,45.0099983215332,26.046667098999023,254.2100067138672,90.9800033569336
2017-10-02T13:30:00.0,38.45249938964844,74.61000061035156,44.79999923706055,26.149999618530273,255.99000549316406,91.7699966430664
2017-10-03T13:30:00.0,38.619998931884766,74.26000213623047,45.189998626708984,26.406667709350586,255.4600067138672,92.12000274658203
2017-10-04T13:30:00.0,38.369998931884766,74.69000244140625,45.5,26.363332748413086,255.75999450683594,92.41999816894531
2017-10-05T13:30:00.0,38.84749984741211,75.97000122070312,45.52000045776367,26.469999313354492,258.8900146484375,92.02999877929688
2017-10-06T13:30:00.0,38.82500076293945,76.0,45.4900016784668,26.333332061767578,258.5799865722656,92.33000183105469
2017-10-09T13:30:00.0,38.959999084472656,76.29000091552734,45.40999984741211,26.843332290649414,258.3900146484375,92.12000274658203
2017-10-10T13:30:00.0,38.974998474121094,76.29000091552734,45.869998931884766,28.043333053588867,260.92999267578125,91.62000274658203
2017-10-11T13:30:00.0,39.13750076293945,76.41999816894531,46.099998474121094,28.57666778564453,261.44000244140625,91.45999908447266
2017-10-12T13:30:00.0,39.0,77.12000274658203,46.11000061035156,28.700000762939453,261.9100036621094,92.1500015258789
2017-10-13T13:30:00.0,39.247501373291016,77.48999786376953,46.18000030517578,28.873332977294922,260.739990234375,93.04000091552734
2017-10-16T13:30:00.0,39.970001220703125,77.6500015258789,46.619998931884766,28.579999923706055,259.75,93.13999938964844
2017-10-17T13:30:00.0,40.11750030517578,77.58999633789062,46.52000045776367,28.65999984741211,258.6199951171875,92.80000305175781
2017-10-18T13:30:00.0,39.939998626708984,77.61000061035156,46.400001525878906,28.739999771118164,260.0400085449219,92.7699966430664
2017-10-19T13:30:00.0,38.994998931884766,77.91000366210938,46.59000015258789,28.799999237060547,259.0400085449219,91.58999633789062
2017-10-20T13:30:00.0,39.0625,78.80999755859375,46.380001068115234,29.14666748046875,264.75,88.25
2017-10-23T13:30:00.0,39.04249954223633,78.83000183105469,46.31999969482422,29.549999237060547,262.32000732421875,87.30000305175781
2017-10-24T13:30:00.0,39.275001525878906,78.86000061035156,46.18000030517578,29.32666778564453,266.0,86.9800033569336
2017-10-25T13:30:00.0,39.102500915527344,78.62999725341797,46.04999923706055,29.49333381652832,258.4200134277344,86.86000061035156
2017-10-26T13:30:00.0,39.352500915527344,78.76000213623047,46.22999954223633,29.540000915527344,259.2699890136719,87.5
2017-10-27T13:30:00.0,40.76250076293945,83.80999755859375,46.06999969482422,29.389999389648438,256.4599914550781,87.04000091552734
2017-10-30T13:30:00.0,41.68000030517578,83.88999938964844,45.86000061035156,28.983333587646484,259.25,86.2699966430664
2017-10-31T13:30:00.0,42.2599983215332,83.18000030517578,45.97999954223633,29.10333251953125,257.9800109863281,86.33999633789062
2017-11-01T13:30:00.0,41.72249984741211,83.18000030517578,45.79999923706055,29.31333351135254,258.5,86.88999938964844
2017-11-02T13:30:00.0,42.02750015258789,84.05000305175781,45.880001068115234,29.600000381469727,262.6300048828125,86.51000213623047
2017-11-03T13:30:00.0,43.125,84.13999938964844,45.970001220703125,29.893333435058594,261.75,86.58000183105469
2017-11-06T14:30:00.0,43.5625,84.47000122070312,45.470001220703125,29.566667556762695,264.07000732421875,86.05000305175781
2017-11-07T14:30:00.0,43.70249938964844,84.2699966430664,45.939998626708984,29.649999618530273,266.1300048828125,86.9800033569336
2017-11-08T14:30:00.0,44.060001373291016,84.55999755859375,46.18000030517578,30.086666107177734,265.57000732421875,87.58000183105469
2017-11-09T14:30:00.0,43.970001220703125,84.08999633789062,46.22999954223633,30.100000381469727,262.70001220703125,87.77999877929688
2017-11-10T14:30:00.0,43.66749954223633,83.87000274658203,46.540000915527344,30.30666732788086,260.8500061035156,88.16000366210938
2017-11-13T14:30:00.0,43.49250030517578,83.93000030517578,46.720001220703125,30.329999923706055,262.4200134277344,89.0
2017-11-14T14:30:00.0,42.834999084472656,84.05000305175781,47.43000030517578,30.363332748413086,261.760009765625,88.87000274658203
2017-11-15T14:30:00.0,42.27000045776367,82.9800033569336,46.810001373291016,29.94333267211914,262.8599853515625,88.2300033569336
2017-11-16T14:30:00.0,42.775001525878906,83.19999694824219,46.54999923706055,33.206668853759766,263.70001220703125,89.25
2017-11-17T14:30:00.0,42.537498474121094,82.4000015258789,45.709999084472656,32.4900016784668,262.260009765625,88.43000030517578
2017-11-20T14:30:00.0,42.494998931884766,82.52999877929688,45.459999084472656,32.49333190917969,264.6300048828125,88.2699966430664
2017-11-21T14:30:00.0,43.28499984741211,83.72000122070312,45.779998779296875,32.17333221435547,266.989990234375,88.72000122070312
2017-11-22T14:30:00.0,43.7400016784668,83.11000061035156,45.84000015258789,32.13666534423828,265.1499938964844,88.33000183105469
2017-11-24T14:30:00.0,43.74250030517578,83.26000213623047,45.880001068115234,32.206668853759766,265.8800048828125,88.44999694824219
2017-11-27T14:30:00.0,43.522499084472656,83.87000274658203,45.900001525878906,32.206668853759766,265.5799865722656,88.95999908447266
2017-11-28T14:30:00.0,43.26750183105469,84.87999725341797,45.83000183105469,32.25666809082031,267.989990234375,89.4000015258789
2017-11-29T14:30:00.0,42.369998931884766,83.33999633789062,45.5,32.52000045776367,269.29998779296875,89.37999725341797
2017-11-30T14:30:00.0,42.962501525878906,84.16999816894531,45.77000045776367,32.40999984741211,276.79998779296875,89.98999786376953
2017-12-01T14:30:00.0,42.76250076293945,84.26000213623047,45.970001220703125,32.45000076293945,271.3800048828125,90.36000061035156
2017-12-04T14:30:00.0,42.45000076293945,81.08000183105469,46.22999954223633,32.336666107177734,277.9700012207031,91.41000366210938
2017-12-05T14:30:00.0,42.40999984741211,81.58999633789062,46.2599983215332,32.61000061035156,275.5400085449219,91.4000015258789
2017-12-06T14:30:00.0,42.252498626708984,82.77999877929688,46.45000076293945,32.426666259765625,278.2699890136719,91.25
2017-12-07T14:30:00.0,42.33000183105469,82.48999786376953,45.779998779296875,32.2599983215332,281.9700012207031,90.0999984741211
2017-12-08T14:30:00.0,42.342498779296875,84.16000366210938,45.310001373291016,32.18333435058594,285.8999938964844,90.37000274658203
2017-12-11T14:30:00.0,43.16749954223633,85.2300033569336,45.33000183105469,32.310001373291016,283.1600036621094,90.2300033569336
2017-12-12T14:30:00.0,42.92499923706055,85.58000183105469,45.290000915527344,32.233333587646484,289.94000244140625,89.8499984741211
2017-12-13T14:30:00.0,43.067501068115234,85.3499984741211,45.900001525878906,32.586666107177734,291.8399963378906,90.87999725341797
2017-12-14T14:30:00.0,43.05500030517578,84.69000244140625,46.029998779296875,32.37666702270508,293.8800048828125,91.0
2017-12-15T14:30:00.0,43.49250030517578,86.8499984741211,46.189998626708984,32.369998931884766,293.94000244140625,91.88999938964844
2017-12-18T14:30:00.0,44.10499954223633,86.37999725341797,45.93000030517578,32.633331298828125,296.1400146484375,91.87999725341797
2017-12-19T14:30:00.0,43.6349983215332,85.83000183105469,46.130001068115234,32.93333435058594,297.25,91.68000030517578
2017-12-20T14:30:00.0,43.587501525878906,85.5199966430664,46.08000183105469,32.91666793823242,297.8999938964844,91.52999877929688
2017-12-21T14:30:00.0,43.752498626708984,85.5,45.599998474121094,32.686668395996094,295.0299987792969,91.66999816894531
2017-12-22T14:30:00.0,43.752498626708984,85.51000213623047,45.59000015258789,32.73666763305664,295.1000061035156,92.12999725341797
2017-12-26T14:30:00.0,42.64250183105469,85.4000015258789,45.810001373291016,33.0533332824707,295.3599853515625,92.4800033569336
2017-12-27T14:30:00.0,42.650001525878906,85.70999908447266,45.93000030517578,33.086666107177734,295.6199951171875,92.0999984741211
2017-12-28T14:30:00.0,42.77000045776367,85.72000122070312,45.720001220703125,33.133331298828125,296.3500061035156,92.06999969482422
2017-12-29T14:30:00.0,42.307498931884766,85.54000091552734,45.880001068115234,32.91666793823242,294.9100036621094,91.87999725341797
2018-01-02T14:30:00.0,43.064998626708984,85.94999694824219,45.540000915527344,32.86333465576172,296.8399963378906,90.6500015258789
2018-01-03T14:30:00.0,43.057498931884766,86.3499984741211,45.439998626708984,33.150001525878906,297.79998779296875,90.54000091552734
2018-01-04T14:30:00.0,43.25749969482422,87.11000061035156,46.08000183105469,33.18000030517578,296.6700134277344,91.18000030517578
2018-01-05T14:30:00.0,43.75,88.19000244140625,46.06999969482422,33.37666702270508,308.8399963378906,91.23999786376953
2018-01-08T14:30:00.0,43.587501525878906,88.27999877929688,46.0,33.869998931884766,310.1499938964844,91.72000122070312
2018-01-09T14:30:00.0,43.58250045776367,88.22000122070312,46.22999954223633,33.46333312988281,318.42999267578125,91.05000305175781
2018-01-10T14:30:00.0,43.5724983215332,87.81999969482422,46.06999969482422,33.223331451416016,320.260009765625,90.47000122070312
2018-01-11T14:30:00.0,43.81999969482422,88.08000183105469,46.040000915527344,33.34000015258789,328.1199951171875,90.1500015258789
2018-01-12T14:30:00.0,44.272499084472656,89.5999984741211,46.150001525878906,33.62333297729492,336.2099914550781,89.61000061035156
2018-01-16T14:30:00.0,44.04750061035156,88.3499984741211,46.529998779296875,33.563331604003906,335.1600036621094,90.22000122070312
2018-01-17T14:30:00.0,44.775001525878906,90.13999938964844,46.81999969482422,34.233333587646484,351.010009765625,91.19999694824219
2018-01-18T14:30:00.0,44.814998626708984,90.0999984741211,46.880001068115234,34.766666412353516,340.1600036621094,90.18000030517578
2018-01-19T14:30:00.0,44.6150016784668,90.0,47.15999984741211,34.86333465576172,337.7300109863281,91.06999969482422
2018-01-22T14:30:00.0,44.25,91.61000061035156,47.380001068115234,35.150001525878906,338.0,91.88999938964844
2018-01-23T14:30:00.0,44.2599983215332,91.9000015258789,47.45000076293945,35.29999923706055,335.5899963378906,89.05000305175781
2018-01-24T14:30:00.0,43.55500030517578,91.81999969482422,47.83000183105469,35.26333236694336,334.69000244140625,88.30999755859375
2018-01-25T14:30:00.0,42.77750015258789,92.33000183105469,47.84000015258789,35.53333282470703,343.1099853515625,88.33999633789062
2018-01-26T14:30:00.0,42.877498626708984,94.05999755859375,48.529998779296875,36.130001068115234,343.2200012207031,87.7300033569336
2018-01-29T14:30:00.0,41.9900016784668,93.91999816894531,47.70000076293945,36.516666412353516,340.82000732421875,86.86000061035156
2018-01-30T14:30:00.0,41.74250030517578,92.73999786376953,47.40999984741211,35.90999984741211,337.7099914550781,86.94999694824219
2018-01-31T14:30:00.0,41.85749816894531,95.01000213623047,47.59000015258789,35.53333282470703,354.3699951171875,86.33999633789062
2018-02-01T14:30:00.0,41.94499969482422,94.26000213623047,47.45000076293945,35.17333221435547,356.94000244140625,85.8499984741211
2018-02-02T14:30:00.0,40.125,91.77999877929688,46.72999954223633,34.82666778564453,348.9100036621094,84.25
2018-02-05T14:30:00.0,39.122501373291016,88.0,44.88999938964844,33.36333465576172,328.8800048828125,81.05999755859375
2018-02-06T14:30:00.0,40.75749969482422,91.33000183105469,44.66999816894531,33.633331298828125,340.9100036621094,82.37999725341797
2018-02-07T14:30:00.0,39.8849983215332,89.61000061035156,44.560001373291016,34.28333282470703,348.1199951171875,81.83999633789062
2018-02-08T14:30:00.0,38.787498474121094,85.01000213623047,43.099998474121094,33.34000015258789,329.6600036621094,80.22000122070312
2018-02-09T14:30:00.0,39.102500915527344,88.18000030517578,43.130001068115234,33.12333297729492,332.8299865722656,79.91999816894531
2018-02-12T14:30:00.0,40.6775016784668,89.12999725341797,43.970001220703125,33.18333435058594,343.79998779296875,81.33000183105469
2018-02-13T14:30:00.0,41.084999084472656,89.83000183105469,44.189998626708984,33.65999984741211,343.1600036621094,81.5
2018-02-14T14:30:00.0,41.842498779296875,90.80999755859375,44.099998474121094,33.900001525878906,344.8500061035156,80.68000030517578
2018-02-15T14:30:00.0,43.247501373291016,92.66000366210938,44.779998779296875,34.40999984741211,356.4599914550781,82.41000366210938
2018-02-16T14:30:00.0,43.10749816894531,92.0,44.97999954223633,34.926666259765625,355.0400085449219,82.5999984741211
2018-02-20T14:30:00.0,42.962501525878906,92.72000122070312,43.9900016784668,31.3700008392334,353.3500061035156,81.33999633789062
2018-02-21T14:30:00.0,42.76750183105469,91.48999786376953,43.34000015258789,30.50666618347168,352.3699951171875,80.23999786376953
2018-02-22T14:30:00.0,43.125,91.7300033569336,43.52000045776367,30.92333221435547,355.9200134277344,80.83999633789062
2018-02-23T14:30:00.0,43.875,94.05999755859375,44.040000915527344,30.963333129882812,356.6600036621094,81.05000305175781
2018-02-26T14:30:00.0,44.74250030517578,95.41999816894531,44.029998779296875,31.040000915527344,363.4800109863281,81.62999725341797
2018-02-27T14:30:00.0,44.59749984741211,94.19999694824219,43.619998931884766,30.50666618347168,364.6400146484375,80.54000091552734
2018-02-28T14:30:00.0,44.529998779296875,93.7699966430664,43.220001220703125,30.003332138061523,362.2099914550781,78.5199966430664
2018-03-01T14:30:00.0,43.75,92.8499984741211,43.43000030517578,29.69333267211914,349.69000244140625,78.69999694824219
2018-03-02T14:30:00.0,44.0525016784668,93.05000305175781,43.720001220703125,29.59000015258789,344.6700134277344,79.5
2018-03-05T14:30:00.0,44.20500183105469,93.63999938964844,43.88999938964844,29.99333381652832,352.75,80.29000091552734
2018-03-06T14:30:00.0,44.16749954223633,93.31999969482422,43.93000030517578,29.68666648864746,348.9200134277344,80.0199966430664
2018-03-07T14:30:00.0,43.75749969482422,93.86000061035156,43.81999969482422,29.246667861938477,347.0400085449219,79.16000366210938
2018-03-08T14:30:00.0,44.23500061035156,94.43000030517578,44.45000076293945,29.30666732788086,348.7300109863281,79.97000122070312
2018-03-09T14:30:00.0,44.994998931884766,96.54000091552734,44.81999969482422,29.573333740234375,354.5199890136719,80.29000091552734
2018-03-12T13:30:00.0,45.43000030517578,96.7699966430664,44.529998779296875,29.356666564941406,344.19000244140625,79.86000061035156
2018-03-13T13:30:00.0,44.99250030517578,94.41000366210938,44.56999969482422,29.433332443237305,338.6700134277344,79.72000122070312
2018-03-14T13:30:00.0,44.61000061035156,93.8499984741211,43.779998779296875,29.22333335876465,330.260009765625,79.0
2018-03-15T13:30:00.0,44.662498474121094,94.18000030517578,43.66999816894531,29.170000076293945,329.9800109863281,78.66999816894531
2018-03-16T13:30:00.0,44.505001068115234,94.5999984741211,43.459999084472656,29.72333335876465,330.4700012207031,78.97000122070312
2018-03-19T13:30:00.0,43.82500076293945,92.88999938964844,43.2599983215332,29.149999618530273,331.760009765625,78.66000366210938
2018-03-20T13:30:00.0,43.810001373291016,93.12999725341797,43.15999984741211,29.316667556762695,337.6300048828125,78.30999755859375
2018-03-21T13:30:00.0,42.817501068115234,92.4800033569336,43.0,29.393333435058594,337.1000061035156,77.04000091552734
2018-03-22T13:30:00.0,42.212501525878906,89.79000091552734,42.7599983215332,29.046667098999023,319.6099853515625,76.41000366210938
2018-03-23T13:30:00.0,41.23500061035156,87.18000030517578,42.33000183105469,28.47333335876465,321.0,75.91000366210938
2018-03-26T13:30:00.0,43.192501068115234,93.77999877929688,42.689998626708984,29.166667938232422,328.9700012207031,76.41000366210938
2018-03-27T13:30:00.0,42.084999084472656,89.47000122070312,42.88999938964844,28.683332443237305,321.1199951171875,77.79000091552734
2018-03-28T13:30:00.0,41.619998931884766,89.38999938964844,43.31999969482422,29.25666618347168,320.0199890136719,78.83999633789062
2018-03-29T13:30:00.0,41.94499969482422,91.2699966430664,43.43000030517578,29.656667709350586,327.8800048828125,79.27999877929688
2018-04-02T13:30:00.0,41.66999816894531,88.5199966430664,42.66999816894531,28.516666412353516,322.44000244140625,77.4000015258789
2018-04-03T13:30:00.0,42.09749984741211,89.70999908447266,43.380001068115234,28.933332443237305,330.82000732421875,78.45999908447266
2018-04-04T13:30:00.0,42.90250015258789,92.33000183105469,44.2400016784668,29.073333740234375,327.44000244140625,79.05000305175781
2018-04-05T13:30:00.0,43.20000076293945,92.37999725341797,44.400001525878906,29.270000457763672,336.3999938964844,78.80000305175781
2018-04-06T13:30:00.0,42.095001220703125,90.2300033569336,43.91999816894531,28.89666748046875,326.1199951171875,78.43000030517578
2018-04-09T13:30:00.0,42.51250076293945,90.7699966430664,43.83000183105469,28.760000228881836,322.4800109863281,78.16000366210938
2018-04-10T13:30:00.0,43.3125,92.87999725341797,43.9900016784668,28.816667556762695,334.8299865722656,78.37000274658203
2018-04-11T13:30:00.0,43.11000061035156,91.86000061035156,43.9900016784668,28.636667251586914,327.3599853515625,78.2699966430664
2018-04-12T13:30:00.0,43.53499984741211,93.58000183105469,44.029998779296875,28.476667404174805,337.4800109863281,77.79000091552734
2018-04-13T13:30:00.0,43.682498931884766,93.08000183105469,44.5099983215332,28.67333221435547,329.2799987792969,78.37000274658203
2018-04-16T13:30:00.0,43.95500183105469,94.16999816894531,44.68000030517578,28.946666717529297,331.7699890136719,78.61000061035156
2018-04-17T13:30:00.0,44.560001373291016,96.06999969482422,44.880001068115234,29.299999237060547,336.7200012207031,78.43000030517578
2018-04-18T13:30:00.0,44.459999084472656,96.44000244140625,44.5099983215332,29.190000534057617,341.0,78.19999694824219
2018-04-19T13:30:00.0,43.20000076293945,96.11000061035156,44.310001373291016,29.296667098999023,340.6400146484375,74.94999694824219
2018-04-20T13:30:00.0,41.43000030517578,95.0,43.7400016784668,28.99333381652832,338.6700134277344,73.80000305175781
2018-04-23T13:30:00.0,41.310001373291016,95.3499984741211,43.97999954223633,28.700000762939453,338.8399963378906,73.0
2018-04-24T13:30:00.0,40.73500061035156,93.12000274658203,43.06999969482422,28.843332290649414,329.05999755859375,72.5
2018-04-25T13:30:00.0,40.912498474121094,92.30999755859375,42.43000030517578,29.05666732788086,342.8599853515625,72.30000305175781
2018-04-26T13:30:00.0,41.05500030517578,94.26000213623047,42.75,29.31333351135254,342.7900085449219,72.75
2018-04-27T13:30:00.0,40.58000183105469,95.81999969482422,43.310001373291016,29.09666633605957,340.8800048828125,72.80999755859375
2018-04-30T13:30:00.0,41.314998626708984,93.5199966430664,43.209999084472656,29.48666763305664,333.55999755859375,72.33999633789062
2018-05-01T13:30:00.0,42.275001525878906,95.0,42.59000015258789,29.136667251586914,329.5400085449219,71.95999908447266
2018-05-02T13:30:00.0,44.14250183105469,93.51000213623047,42.060001373291016,28.780000686645508,324.19000244140625,70.94000244140625
2018-05-03T13:30:00.0,44.22249984741211,94.06999969482422,41.88999938964844,28.74333381652832,330.69000244140625,71.36000061035156
2018-05-04T13:30:00.0,45.95750045776367,95.16000366210938,42.36000061035156,29.176666259765625,334.42999267578125,72.43000030517578
2018-05-07T13:30:00.0,46.290000915527344,96.22000122070312,42.13999938964844,28.489999771118164,340.42999267578125,71.9800033569336
2018-05-08T13:30:00.0,46.51250076293945,95.80999755859375,41.810001373291016,28.579999923706055,338.3699951171875,71.44000244140625
2018-05-09T13:30:00.0,46.84000015258789,96.94000244140625,41.779998779296875,27.68666648864746,344.5,72.37000274658203
2018-05-10T13:30:00.0,47.5099983215332,97.91000366210938,42.18000030517578,27.56333351135254,344.07000732421875,73.1500015258789
2018-05-11T13:30:00.0,47.147499084472656,97.69999694824219,42.13999938964844,27.793333053588867,342.4599914550781,73.37000274658203
2018-05-14T13:30:00.0,47.037498474121094,98.02999877929688,42.040000915527344,28.1299991607666,344.5899963378906,73.27999877929688
2018-05-15T13:30:00.0,46.61000061035156,97.31999969482422,41.720001220703125,28.17333221435547,342.1199951171875,72.94999694824219
2018-05-16T13:30:00.0,47.04499816894531,97.1500015258789,41.54999923706055,28.709999084472656,340.9700012207031,73.52999877929688
2018-05-17T13:30:00.0,46.747501373291016,96.18000030517578,42.29999923706055,28.163333892822266,344.1400146484375,73.95999908447266
2018-05-18T13:30:00.0,46.57749938964844,96.36000061035156,42.18000030517578,27.8799991607666,351.2300109863281,73.44999694824219
2018-05-21T13:30:00.0,46.907501220703125,97.5999984741211,42.40999984741211,28.170000076293945,363.9200134277344,74.05999755859375
2018-05-22T13:30:00.0,46.790000915527344,97.5,42.25,27.790000915527344,355.0199890136719,74.02999877929688
2018-05-23T13:30:00.0,47.09000015258789,98.66000366210938,42.400001525878906,27.670000076293945,359.2099914550781,74.18000030517578
2018-05-24T13:30:00.0,47.037498474121094,98.30999755859375,42.31999969482422,27.616666793823242,359.0,73.7699966430664
2018-05-25T13:30:00.0,47.14500045776367,98.36000061035156,42.400001525878906,27.48666763305664,360.0899963378906,74.30999755859375
2018-05-29T13:30:00.0,46.974998474121094,98.01000213623047,42.68000030517578,27.46666717529297,352.4800109863281,74.05000305175781
2018-05-30T13:30:00.0,46.875,98.94999694824219,43.130001068115234,28.040000915527344,358.19000244140625,74.88999938964844
2018-05-31T13:30:00.0,46.717498779296875,98.83999633789062,43.0,27.51333236694336,352.1600036621094,73.16999816894531
2018-06-01T13:30:00.0,47.560001373291016,100.79000091552734,43.119998931884766,27.663333892822266,356.7200012207031,73.44999694824219
2018-06-04T13:30:00.0,47.95750045776367,101.66999816894531,43.4900016784668,28.47333335876465,360.7300109863281,74.18000030517578
2018-06-05T13:30:00.0,48.32749938964844,102.19000244140625,43.11000061035156,28.206666946411133,360.1000061035156,73.97000122070312
2018-06-06T13:30:00.0,48.494998931884766,102.48999786376953,43.459999084472656,28.18666648864746,371.55999755859375,74.3499984741211
2018-06-07T13:30:00.0,48.3650016784668,100.87999725341797,43.439998626708984,28.316667556762695,368.5299987792969,75.76000213623047
2018-06-08T13:30:00.0,47.92499923706055,101.62999725341797,43.95000076293945,28.1200008392334,369.5,77.18000030517578
2018-06-11T13:30:00.0,47.807498931884766,101.05000305175781,44.130001068115234,28.100000381469727,370.94000244140625,77.52999877929688
2018-06-12T13:30:00.0,48.06999969482422,101.30999755859375,44.40999984741211,28.03333282470703,370.6199951171875,77.23999786376953
2018-06-13T13:30:00.0,47.67499923706055,100.8499984741211,44.18000030517578,28.030000686645508,363.8500061035156,76.47000122070312
2018-06-14T13:30:00.0,47.70000076293945,101.41999816894531,43.58000183105469,27.93000030517578,362.4200134277344,75.98999786376953
2018-06-15T13:30:00.0,47.209999084472656,100.12999725341797,44.119998931884766,27.899999618530273,357.8800048828125,77.37999725341797
2018-06-18T13:30:00.0,47.185001373291016,100.86000061035156,43.54999923706055,27.666667938232422,354.739990234375,75.83999633789062
2018-06-19T13:30:00.0,46.42250061035156,100.86000061035156,43.599998474121094,27.8700008392334,341.1199951171875,76.33000183105469
2018-06-20T13:30:00.0,46.625,101.87000274658203,43.2599983215332,27.8700008392334,342.69000244140625,75.8499984741211
2018-06-21T13:30:00.0,46.3650016784668,101.13999938964844,43.09000015258789,28.06999969482422,337.6600036621094,76.44000244140625
2018-06-22T13:30:00.0,46.22999954223633,100.41000366210938,43.25,28.273332595825195,338.9100036621094,77.43000030517578
2018-06-25T13:30:00.0,45.54249954223633,98.38999938964844,43.58000183105469,28.823333740234375,331.20001220703125,77.79000091552734
2018-06-26T13:30:00.0,46.10749816894531,99.08000183105469,43.33000183105469,28.65999984741211,331.29998779296875,78.0
2018-06-27T13:30:00.0,46.040000915527344,97.54000091552734,43.06999969482422,28.963333129882812,329.82000732421875,77.69000244140625
2018-06-28T13:30:00.0,46.375,98.62999725341797,43.470001220703125,28.6200008392334,334.6499938964844,78.05000305175781
2018-06-29T13:30:00.0,46.27750015258789,98.61000061035156,43.86000061035156,28.549999237060547,335.510009765625,78.05999755859375
2018-07-02T13:30:00.0,46.79499816894531,100.01000213623047,43.75,28.0,336.0799865722656,78.12999725341797
2018-07-03T13:30:00.0,45.97999954223633,99.05000305175781,43.9900016784668,28.14666748046875,332.92999267578125,77.9000015258789
2018-07-05T13:30:00.0,46.349998474121094,99.76000213623047,44.65999984741211,28.190000534057617,333.17999267578125,79.20999908447266
2018-07-06T13:30:00.0,46.99250030517578,101.16000366210938,44.63999938964844,28.170000076293945,334.6400146484375,79.30999755859375
2018-07-09T13:30:00.0,47.64500045776367,101.8499984741211,44.400001525878906,28.643333435058594,341.9200134277344,77.86000061035156
2018-07-10T13:30:00.0,47.587501525878906,102.12000274658203,44.970001220703125,29.06999969482422,347.1600036621094,79.81999969482422
2018-07-11T13:30:00.0,46.970001220703125,101.9800033569336,44.790000915527344,28.843332290649414,340.6000061035156,79.16000366210938
2018-07-12T13:30:00.0,47.75749969482422,104.19000244140625,44.66999816894531,28.84000015258789,346.0299987792969,78.88999938964844
2018-07-13T13:30:00.0,47.83250045776367,105.43000030517578,44.7400016784668,29.233333587646484,350.7900085449219,79.30999755859375
2018-07-16T13:30:00.0,47.727500915527344,104.91000366210938,44.72999954223633,29.213333129882812,356.1000061035156,79.52999877929688
2018-07-17T13:30:00.0,47.86249923706055,105.94999694824219,45.25,29.39666748046875,356.8800048828125,80.02999877929688
2018-07-18T13:30:00.0,47.599998474121094,105.12000274658203,45.119998931884766,29.356666564941406,360.2300109863281,79.72000122070312
2018-07-19T13:30:00.0,47.970001220703125,104.4000015258789,45.11000061035156,29.239999771118164,355.3299865722656,78.7300033569336
2018-07-20T13:30:00.0,47.86000061035156,106.2699966430664,45.279998779296875,29.35333251953125,354.8999938964844,78.68000030517578
2018-07-23T13:30:00.0,47.90250015258789,107.97000122070312,44.95000076293945,29.209999084472656,353.2699890136719,78.51000213623047
2018-07-24T13:30:00.0,48.25,107.66000366210938,45.2599983215332,29.31999969482422,358.2699890136719,78.98999786376953
2018-07-25T13:30:00.0,48.70500183105469,110.83000183105469,46.09000015258789,29.299999237060547,355.9200134277344,79.47000122070312
2018-07-26T13:30:00.0,48.5525016784668,109.62000274658203,46.2400016784668,29.40999984741211,359.32000732421875,80.08999633789062
2018-07-27T13:30:00.0,47.744998931884766,107.68000030517578,46.209999084472656,29.376667022705078,360.6499938964844,80.58000183105469
2018-07-30T13:30:00.0,47.477500915527344,105.37000274658203,46.22999954223633,29.626667022705078,351.05999755859375,80.19999694824219
2018-07-31T13:30:00.0,47.5724983215332,106.08000183105469,46.630001068115234,29.74333381652832,356.29998779296875,80.87999725341797
2018-08-01T13:30:00.0,50.375,106.27999877929688,46.38999938964844,29.413333892822266,352.760009765625,80.6500015258789
2018-08-02T13:30:00.0,51.84749984741211,107.56999969482422,46.18000030517578,29.586666107177734,349.7300109863281,82.0
2018-08-03T13:30:00.0,51.997501373291016,108.04000091552734,46.619998931884766,29.866666793823242,348.44000244140625,82.33000183105469
2018-08-06T13:30:00.0,52.26750183105469,108.12999725341797,46.650001525878906,29.889999389648438,346.57000732421875,82.5199966430664
2018-08-07T13:30:00.0,51.77750015258789,108.87999725341797,46.5,29.92333221435547,350.760009765625,82.63999938964844
2018-08-08T13:30:00.0,51.8125,109.48999786376953,46.150001525878906,30.016666412353516,347.7799987792969,82.3499984741211
2018-08-09T13:30:00.0,52.220001220703125,109.66999816894531,46.349998474121094,29.670000076293945,343.7200012207031,81.4000015258789
2018-08-10T13:30:00.0,51.88249969482422,109.0,46.08000183105469,30.059999465942383,339.4100036621094,81.43000030517578
2018-08-13T13:30:00.0,52.217498779296875,108.20999908447266,45.83000183105469,29.8799991607666,338.3599853515625,81.5199966430664
2018-08-14T13:30:00.0,52.4375,109.55999755859375,45.88999938964844,30.28333282470703,339.1400146484375,81.30999755859375
2018-08-15T13:30:00.0,52.560001373291016,107.66000366210938,46.08000183105469,30.073333740234375,331.760009765625,82.30000305175781
2018-08-16T13:30:00.0,53.33000183105469,107.63999938964844,46.220001220703125,32.880001068115234,345.9800109863281,83.69000244140625
2018-08-17T13:30:00.0,54.39500045776367,107.58000183105469,46.599998474121094,32.616668701171875,346.3999938964844,83.69000244140625
2018-08-20T13:30:00.0,53.8650016784668,106.87000274658203,46.72999954223633,32.0,350.739990234375,83.63999938964844
2018-08-21T13:30:00.0,53.7599983215332,105.9800033569336,46.220001220703125,32.026668548583984,353.7699890136719,83.9000015258789
2018-08-22T13:30:00.0,53.76250076293945,107.05999755859375,45.93000030517578,31.889999389648438,350.0299987792969,83.38999938964844
2018-08-23T13:30:00.0,53.872501373291016,107.55999755859375,45.70000076293945,31.726667404174805,347.4800109863281,83.23999786376953
2018-08-24T13:30:00.0,54.040000915527344,108.4000015258789,45.630001068115234,31.649999618530273,349.3800048828125,83.36000061035156
2018-08-27T13:30:00.0,54.48500061035156,109.5999984741211,45.689998626708984,31.51333236694336,353.739990234375,83.44000244140625
2018-08-28T13:30:00.0,54.92499923706055,110.26000213623047,45.369998931884766,32.02333450317383,351.2099914550781,83.4800033569336
2018-08-29T13:30:00.0,55.744998931884766,112.0199966430664,45.33000183105469,31.8799991607666,350.19000244140625,83.48999786376953
2018-08-30T13:30:00.0,56.25749969482422,111.94999694824219,44.95000076293945,32.03333282470703,346.8999938964844,83.41000366210938
2018-08-31T13:30:00.0,56.907501220703125,112.33000183105469,44.56999969482422,31.953332901000977,342.7900085449219,82.94999694824219
2018-09-04T13:30:00.0,57.09000015258789,111.70999908447266,44.7599983215332,31.786666870117188,346.25,82.69999694824219
2018-09-05T13:30:00.0,56.717498779296875,108.48999786376953,45.380001068115234,32.206668853759766,346.67999267578125,83.29000091552734
2018-09-06T13:30:00.0,55.775001525878906,108.73999786376953,45.77000045776367,32.150001525878906,351.2699890136719,82.6500015258789
2018-09-07T13:30:00.0,55.32500076293945,108.20999908447266,45.720001220703125,31.94333267211914,349.2799987792969,81.91000366210938
2018-09-10T13:30:00.0,54.58250045776367,109.37999725341797,46.060001373291016,32.29999923706055,341.8599853515625,82.37999725341797
2018-09-11T13:30:00.0,55.962501525878906,111.23999786376953,46.02000045776367,32.21333312988281,345.25,82.01000213623047
2018-09-12T13:30:00.0,55.26750183105469,111.70999908447266,46.2400016784668,31.989999771118164,353.4100036621094,83.11000061035156
2018-09-13T13:30:00.0,56.602500915527344,112.91000366210938,45.83000183105469,31.706666946411133,355.4599914550781,83.44999694824219
2018-09-14T13:30:00.0,55.959999084472656,113.37000274658203,45.9900016784668,31.530000686645508,359.79998779296875,83.61000061035156
2018-09-17T13:30:00.0,54.470001220703125,112.13999938964844,46.31999969482422,31.606666564941406,355.9599914550781,84.25
2018-09-18T13:30:00.0,54.560001373291016,113.20999908447266,45.93000030517578,31.809999465942383,363.5799865722656,84.0
2018-09-19T13:30:00.0,54.592498779296875,111.69999694824219,45.959999084472656,31.746667861938477,365.2200012207031,84.0
2018-09-20T13:30:00.0,55.00749969482422,113.56999969482422,46.63999938964844,31.916667938232422,367.4599914550781,85.36000061035156
2018-09-21T13:30:00.0,54.415000915527344,114.26000213623047,46.58000183105469,31.96666717529297,372.2300109863281,85.81999969482422
2018-09-24T13:30:00.0,55.1974983215332,114.66999816894531,46.06999969482422,31.639999389648438,367.989990234375,84.2699966430664
2018-09-25T13:30:00.0,55.54750061035156,114.44999694824219,45.68000030517578,31.700000762939453,367.2300109863281,83.12000274658203
2018-09-26T13:30:00.0,55.10499954223633,113.9800033569336,45.849998474121094,31.530000686645508,365.0299987792969,83.26000213623047
2018-09-27T13:30:00.0,56.23749923706055,114.41000366210938,46.0099983215332,31.376667022705078,367.3900146484375,82.86000061035156
2018-09-28T13:30:00.0,56.435001373291016,114.37000274658203,46.189998626708984,31.303333282470703,371.8999938964844,83.2300033569336
2018-10-01T13:30:00.0,56.814998626708984,115.61000061035156,46.22999954223633,31.46666717529297,382.2900085449219,83.66999816894531
2018-10-02T13:30:00.0,57.31999969482422,115.1500015258789,46.5099983215332,31.71666717529297,386.3699951171875,84.36000061035156
2018-10-03T13:30:00.0,58.01750183105469,115.16999816894531,45.869998931884766,31.356666564941406,392.29998779296875,83.02999877929688
2018-10-04T13:30:00.0,56.997501373291016,112.79000091552734,45.849998474121094,31.40333366394043,389.989990234375,81.91999816894531
2018-10-05T13:30:00.0,56.0724983215332,112.12999725341797,45.880001068115234,31.10333251953125,386.4700012207031,82.1500015258789
2018-10-08T13:30:00.0,55.942501068115234,110.8499984741211,46.47999954223633,31.56333351135254,385.7699890136719,82.4000015258789
2018-10-09T13:30:00.0,56.717498779296875,112.26000213623047,46.38999938964844,32.36000061035156,385.44000244140625,82.19999694824219
2018-10-10T13:30:00.0,54.09000015258789,106.16000366210938,45.68000030517578,31.920000076293945,367.4700012207031,81.44000244140625
2018-10-11T13:30:00.0,53.61249923706055,105.91000366210938,44.63999938964844,31.30666732788086,358.1099853515625,78.87000274658203
2018-10-12T13:30:00.0,55.52750015258789,109.56999969482422,44.68000030517578,31.60333251953125,360.1099853515625,79.05999755859375
2018-10-15T13:30:00.0,54.34000015258789,107.5999984741211,44.90999984741211,31.273332595825195,358.8800048828125,80.12999725341797
2018-10-16T13:30:00.0,55.537498474121094,111.0,45.4900016784668,31.93666648864746,368.25,81.01000213623047
2018-10-17T13:30:00.0,55.29750061035156,110.70999908447266,45.86000061035156,32.186668395996094,365.5,81.86000061035156
2018-10-18T13:30:00.0,54.005001068115234,108.5,45.61000061035156,32.05666732788086,359.3500061035156,80.23999786376953
2018-10-19T13:30:00.0,54.82749938964844,108.66000366210938,46.33000183105469,32.383331298828125,356.260009765625,87.30000305175781
2018-10-22T13:30:00.0,55.162498474121094,109.62999725341797,45.970001220703125,32.380001068115234,355.9800109863281,86.5999984741211
2018-10-23T13:30:00.0,55.682498931884766,108.0999984741211,46.36000061035156,32.599998474121094,350.04998779296875,87.16000366210938
2018-10-24T13:30:00.0,53.772499084472656,102.31999969482422,46.72999954223633,32.52000045776367,354.6499938964844,89.45999908447266
2018-10-25T13:30:00.0,54.95000076293945,108.30000305175781,46.5099983215332,33.060001373291016,363.7699890136719,89.0
2018-10-26T13:30:00.0,54.07500076293945,106.95999908447266,45.91999816894531,32.97999954223633,359.2699890136719,87.86000061035156
2018-10-29T13:30:00.0,53.060001373291016,103.8499984741211,46.459999084472656,33.266666412353516,335.5899963378906,88.23999786376953
2018-10-30T13:30:00.0,53.32500076293945,103.7300033569336,47.630001068115234,34.13999938964844,349.9100036621094,89.19000244140625
2018-10-31T13:30:00.0,54.71500015258789,106.80999755859375,47.880001068115234,33.426666259765625,354.8599853515625,88.68000030517578
2018-11-01T13:30:00.0,55.55500030517578,105.91999816894531,47.7400016784668,33.526668548583984,363.07000732421875,89.58999633789062
2018-11-02T13:30:00.0,51.869998931884766,106.16000366210938,48.0,33.779998779296875,357.75,89.80999755859375
2018-11-05T14:30:00.0,50.397499084472656,107.51000213623047,48.689998626708984,34.3033332824707,361.9800109863281,91.19999694824219
2018-11-06T14:30:00.0,50.942501068115234,107.72000122070312,49.11000061035156,34.44333267211914,366.4700012207031,91.51000213623047
2018-11-07T14:30:00.0,52.48749923706055,111.95999908447266,49.369998931884766,34.77333450317383,372.0199890136719,91.29000091552734
2018-11-08T14:30:00.0,52.122501373291016,111.75,49.33000183105469,34.959999084472656,370.7699890136719,91.36000061035156
2018-11-09T14:30:00.0,51.11750030517578,109.56999969482422,49.68000030517578,35.186668395996094,369.3399963378906,92.41000366210938
2018-11-12T14:30:00.0,48.54249954223633,106.87000274658203,49.869998931884766,34.62333297729492,357.0299987792969,92.69999694824219
2018-11-13T14:30:00.0,48.057498931884766,106.94000244140625,49.86000061035156,34.313331604003906,349.510009765625,93.47000122070312
2018-11-14T14:30:00.0,46.70000076293945,104.97000122070312,49.7599983215332,33.84333419799805,344.7200012207031,93.48999786376953
2018-11-15T14:30:00.0,47.852500915527344,107.27999877929688,49.7400016784668,33.18000030517578,341.57000732421875,93.83000183105469
2018-11-16T14:30:00.0,48.38249969482422,108.29000091552734,50.16999816894531,32.563331604003906,335.95001220703125,93.81999969482422
2018-11-19T14:30:00.0,46.46500015258789,104.62000274658203,50.5099983215332,32.2599983215332,320.94000244140625,93.29000091552734
2018-11-20T14:30:00.0,44.244998931884766,101.70999908447266,49.380001068115234,31.386667251586914,317.70001220703125,92.0999984741211
2018-11-21T14:30:00.0,44.19499969482422,103.11000061035156,48.72999954223633,31.389999389648438,317.32000732421875,91.41000366210938
2018-11-23T14:30:00.0,43.0724983215332,103.06999969482422,49.02000045776367,31.700000762939453,312.32000732421875,91.54000091552734
2018-11-26T14:30:00.0,43.654998779296875,106.47000122070312,48.869998931884766,31.71666717529297,316.3599853515625,91.94000244140625
2018-11-27T14:30:00.0,43.560001373291016,107.13999938964844,49.369998931884766,31.68000030517578,318.0299987792969,92.72000122070312
2018-11-28T14:30:00.0,45.23500061035156,111.12000274658203,49.709999084472656,32.48666763305664,333.5,93.01000213623047
2018-11-29T14:30:00.0,44.88750076293945,110.19000244140625,48.97999954223633,32.43000030517578,342.55999755859375,92.81999969482422
2018-11-30T14:30:00.0,44.64500045776367,110.88999938964844,50.400001525878906,32.54999923706055,346.760009765625,94.51000213623047
2018-12-03T14:30:00.0,46.20500183105469,112.08999633789062,49.689998626708984,32.91666793823242,359.9599914550781,93.31999969482422
2018-12-04T14:30:00.0,44.17250061035156,108.5199966430664,49.58000183105469,31.93666648864746,342.5,93.30999755859375
2018-12-06T14:30:00.0,43.68000030517578,109.19000244140625,49.380001068115234,31.59000015258789,331.8999938964844,93.55000305175781
2018-12-07T14:30:00.0,42.122501373291016,104.81999969482422,49.09000015258789,31.06333351135254,323.2200012207031,92.44999694824219
2018-12-10T14:30:00.0,42.400001525878906,107.58999633789062,49.2400016784668,31.31333351135254,326.3500061035156,93.02999877929688
2018-12-11T14:30:00.0,42.157501220703125,108.58999633789062,49.540000915527344,31.28333282470703,322.0299987792969,93.91000366210938
2018-12-12T14:30:00.0,42.275001525878906,109.08000183105469,49.220001220703125,31.036666870117188,326.69000244140625,94.02999877929688
2018-12-13T14:30:00.0,42.73749923706055,109.44999694824219,49.470001220703125,30.98666763305664,325.4700012207031,96.48999786376953
2018-12-14T14:30:00.0,41.369998931884766,106.02999877929688,49.34000015258789,30.616666793823242,318.75,96.63999938964844
2018-12-17T14:30:00.0,40.98500061035156,102.88999938964844,48.33000183105469,30.25666618347168,316.1300048828125,92.7699966430664
2018-12-18T14:30:00.0,41.51750183105469,103.97000122070312,48.31999969482422,30.360000610351562,328.05999755859375,92.48999786376953
2018-12-19T14:30:00.0,40.22249984741211,103.69000244140625,47.900001525878906,30.183332443237305,319.54998779296875,91.76000213623047
2018-12-20T14:30:00.0,39.20750045776367,101.51000213623047,47.540000915527344,29.093332290649414,313.04998779296875,90.9800033569336
2018-12-21T14:30:00.0,37.682498931884766,98.2300033569336,47.56999969482422,29.043333053588867,304.54998779296875,90.97000122070312
2018-12-24T14:30:00.0,36.70750045776367,94.12999725341797,45.959999084472656,28.606666564941406,294.1600036621094,87.36000061035156
2018-12-26T14:30:00.0,39.29249954223633,100.55999755859375,46.939998626708984,30.136667251586914,313.92999267578125,90.08999633789062
2018-12-27T14:30:00.0,39.037498474121094,101.18000030517578,47.529998779296875,30.530000686645508,317.1400146484375,92.0199966430664
2018-12-28T14:30:00.0,39.057498931884766,100.38999938964844,47.20000076293945,30.709999084472656,316.3800048828125,91.18000030517578
2018-12-31T14:30:00.0,39.435001373291016,101.56999969482422,47.349998474121094,31.049999237060547,322.5,91.91999816894531
2019-01-02T14:30:00.0,39.47999954223633,101.12000274658203,46.93000030517578,31.113332748413086,323.80999755859375,91.27999877929688
2019-01-03T14:30:00.0,35.54750061035156,97.4000015258789,46.63999938964844,30.953332901000977,310.8999938964844,90.63999938964844
2019-01-04T14:30:00.0,37.064998626708984,101.93000030517578,47.56999969482422,31.14666748046875,327.0799865722656,92.48999786376953
2019-01-07T14:30:00.0,36.98249816894531,102.05999755859375,46.95000076293945,31.51333236694336,328.1099853515625,92.12000274658203
2019-01-08T14:30:00.0,37.6875,102.80000305175781,47.47999954223633,31.733333587646484,340.5299987792969,92.45999908447266
2019-01-09T14:30:00.0,38.32749938964844,104.2699966430664,46.56999969482422,31.6299991607666,343.8299865722656,90.94999694824219
2019-01-10T14:30:00.0,38.45000076293945,103.5999984741211,47.06999969482422,31.65333366394043,352.6099853515625,91.16999816894531
2019-01-11T14:30:00.0,38.0724983215332,102.80000305175781,47.34000015258789,31.613332748413086,352.8999938964844,91.7699966430664
2019-01-14T14:30:00.0,37.5,102.05000305175781,47.150001525878906,31.649999618530273,350.3599853515625,91.1500015258789
2019-01-15T14:30:00.0,38.26750183105469,105.01000213623047,47.56999969482422,32.08333206176758,352.239990234375,92.01000213623047
2019-01-16T14:30:00.0,38.73500061035156,105.37999725341797,46.91999816894531,32.116668701171875,352.05999755859375,91.37000274658203
2019-01-17T14:30:00.0,38.96500015258789,106.12000274658203,47.060001373291016,32.246665954589844,359.0899963378906,90.63999938964844
2019-01-18T14:30:00.0,39.20500183105469,107.70999908447266,47.61000061035156,32.57666778564453,364.7300109863281,91.41999816894531
2019-01-22T14:30:00.0,38.32500076293945,105.68000030517578,47.720001220703125,32.496665954589844,357.8999938964844,90.44000244140625
2019-01-23T14:30:00.0,38.47999954223633,106.70999908447266,48.27000045776367,32.9033317565918,358.6099853515625,94.83999633789062
2019-01-24T14:30:00.0,38.17499923706055,106.19999694824219,47.689998626708984,32.78666687011719,358.2699890136719,94.30000305175781
2019-01-25T14:30:00.0,39.439998626708984,107.16999816894531,47.369998931884766,32.313331604003906,364.20001220703125,93.5999984741211
2019-01-28T14:30:00.0,39.07500076293945,105.08000183105469,47.16999816894531,32.35333251953125,362.9700012207031,93.5199966430664
2019-01-29T14:30:00.0,38.66999816894531,102.94000244140625,47.400001525878906,32.23666763305664,364.9100036621094,93.54000091552734
2019-01-30T14:30:00.0,41.3125,106.37999725341797,47.86000061035156,31.600000381469727,387.7200012207031,94.5199966430664
2019-01-31T14:30:00.0,41.61000061035156,104.43000030517578,48.130001068115234,31.94333267211914,385.6199951171875,96.47000122070312
2019-02-01T14:30:00.0,41.630001068115234,102.77999877929688,48.70000076293945,31.286666870117188,387.42999267578125,97.47000122070312
2019-02-04T14:30:00.0,42.8125,105.73999786376953,49.25,31.59000015258789,397.0,98.02999877929688
2019-02-05T14:30:00.0,43.54499816894531,107.22000122070312,49.2599983215332,31.866666793823242,410.17999267578125,97.44000244140625
2019-02-06T14:30:00.0,43.560001373291016,106.02999877929688,49.2599983215332,31.8799991607666,411.1099853515625,97.91999816894531
2019-02-07T14:30:00.0,42.73500061035156,105.2699966430664,49.41999816894531,32.24333190917969,405.1700134277344,97.13999938964844
2019-02-08T14:30:00.0,42.602500915527344,105.66999816894531,49.5,31.860000610351562,404.9100036621094,97.70999908447266
2019-02-11T14:30:00.0,42.35749816894531,105.25,49.61000061035156,32.06666564941406,403.95001220703125,98.2699966430664
2019-02-12T14:30:00.0,42.72249984741211,106.88999938964844,49.65999984741211,32.323333740234375,410.7200012207031,99.26000213623047
2019-02-13T14:30:00.0,42.54499816894531,106.80999755859375,49.790000915527344,32.64666748046875,410.5799865722656,99.23999786376953
2019-02-14T14:30:00.0,42.70000076293945,106.9000015258789,45.59000015258789,32.84000015258789,409.82000732421875,98.45999908447266
2019-02-15T14:30:00.0,42.60499954223633,108.22000122070312,45.2400016784668,33.33000183105469,417.9700012207031,98.4800033569336
2019-02-19T14:30:00.0,42.73249816894531,108.16999816894531,44.83000183105469,34.06666564941406,416.260009765625,99.98999786376953
2019-02-20T14:30:00.0,43.00749969482422,107.1500015258789,45.099998474121094,33.293331146240234,421.54998779296875,99.27999877929688
2019-02-21T14:30:00.0,42.76499938964844,109.41000366210938,45.86000061035156,33.130001068115234,417.5799865722656,99.77999877929688
2019-02-22T14:30:00.0,43.24250030517578,110.97000122070312,45.279998779296875,33.18333435058594,424.04998779296875,100.25
2019-02-25T14:30:00.0,43.557498931884766,111.58999633789062,44.939998626708984,33.040000915527344,426.8699951171875,99.56999969482422
2019-02-26T14:30:00.0,43.58250045776367,112.36000061035156,44.689998626708984,32.89666748046875,426.7699890136719,99.83000183105469
2019-02-27T14:30:00.0,43.717498779296875,112.16999816894531,44.939998626708984,32.70333480834961,435.44000244140625,98.91000366210938
2019-02-28T14:30:00.0,43.287498474121094,112.02999877929688,45.34000015258789,32.996665954589844,439.9599914550781,98.55000305175781
2019-03-01T14:30:00.0,43.74250030517578,112.52999877929688,45.380001068115234,32.643333435058594,440.6199951171875,98.44000244140625
2019-03-04T14:30:00.0,43.962501525878906,112.26000213623047,45.650001525878906,32.616668701171875,432.69000244140625,98.87000274658203
2019-03-05T14:30:00.0,43.88249969482422,111.69999694824219,45.599998474121094,32.779998779296875,430.1199951171875,99.08999633789062
2019-03-06T14:30:00.0,43.630001068115234,111.75,45.45000076293945,32.753334045410156,424.4599914550781,98.93000030517578
2019-03-07T14:30:00.0,43.125,110.38999938964844,45.279998779296875,32.483333587646484,422.55999755859375,98.55000305175781
2019-03-08T14:30:00.0,43.227500915527344,110.51000213623047,44.84000015258789,32.529998779296875,422.5400085449219,98.41000366210938
2019-03-11T13:30:00.0,44.724998474121094,112.83000183105469,46.18000030517578,32.82666778564453,400.010009765625,99.58000183105469
2019-03-12T13:30:00.0,45.227500915527344,113.62000274658203,46.04999923706055,32.790000915527344,375.4100036621094,100.05000305175781
2019-03-13T13:30:00.0,45.4275016784668,114.5,46.220001220703125,33.0099983215332,377.1400146484375,101.18000030517578
2019-03-14T13:30:00.0,45.932498931884766,114.58999633789062,45.70000076293945,32.7400016784668,373.29998779296875,101.31999969482422
2019-03-15T13:30:00.0,46.529998779296875,115.91000366210938,45.29999923706055,32.80666732788086,378.989990234375,102.44000244140625
2019-03-18T13:30:00.0,47.005001068115234,117.56999969482422,45.40999984741211,33.220001220703125,372.2799987792969,101.51000213623047
2019-03-19T13:30:00.0,46.63249969482422,117.6500015258789,45.560001373291016,33.28333282470703,373.42999267578125,101.9000015258789
2019-03-20T13:30:00.0,47.040000915527344,117.5199966430664,45.529998779296875,32.880001068115234,376.1600036621094,101.72000122070312
2019-03-21T13:30:00.0,48.772499084472656,120.22000122070312,45.5099983215332,33.02000045776367,372.70001220703125,102.48999786376953
2019-03-22T13:30:00.0,47.76250076293945,117.05000305175781,45.93000030517578,32.7599983215332,362.1700134277344,101.66000366210938
2019-03-25T13:30:00.0,47.185001373291016,117.66000366210938,46.029998779296875,32.723331451416016,370.4599914550781,101.95999908447266
2019-03-26T13:30:00.0,46.6974983215332,117.91000366210938,46.63999938964844,32.77333450317383,370.3800048828125,103.0199966430664
2019-03-27T13:30:00.0,47.11750030517578,116.7699966430664,46.61000061035156,32.4033317565918,374.2099914550781,102.9000015258789
2019-03-28T13:30:00.0,47.18000030517578,116.93000030517578,46.58000183105469,32.37666702270508,374.44000244140625,103.55000305175781
2019-03-29T13:30:00.0,47.48749923706055,117.94000244140625,46.86000061035156,32.5099983215332,381.4200134277344,104.05000305175781
2019-04-01T13:30:00.0,47.810001373291016,119.0199966430664,46.720001220703125,32.606666564941406,391.5400085449219,103.63999938964844
2019-04-02T13:30:00.0,48.505001068115234,119.19000244140625,46.56999969482422,32.313331604003906,390.75,103.75
2019-04-03T13:30:00.0,48.837501525878906,119.97000122070312,46.18000030517578,32.39666748046875,384.739990234375,103.69000244140625
2019-04-04T13:30:00.0,48.92250061035156,119.36000061035156,46.47999954223633,32.70333480834961,395.8599853515625,103.43000030517578
2019-04-05T13:30:00.0,49.25,119.88999938964844,46.470001220703125,32.94333267211914,391.92999267578125,103.6500015258789
2019-04-08T13:30:00.0,50.025001525878906,119.93000030517578,46.54999923706055,33.07666778564453,374.5199890136719,104.97000122070312
2019-04-09T13:30:00.0,49.875,119.27999877929688,46.66999816894531,32.89666748046875,369.0400085449219,104.66000366210938
2019-04-10T13:30:00.0,50.154998779296875,120.19000244140625,46.63999938964844,33.20000076293945,364.94000244140625,104.6500015258789
2019-04-11T13:30:00.0,49.73749923706055,120.33000183105469,46.709999084472656,33.599998474121094,370.1600036621094,104.75
2019-04-12T13:30:00.0,49.717498779296875,120.94999694824219,46.7400016784668,33.85333251953125,379.6400146484375,105.05999755859375
2019-04-15T13:30:00.0,49.807498931884766,121.05000305175781,47.0,34.143333435058594,375.4599914550781,105.7300033569336
2019-04-16T13:30:00.0,49.8125,120.7699966430664,46.95000076293945,34.310001373291016,381.7200012207031,106.41999816894531
2019-04-17T13:30:00.0,50.782501220703125,121.7699966430664,47.279998779296875,34.38666534423828,377.5199890136719,105.8499984741211
2019-04-18T13:30:00.0,50.96500015258789,123.37000274658203,47.47999954223633,34.393333435058594,380.07000732421875,106.05000305175781
2019-04-22T13:30:00.0,51.13249969482422,123.76000213623047,47.400001525878906,34.12333297729492,375.1700134277344,106.01000213623047
2019-04-23T13:30:00.0,51.869998931884766,125.44000244140625,48.209999084472656,34.356666564941406,374.0199890136719,103.16000366210938
2019-04-24T13:30:00.0,51.790000915527344,125.01000213623047,47.97999954223633,34.5099983215332,375.4599914550781,103.69000244140625
2019-04-25T13:30:00.0,51.31999969482422,129.14999389648438,47.84000015258789,34.50666809082031,382.79998779296875,103.27999877929688
2019-04-26T13:30:00.0,51.07500076293945,129.88999938964844,48.2599983215332,33.84333419799805,380.7900085449219,105.86000061035156
2019-04-29T13:30:00.0,51.15250015258789,129.77000427246094,48.41999816894531,33.85333251953125,379.04998779296875,104.77999877929688
2019-04-30T13:30:00.0,50.16749954223633,130.60000610351562,49.060001373291016,34.279998779296875,377.69000244140625,106.4800033569336
2019-05-01T13:30:00.0,52.630001068115234,127.87999725341797,48.59000015258789,33.78666687011719,376.79998779296875,104.93000030517578
2019-05-02T13:30:00.0,52.287498474121094,126.20999908447266,48.38999938964844,33.71666717529297,375.79998779296875,105.55999755859375
2019-05-03T13:30:00.0,52.9375,128.89999389648438,48.720001220703125,34.026668548583984,376.4599914550781,106.08000183105469
2019-05-06T13:30:00.0,52.119998931884766,128.14999389648438,48.470001220703125,34.1533317565918,371.6000061035156,105.68000030517578
2019-05-07T13:30:00.0,50.71500015258789,125.5199966430664,48.0,33.766666412353516,357.2300109863281,104.69999694824219
2019-05-08T13:30:00.0,50.724998474121094,125.51000213623047,47.849998474121094,33.43333435058594,359.75,105.06999969482422
2019-05-09T13:30:00.0,50.18000030517578,125.5,47.400001525878906,33.18000030517578,354.1300048828125,104.23999786376953
2019-05-10T13:30:00.0,49.29499816894531,127.12999725341797,48.189998626708984,33.970001220703125,354.6700134277344,106.01000213623047
2019-05-13T13:30:00.0,46.43000030517578,123.3499984741211,48.04999923706055,33.29666519165039,337.3699951171875,106.11000061035156
2019-05-14T13:30:00.0,47.165000915527344,124.7300033569336,48.689998626708984,33.43000030517578,343.0400085449219,105.5999984741211
2019-05-15T13:30:00.0,47.72999954223633,126.0199966430664,49.18000030517578,33.293331146240234,345.6400146484375,106.69999694824219
2019-05-16T13:30:00.0,47.52000045776367,128.92999267578125,49.58000183105469,33.77000045776367,353.80999755859375,108.11000061035156
2019-05-17T13:30:00.0,47.25,128.07000732421875,49.20000076293945,33.619998931884766,355.0199890136719,107.44999694824219
2019-05-20T13:30:00.0,45.772499084472656,126.22000122070312,48.849998474121094,33.84000015258789,352.7900085449219,107.33000183105469
2019-05-21T13:30:00.0,46.650001525878906,126.9000015258789,48.599998474121094,33.706668853759766,358.75,106.37000274658203
2019-05-22T13:30:00.0,45.69499969482422,127.66999816894531,49.650001525878906,34.07666778564453,352.7799987792969,106.72000122070312
2019-05-23T13:30:00.0,44.915000915527344,126.18000030517578,49.849998474121094,33.95333480834961,350.54998779296875,106.76000213623047
2019-05-24T13:30:00.0,44.74250030517578,126.23999786376953,49.61000061035156,34.223331451416016,354.8999938964844,106.69000244140625
2019-05-28T13:30:00.0,44.557498931884766,126.16000366210938,49.099998474121094,34.13999938964844,354.8800048828125,104.45999908447266
2019-05-29T13:30:00.0,44.345001220703125,124.94000244140625,48.61000061035156,34.040000915527344,348.79998779296875,104.19000244140625
2019-05-30T13:30:00.0,44.57500076293945,125.7300033569336,49.25,34.063331604003906,349.8699951171875,105.33000183105469
2019-05-31T13:30:00.0,43.76750183105469,123.68000030517578,49.130001068115234,33.813331604003906,341.6099853515625,102.91000366210938
2019-06-03T13:30:00.0,43.32500076293945,119.83999633789062,49.97999954223633,33.98666763305664,338.8900146484375,103.80000305175781
2019-06-04T13:30:00.0,44.90999984741211,123.16000366210938,50.0,34.186668395996094,344.6199951171875,104.68000030517578
2019-06-05T13:30:00.0,45.6349983215332,125.83000183105469,50.779998779296875,34.80666732788086,348.75,106.7300033569336
2019-06-06T13:30:00.0,46.30500030517578,127.81999969482422,51.400001525878906,35.03666687011719,350.6400146484375,107.37999725341797
2019-06-07T13:30:00.0,47.537498474121094,131.39999389648438,51.4900016784668,35.35333251953125,353.70001220703125,108.7699966430664
2019-06-10T13:30:00.0,48.14500045776367,132.60000610351562,51.380001068115234,35.84000015258789,353.79998779296875,108.72000122070312
2019-06-11T13:30:00.0,48.70249938964844,132.10000610351562,51.33000183105469,35.97999954223633,349.3299865722656,109.37999725341797
2019-06-12T13:30:00.0,48.54750061035156,131.49000549316406,51.63999938964844,36.27333450317383,347.0299987792969,109.68000030517578
2019-06-13T13:30:00.0,48.537498474121094,132.32000732421875,51.130001068115234,36.21666717529297,348.8599853515625,110.91000366210938
2019-06-14T13:30:00.0,48.185001373291016,132.4499969482422,51.310001373291016,36.356666564941406,347.1600036621094,111.19999694824219
2019-06-17T13:30:00.0,48.47249984741211,132.85000610351562,50.869998931884766,36.38666534423828,354.8999938964844,110.98999786376953
2019-06-18T13:30:00.0,49.61249923706055,135.16000366210938,50.63999938964844,36.54999923706055,373.9599914550781,109.5999984741211
2019-06-19T13:30:00.0,49.467498779296875,135.69000244140625,51.119998931884766,36.540000915527344,368.55999755859375,110.41999816894531
2019-06-20T13:30:00.0,49.8650016784668,136.9499969482422,51.65999984741211,36.77333450317383,374.8800048828125,111.73999786376953
2019-06-21T13:30:00.0,49.69499969482422,136.97000122070312,51.54999923706055,37.043331146240234,371.8399963378906,111.19999694824219
2019-06-24T13:30:00.0,49.64500045776367,137.77999877929688,51.91999816894531,37.08000183105469,373.989990234375,112.33000183105469
2019-06-25T13:30:00.0,48.89250183105469,133.42999267578125,51.7599983215332,36.90666580200195,369.32000732421875,111.72000122070312
2019-06-26T13:30:00.0,49.95000076293945,133.92999267578125,51.119998931884766,36.720001220703125,374.94000244140625,109.7300033569336
2019-06-27T13:30:00.0,49.935001373291016,134.14999389648438,51.08000183105469,36.70000076293945,364.0199890136719,109.77999877929688
2019-06-28T13:30:00.0,49.47999954223633,133.9600067138672,50.91999816894531,36.83000183105469,364.010009765625,109.6500015258789
2019-07-01T13:30:00.0,50.38750076293945,135.67999267578125,51.599998474121094,36.87333297729492,356.4599914550781,110.48999786376953
2019-07-02T13:30:00.0,50.682498931884766,136.5800018310547,51.97999954223633,37.20000076293945,354.1600036621094,111.4800033569336
2019-07-03T13:30:00.0,51.102500915527344,137.4600067138672,52.099998474121094,37.439998626708984,354.4700012207031,114.08000183105469
2019-07-05T13:30:00.0,51.057498931884766,137.05999755859375,52.11000061035156,37.32666778564453,355.8599853515625,113.1500015258789
2019-07-08T13:30:00.0,50.005001068115234,136.9600067138672,52.0,37.573333740234375,351.1199951171875,114.05000305175781
2019-07-09T13:30:00.0,50.310001373291016,136.4600067138672,51.59000015258789,37.62666702270508,353.0899963378906,112.91000366210938
2019-07-10T13:30:00.0,50.807498931884766,137.85000610351562,51.81999969482422,37.65999984741211,352.29998779296875,113.75
2019-07-11T13:30:00.0,50.4375,138.39999389648438,52.040000915527344,37.973331451416016,359.0,114.37999725341797
2019-07-12T13:30:00.0,50.82500076293945,138.89999389648438,52.119998931884766,38.20000076293945,365.3299865722656,114.98999786376953
2019-07-15T13:30:00.0,51.3025016784668,138.89999389648438,52.130001068115234,38.32666778564453,361.6099853515625,115.4800033569336
2019-07-16T13:30:00.0,51.125,137.0800018310547,52.13999938964844,38.253334045410156,362.75,115.88999938964844
2019-07-17T13:30:00.0,50.837501525878906,136.27000427246094,52.18000030517578,38.20000076293945,369.5199890136719,115.94000244140625
2019-07-18T13:30:00.0,51.415000915527344,136.4199981689453,52.029998779296875,38.2400016784668,361.1099853515625,115.44000244140625
2019-07-19T13:30:00.0,50.647499084472656,136.6199951171875,51.38999938964844,37.96666717529297,377.3599853515625,115.01000213623047
2019-07-22T13:30:00.0,51.80500030517578,138.42999267578125,51.220001220703125,37.606666564941406,373.4200134277344,115.30000305175781
2019-07-23T13:30:00.0,52.209999084472656,139.2899932861328,54.33000183105469,37.36333465576172,373.07000732421875,113.8499984741211
2019-07-24T13:30:00.0,52.16749954223633,140.72000122070312,53.779998779296875,37.33333206176758,361.42999267578125,112.5999984741211
2019-07-25T13:30:00.0,51.755001068115234,140.19000244140625,53.06999969482422,37.40666580200195,348.0899963378906,112.7699966430664
2019-07-26T13:30:00.0,51.935001373291016,141.33999633789062,54.16999816894531,37.67333221435547,345.0,114.7300033569336
2019-07-29T13:30:00.0,52.41999816894531,141.02999877929688,53.9900016784668,37.42333221435547,340.2099914550781,116.0
2019-07-30T13:30:00.0,52.19499969482422,140.35000610351562,53.720001220703125,37.35333251953125,347.4599914550781,120.41000366210938
2019-07-31T13:30:00.0,53.2599983215332,136.27000427246094,52.630001068115234,36.793331146240234,341.17999267578125,118.04000091552734
2019-08-01T13:30:00.0,52.10749816894531,138.05999755859375,52.029998779296875,36.459999084472656,334.2900085449219,116.7300033569336
2019-08-02T13:30:00.0,51.005001068115234,136.89999389648438,52.33000183105469,36.46666717529297,339.55999755859375,116.44000244140625
2019-08-05T13:30:00.0,48.334999084472656,132.2100067138672,51.650001525878906,35.27333450317383,331.05999755859375,113.08000183105469
2019-08-06T13:30:00.0,49.25,134.69000244140625,52.27000045776367,35.75666809082031,332.45001220703125,114.27999877929688
2019-08-07T13:30:00.0,49.7599983215332,135.27999877929688,53.18000030517578,36.06666564941406,331.3800048828125,115.5199966430664
2019-08-08T13:30:00.0,50.85749816894531,138.88999938964844,53.689998626708984,36.17333221435547,336.3500061035156,117.44000244140625
2019-08-09T13:30:00.0,50.247501373291016,137.7100067138672,53.41999816894531,35.7599983215332,337.54998779296875,116.77999877929688
2019-08-12T13:30:00.0,50.119998931884766,135.7899932861328,53.20000076293945,35.073333740234375,332.94000244140625,116.02999877929688
2019-08-13T13:30:00.0,52.24250030517578,138.60000610351562,53.5,35.8033332824707,332.8599853515625,117.25
2019-08-14T13:30:00.0,50.6875,133.97999572753906,52.9900016784668,35.400001525878906,320.4200134277344,115.79000091552734
2019-08-15T13:30:00.0,50.435001373291016,133.67999267578125,53.869998931884766,37.563331604003906,328.0,117.38999938964844
2019-08-16T13:30:00.0,51.625,136.1300048828125,54.40999984741211,37.663333892822266,330.45001220703125,119.18000030517578
2019-08-19T13:30:00.0,52.587501525878906,138.41000366210938,54.689998626708984,37.936668395996094,333.7799987792969,120.23999786376953
2019-08-20T13:30:00.0,52.59000015258789,137.25999450683594,53.880001068115234,37.349998474121094,331.75,118.9000015258789
2019-08-21T13:30:00.0,53.15999984741211,138.7899932861328,54.099998474121094,37.34000015258789,339.989990234375,119.19999694824219
2019-08-22T13:30:00.0,53.1150016784668,137.77999877929688,54.4900016784668,37.3033332824707,354.4100036621094,119.41999816894531
2019-08-23T13:30:00.0,50.65999984741211,133.38999938964844,53.7400016784668,36.94333267211914,356.010009765625,117.31999969482422
2019-08-26T13:30:00.0,51.622501373291016,135.4499969482422,54.540000915527344,37.33000183105469,359.0400085449219,119.31999969482422
2019-08-27T13:30:00.0,51.040000915527344,135.74000549316406,54.720001220703125,37.473331451416016,354.7300109863281,120.55000305175781
2019-08-28T13:30:00.0,51.38249969482422,135.55999755859375,55.11000061035156,37.573333740234375,359.9700012207031,121.4000015258789
2019-08-29T13:30:00.0,52.252498626708984,138.1199951171875,55.04999923706055,38.026668548583984,362.739990234375,121.18000030517578
2019-08-30T13:30:00.0,52.185001373291016,137.86000061035156,55.040000915527344,38.086666107177734,364.0899963378906,120.2300033569336
2019-09-03T13:30:00.0,51.42499923706055,136.0399932861328,55.29999923706055,38.21333312988281,354.4200134277344,121.36000061035156
2019-09-04T13:30:00.0,52.29750061035156,137.6300048828125,55.77000045776367,38.63666534423828,356.5299987792969,123.20999908447266
2019-09-05T13:30:00.0,53.31999969482422,140.0500030517578,55.119998931884766,38.47999954223633,360.29998779296875,122.76000213623047
2019-09-06T13:30:00.0,53.314998626708984,139.10000610351562,55.22999954223633,38.24333190917969,363.0,122.87000274658203
2019-09-09T13:30:00.0,53.54249954223633,137.52000427246094,54.52000045776367,38.776668548583984,358.7799987792969,122.16999816894531
2019-09-10T13:30:00.0,54.17499923706055,136.0800018310547,54.400001525878906,38.68333435058594,369.489990234375,119.87999725341797
2019-09-11T13:30:00.0,55.897499084472656,136.1199951171875,54.77000045776367,38.67333221435547,382.94000244140625,121.2699966430664
2019-09-12T13:30:00.0,55.772499084472656,137.52000427246094,55.11000061035156,38.973331451416016,375.6300048828125,122.7699966430664
2019-09-13T13:30:00.0,54.6875,137.32000732421875,54.2599983215332,39.143333435058594,379.760009765625,122.12000274658203
2019-09-16T13:30:00.0,54.974998474121094,136.3300018310547,53.959999084472656,38.52333450317383,378.8500061035156,119.75
2019-09-17T13:30:00.0,55.17499923706055,137.38999938964844,54.2400016784668,38.836666107177734,384.20001220703125,121.16000366210938
2019-09-18T13:30:00.0,55.692501068115234,138.52000427246094,54.22999954223633,39.0533332824707,386.4100036621094,121.41000366210938
2019-09-19T13:30:00.0,55.2400016784668,141.07000732421875,54.52000045776367,39.03666687011719,384.44000244140625,121.9000015258789
2019-09-20T13:30:00.0,54.432498931884766,139.44000244140625,53.90999984741211,38.99333190917969,379.3900146484375,122.23999786376953
2019-09-23T13:30:00.0,54.68000030517578,139.13999938964844,54.13999938964844,39.206668853759766,377.0299987792969,123.22000122070312
2019-09-24T13:30:00.0,54.41999816894531,137.3800048828125,54.29999923706055,39.46666717529297,381.6499938964844,123.61000061035156
2019-09-25T13:30:00.0,55.25749969482422,139.36000061035156,54.16999816894531,39.4900016784668,386.20001220703125,123.0199966430664
2019-09-26T13:30:00.0,54.97249984741211,139.5399932861328,54.38999938964844,39.43333435058594,386.8900146484375,124.30999755859375
2019-09-27T13:30:00.0,54.70500183105469,137.72999572753906,54.310001373291016,39.483333587646484,382.8599853515625,124.56999969482422
2019-09-30T13:30:00.0,55.99250030517578,139.02999877929688,54.439998626708984,39.560001373291016,380.4700012207031,124.37999725341797
2019-10-01T13:30:00.0,56.147499084472656,137.07000732421875,54.650001525878906,39.28333282470703,374.94000244140625,123.8499984741211
2019-10-02T13:30:00.0,54.7400016784668,134.64999389648438,53.08000183105469,38.706668853759766,367.3599853515625,121.08000183105469
2019-10-03T13:30:00.0,55.20500183105469,136.27999877929688,53.84000015258789,38.77000045776367,372.07000732421875,121.73999786376953
2019-10-04T13:30:00.0,56.752498626708984,138.1199951171875,54.540000915527344,39.38666534423828,375.70001220703125,124.0
2019-10-07T13:30:00.0,56.76499938964844,137.1199951171875,53.869998931884766,39.07666778564453,376.5400085449219,122.83999633789062
2019-10-08T13:30:00.0,56.099998474121094,135.6699981689453,53.58000183105469,39.19333267211914,374.1000061035156,120.93000030517578
2019-10-09T13:30:00.0,56.75749969482422,138.24000549316406,53.83000183105469,39.643333435058594,374.9599914550781,121.9800033569336
2019-10-10T13:30:00.0,57.522499084472656,139.10000610351562,53.65999984741211,39.869998931884766,371.0,121.94000244140625
2019-10-11T13:30:00.0,59.0525016784668,139.67999267578125,53.29999923706055,40.08000183105469,374.9200134277344,121.08999633789062
2019-10-14T13:30:00.0,58.967498779296875,139.5500030517578,53.29999923706055,39.723331451416016,373.17999267578125,120.05000305175781
2019-10-15T13:30:00.0,58.83000183105469,141.57000732421875,53.5099983215332,39.84333419799805,370.9599914550781,117.19999694824219
2019-10-16T13:30:00.0,58.592498779296875,140.41000366210938,53.4900016784668,39.80666732788086,372.42999267578125,117.52999877929688
2019-10-17T13:30:00.0,58.81999969482422,139.69000244140625,53.790000915527344,39.9466667175293,369.05999755859375,116.62999725341797
2019-10-18T13:30:00.0,59.102500915527344,137.41000366210938,54.779998779296875,39.71333312988281,344.0,117.47000122070312
2019-10-21T13:30:00.0,60.127498626708984,138.42999267578125,54.22999954223633,39.913333892822266,331.05999755859375,119.08000183105469
2019-10-22T13:30:00.0,59.9900016784668,136.3699951171875,53.849998474121094,39.86000061035156,337.0,122.18000030517578
2019-10-23T13:30:00.0,60.79499816894531,137.24000549316406,54.63999938964844,39.78333282470703,340.5,123.0
2019-10-24T13:30:00.0,60.89500045776367,139.94000244140625,54.61000061035156,39.70000076293945,344.54998779296875,124.79000091552734
2019-10-25T13:30:00.0,61.64500045776367,140.72999572753906,53.75,39.68000030517578,339.8299865722656,123.25
2019-10-28T13:30:00.0,62.26250076293945,144.19000244140625,53.56999969482422,39.7400016784668,340.8800048828125,123.4800033569336
2019-10-29T13:30:00.0,60.8224983215332,142.8300018310547,53.40999984741211,39.04999923706055,348.92999267578125,123.5999984741211
2019-10-30T13:30:00.0,60.814998626708984,144.61000061035156,53.939998626708984,39.366668701171875,346.05999755859375,124.94000244140625
2019-10-31T13:30:00.0,62.189998626708984,143.3699951171875,54.43000030517578,39.086666107177734,339.9100036621094,124.51000213623047
2019-11-01T13:30:00.0,63.95500183105469,143.72000122070312,53.900001525878906,39.206668853759766,345.19000244140625,123.87000274658203
2019-11-04T14:30:00.0,64.375,144.5500030517578,53.13999938964844,39.189998626708984,351.0899963378906,119.06999969482422
2019-11-05T14:30:00.0,64.28250122070312,144.4600067138672,52.41999816894531,39.619998931884766,358.2900085449219,118.9000015258789
2019-11-06T14:30:00.0,64.30999755859375,144.05999755859375,52.79999923706055,39.83333206176758,354.19000244140625,120.31999969482422
2019-11-07T14:30:00.0,64.85749816894531,144.25999450683594,52.290000915527344,40.07666778564453,357.30999755859375,119.62000274658203
2019-11-08T14:30:00.0,65.03500366210938,145.9600067138672,52.209999084472656,39.813331604003906,351.0,119.69999694824219
2019-11-11T14:30:00.0,65.55000305175781,146.11000061035156,51.84000015258789,39.68000030517578,366.9599914550781,119.33000183105469
2019-11-12T14:30:00.0,65.48999786376953,147.07000732421875,51.709999084472656,39.706668853759766,362.8800048828125,119.2699966430664
2019-11-13T14:30:00.0,66.11750030517578,147.30999755859375,52.40999984741211,40.32666778564453,362.5,120.6500015258789
2019-11-14T14:30:00.0,65.66000366210938,148.05999755859375,52.630001068115234,40.21666717529297,367.44000244140625,120.5
2019-11-15T14:30:00.0,66.44000244140625,149.97000122070312,52.66999816894531,39.62333297729492,371.67999267578125,120.54000091552734
2019-11-18T14:30:00.0,66.7750015258789,150.33999633789062,53.029998779296875,40.08333206176758,369.4599914550781,121.88999938964844
2019-11-19T14:30:00.0,66.57250213623047,150.38999938964844,53.08000183105469,39.96333312988281,367.0,121.41999816894531
2019-11-20T14:30:00.0,65.79750061035156,149.6199951171875,53.220001220703125,39.709999084472656,370.9100036621094,122.29000091552734
2019-11-21T14:30:00.0,65.50250244140625,149.47999572753906,52.959999084472656,39.95333480834961,366.44000244140625,120.33999633789062
2019-11-22T14:30:00.0,65.44499969482422,149.58999633789062,53.029998779296875,39.78666687011719,371.3399963378906,120.29000091552734
2019-11-25T14:30:00.0,66.59249877929688,151.22999572753906,53.220001220703125,39.63999938964844,373.1300048828125,120.51000213623047
2019-11-26T14:30:00.0,66.07250213623047,152.02999877929688,53.900001525878906,39.72999954223633,373.510009765625,122.26000213623047
2019-11-27T14:30:00.0,66.95999908447266,152.32000732421875,53.95000076293945,39.586666107177734,368.0,121.76000213623047
2019-11-29T14:30:00.0,66.8125,151.3800048828125,53.400001525878906,39.6966667175293,366.17999267578125,122.05999755859375
2019-12-02T14:30:00.0,66.04000091552734,149.5500030517578,53.75,39.7599983215332,355.17999267578125,122.72000122070312
2019-12-03T14:30:00.0,64.86250305175781,149.30999755859375,53.79999923706055,39.55666732788086,352.0799865722656,122.94999694824219
2019-12-04T14:30:00.0,65.43499755859375,149.85000610351562,54.290000915527344,39.563331604003906,348.8399963378906,124.52999877929688
2019-12-05T14:30:00.0,66.3949966430664,149.92999267578125,54.189998626708984,39.5533332824707,345.67999267578125,124.62000274658203
2019-12-06T14:30:00.0,67.67749786376953,151.75,54.41999816894531,39.926666259765625,354.0899963378906,124.19000244140625
2019-12-09T14:30:00.0,66.7300033569336,151.36000061035156,54.06999969482422,39.78666687011719,351.2099914550781,124.87000274658203
2019-12-10T14:30:00.0,67.12000274658203,151.1300048828125,53.77000045776367,39.71333312988281,347.8999938964844,124.2699966430664
2019-12-11T14:30:00.0,67.69249725341797,151.6999969482422,53.95000076293945,39.66666793823242,350.0,124.66000366210938
2019-12-12T14:30:00.0,67.86499786376953,153.24000549316406,54.13999938964844,39.91999816894531,346.2900085449219,124.56999969482422
2019-12-13T14:30:00.0,68.7874984741211,154.52999877929688,54.41999816894531,40.0966682434082,341.6700134277344,125.47000122070312
2019-12-16T14:30:00.0,69.96499633789062,155.52999877929688,54.41999816894531,40.18000030517578,327.0,125.55999755859375
2019-12-17T14:30:00.0,70.10250091552734,154.69000244140625,54.41999816894531,40.426666259765625,327.0,125.30999755859375
2019-12-18T14:30:00.0,69.93499755859375,154.3699951171875,53.90999984741211,39.95333480834961,330.67999267578125,124.01000213623047
2019-12-19T14:30:00.0,70.00499725341797,155.7100067138672,54.31999969482422,40.026668548583984,333.5,124.91999816894531
2019-12-20T14:30:00.0,69.86000061035156,157.41000366210938,54.970001220703125,40.0966682434082,328.0,125.36000061035156
2019-12-23T14:30:00.0,71.0,157.41000366210938,54.90999984741211,39.676666259765625,337.54998779296875,124.9000015258789
2019-12-24T14:30:00.0,71.06749725341797,157.3800048828125,54.709999084472656,39.836666107177734,333.0,125.22000122070312
2019-12-26T14:30:00.0,72.47750091552734,158.6699981689453,55.02000045776367,39.84000015258789,329.9200134277344,125.22000122070312
2019-12-27T14:30:00.0,72.44999694824219,158.9600067138672,55.349998474121094,39.86333465576172,330.1400146484375,126.08999633789062
2019-12-30T14:30:00.0,72.87999725341797,157.58999633789062,55.27000045776367,39.79999923706055,326.3999938964844,124.47000122070312
2019-12-31T14:30:00.0,73.4124984741211,157.6999969482422,55.349998474121094,39.61333465576172,325.760009765625,124.9000015258789
2020-01-02T14:30:00.0,75.0875015258789,160.6199951171875,54.9900016784668,39.64666748046875,333.32000732421875,123.41000366210938
2020-01-03T14:30:00.0,74.35749816894531,158.6199951171875,54.689998626708984,39.29666519165039,332.760009765625,122.58000183105469
2020-01-06T14:30:00.0,74.94999694824219,159.02999877929688,54.66999816894531,39.21666717529297,333.739990234375,122.75
2020-01-07T14:30:00.0,74.59750366210938,157.5800018310547,54.25,38.85333251953125,337.2799987792969,121.98999786376953
2020-01-08T14:30:00.0,75.79750061035156,160.08999633789062,54.349998474121094,38.720001220703125,331.3699951171875,122.51000213623047
2020-01-09T14:30:00.0,77.40750122070312,162.08999633789062,55.34000015258789,39.119998931884766,336.3399963378906,123.8499984741211
2020-01-10T14:30:00.0,77.5824966430664,161.33999633789062,55.529998779296875,38.793331146240234,329.9200134277344,123.97000122070312
2020-01-13T14:30:00.0,79.23999786376953,163.27999877929688,56.130001068115234,38.62666702270508,330.2200012207031,124.87999725341797
2020-01-14T14:30:00.0,78.16999816894531,162.1300048828125,56.0,38.72666549682617,332.3500061035156,124.69000244140625
2020-01-15T14:30:00.0,77.83499908447266,163.17999267578125,56.70000076293945,38.426666259765625,329.79998779296875,125.95999908447266
2020-01-16T14:30:00.0,78.80999755859375,166.1699981689453,56.81999969482422,38.633331298828125,332.0,126.06999969482422
2020-01-17T14:30:00.0,79.68250274658203,167.10000610351562,56.939998626708984,38.31999969482422,324.1499938964844,126.41000366210938
2020-01-21T14:30:00.0,79.14250183105469,166.5,57.16999816894531,38.529998779296875,313.3699951171875,126.08999633789062
2020-01-22T14:30:00.0,79.42500305175781,165.6999969482422,57.61000061035156,38.70000076293945,309.0,126.30999755859375
2020-01-23T14:30:00.0,79.80750274658203,166.72000122070312,57.83000183105469,38.60333251953125,317.7900085449219,124.98999786376953
2020-01-24T14:30:00.0,79.57749938964844,165.0399932861328,57.68000030517578,38.12333297729492,323.04998779296875,125.13999938964844
2020-01-27T14:30:00.0,77.23750305175781,162.27999877929688,57.47999954223633,38.619998931884766,316.6000061035156,125.69000244140625
2020-01-28T14:30:00.0,79.42250061035156,165.4600067138672,57.0099983215332,38.866668701171875,316.55999755859375,126.02999877929688
2020-01-29T14:30:00.0,81.08499908447266,168.0399932861328,57.0099983215332,38.630001068115234,322.0199890136719,125.05999755859375
2020-01-30T14:30:00.0,80.96749877929688,172.77999877929688,58.86000061035156,38.86000061035156,323.29998779296875,125.94999694824219
2020-01-31T14:30:00.0,77.37750244140625,170.22999572753906,58.400001525878906,38.163333892822266,318.2699890136719,124.62000274658203
2020-02-03T14:30:00.0,77.16500091552734,174.3800048828125,58.58000183105469,38.09000015258789,316.0,125.11000061035156
2020-02-04T14:30:00.0,79.7125015258789,180.1199951171875,58.84000015258789,38.42333221435547,317.94000244140625,125.66000366210938
2020-02-05T14:30:00.0,80.36250305175781,179.89999389648438,58.849998474121094,38.936668395996094,329.54998779296875,126.80999755859375
2020-02-06T14:30:00.0,81.30249786376953,183.6300048828125,58.9900016784668,38.77000045776367,341.42999267578125,127.13999938964844
2020-02-07T14:30:00.0,80.00749969482422,183.88999938964844,59.189998626708984,38.81666564941406,336.75,126.08000183105469
2020-02-10T14:30:00.0,80.38749694824219,188.6999969482422,59.75,38.41666793823242,344.6700134277344,126.16999816894531
2020-02-11T14:30:00.0,79.90249633789062,184.44000244140625,59.59000015258789,38.46666717529297,344.4200134277344,124.16000366210938
2020-02-12T14:30:00.0,81.80000305175781,184.7100067138672,59.40999984741211,38.616668701171875,347.45001220703125,123.44999694824219
2020-02-13T14:30:00.0,81.21749877929688,183.7100067138672,59.61000061035156,39.14666748046875,342.82000732421875,124.95999908447266
2020-02-14T14:30:00.0,81.23750305175781,185.35000610351562,59.95000076293945,39.29666519165039,340.489990234375,126.13999938964844
2020-02-18T14:30:00.0,79.75,187.22999572753906,59.529998779296875,39.87666702270508,338.8800048828125,124.87000274658203
2020-02-19T14:30:00.0,80.90499877929688,187.27999877929688,59.77000045776367,39.22666549682617,338.29998779296875,125.44000244140625
2020-02-20T14:30:00.0,80.07499694824219,184.4199981689453,59.720001220703125,39.22999954223633,336.2799987792969,126.58000183105469
2020-02-21T14:30:00.0,78.26249694824219,178.58999633789062,60.130001068115234,39.526668548583984,330.3800048828125,126.69999694824219
2020-02-24T14:30:00.0,74.54499816894531,170.88999938964844,58.650001525878906,38.77333450317383,317.8999938964844,123.30000305175781
2020-02-25T14:30:00.0,72.0199966430664,168.07000732421875,57.81999969482422,38.130001068115234,304.1400146484375,121.43000030517578
2020-02-26T14:30:00.0,73.1624984741211,170.1699981689453,57.599998474121094,37.926666259765625,305.5899963378906,120.16000366210938
2020-02-27T14:30:00.0,68.37999725341797,158.17999267578125,54.93000030517578,36.79999923706055,287.760009765625,113.5
2020-02-28T14:30:00.0,68.33999633789062,162.00999450683594,53.4900016784668,35.893333435058594,275.1099853515625,113.2300033569336
2020-03-02T14:30:00.0,74.70249938964844,172.7899932861328,55.91999816894531,38.62666702270508,289.2699890136719,119.55999755859375
2020-03-03T14:30:00.0,72.33000183105469,164.50999450683594,56.060001373291016,37.63666534423828,280.6199951171875,118.16999816894531
2020-03-04T14:30:00.0,75.68499755859375,170.5500030517578,58.91999816894531,38.92333221435547,283.1199951171875,124.5
2020-03-05T14:30:00.0,73.2300033569336,166.27000427246094,56.7400016784668,38.63999938964844,260.3699951171875,121.62999725341797
2020-03-06T14:30:00.0,72.25749969482422,161.57000732421875,55.2599983215332,39.07666778564453,262.3299865722656,121.66000366210938
2020-03-09T13:30:00.0,66.5425033569336,150.6199951171875,51.86000061035156,39.0533332824707,227.1699981689453,116.05999755859375
2020-03-10T13:30:00.0,71.33499908447266,160.9199981689453,53.65999984741211,39.93000030517578,231.00999450683594,120.55000305175781
2020-03-11T13:30:00.0,68.85749816894531,153.6300048828125,52.209999084472656,38.143333435058594,189.0800018310547,111.58999633789062
2020-03-12T13:30:00.0,62.057498931884766,139.05999755859375,47.15999984741211,34.68333435058594,154.83999633789062,101.83999633789062
2020-03-13T13:30:00.0,69.49250030517578,158.8300018310547,48.470001220703125,38.03333282470703,170.1999969482422,114.06999969482422
2020-03-16T13:30:00.0,60.5525016784668,135.4199981689453,45.2599983215332,35.586666107177734,129.61000061035156,108.5
2020-03-17T13:30:00.0,63.21500015258789,146.57000732421875,47.18000030517578,39.753334045410156,124.13999938964844,118.23999786376953
2020-03-18T13:30:00.0,61.66749954223633,140.39999389648438,44.849998474121094,40.86000061035156,101.88999938964844,117.44999694824219
2020-03-19T13:30:00.0,61.19499969482422,142.7100067138672,41.83000183105469,39.81666564941406,97.70999908447266,110.83000183105469
2020-03-20T13:30:00.0,57.310001373291016,137.35000610351562,38.29999923706055,37.9900016784668,95.01000213623047,102.43000030517578
2020-03-23T13:30:00.0,56.092498779296875,135.97999572753906,37.560001373291016,38.09333419799805,105.62000274658203,97.69999694824219
2020-03-24T13:30:00.0,61.720001220703125,148.33999633789062,39.45000076293945,38.34333419799805,127.68000030517578,103.2699966430664
2020-03-25T13:30:00.0,61.380001068115234,146.9199981689453,41.61000061035156,36.46666717529297,158.72999572753906,100.91999816894531
2020-03-26T13:30:00.0,64.61000061035156,156.11000061035156,44.290000915527344,36.606666564941406,180.5500030517578,107.37999725341797
2020-03-27T13:30:00.0,61.935001373291016,149.6999969482422,42.810001373291016,36.526668548583984,162.0,110.16999816894531
2020-03-30T13:30:00.0,63.70249938964844,160.22999572753906,45.0,38.39666748046875,152.27999877929688,115.0
2020-03-31T13:30:00.0,63.5724983215332,157.7100067138672,44.25,37.87333297729492,149.13999938964844,110.0
2020-04-01T13:30:00.0,60.227500915527344,152.11000061035156,42.119998931884766,38.04666519165039,130.6999969482422,109.33000183105469
2020-04-02T13:30:00.0,61.23249816894531,155.25999450683594,43.95000076293945,39.54999923706055,123.2699966430664,114.4000015258789
2020-04-03T13:30:00.0,60.352500915527344,153.8300018310547,43.83000183105469,39.82666778564453,124.5199966430664,115.08000183105469
2020-04-06T13:30:00.0,65.61750030517578,165.27000427246094,46.66999816894531,42.02333450317383,148.77000427246094,117.80999755859375
2020-04-07T13:30:00.0,64.85749816894531,163.49000549316406,46.5099983215332,40.663333892822266,141.5800018310547,112.7699966430664
2020-04-08T13:30:00.0,66.51750183105469,165.1300048828125,47.81999969482422,40.61333465576172,146.8699951171875,115.0999984741211
2020-04-09T13:30:00.0,66.99749755859375,165.13999938964844,49.0,40.599998474121094,151.83999633789062,114.66000366210938
2020-04-13T13:30:00.0,68.3125,165.50999450683594,46.93000030517578,41.766666412353516,147.3300018310547,115.94999694824219
2020-04-14T13:30:00.0,71.76249694824219,173.6999969482422,48.91999816894531,43.0,141.0,120.95999908447266
2020-04-15T13:30:00.0,71.10749816894531,171.8800048828125,47.61000061035156,42.91999816894531,145.97999572753906,121.22000122070312
2020-04-16T13:30:00.0,71.67250061035156,177.0399932861328,47.099998474121094,44.11000061035156,134.24000549316406,121.5
2020-04-17T13:30:00.0,70.69999694824219,178.60000610351562,48.060001373291016,44.040000915527344,154.0,124.69000244140625
2020-04-20T13:30:00.0,69.23249816894531,175.05999755859375,46.529998779296875,43.28333282470703,143.61000061035156,120.5999984741211
2020-04-21T13:30:00.0,67.09249877929688,167.82000732421875,45.380001068115234,43.06999969482422,136.3300018310547,119.68000030517578
2020-04-22T13:30:00.0,69.0250015258789,173.52000427246094,45.68000030517578,43.86333465576172,134.97000122070312,119.4000015258789
2020-04-23T13:30:00.0,68.75749969482422,171.4199981689453,45.06999969482422,42.84333419799805,137.74000549316406,119.4000015258789
2020-04-24T13:30:00.0,70.74250030517578,174.5500030517578,45.43000030517578,43.14666748046875,128.97999572753906,118.77999877929688
2020-04-27T13:30:00.0,70.7925033569336,174.0500030517578,46.779998779296875,42.766666412353516,128.67999267578125,117.44999694824219
2020-04-28T13:30:00.0,69.6449966430664,169.80999755859375,46.7400016784668,42.66666793823242,131.3000030517578,116.88999938964844
2020-04-29T13:30:00.0,71.93250274658203,177.42999267578125,47.119998931884766,41.20000076293945,139.0,117.08000183105469
2020-04-30T13:30:00.0,73.44999694824219,179.2100067138672,45.88999938964844,40.516666412353516,141.02000427246094,117.87000274658203
2020-05-01T13:30:00.0,72.26750183105469,174.57000732421875,45.599998474121094,40.973331451416016,133.3699951171875,116.81999969482422
2020-05-04T13:30:00.0,73.29000091552734,178.83999633789062,45.13999938964844,41.233333587646484,131.4600067138672,115.7699966430664
2020-05-05T13:30:00.0,74.38999938964844,180.75999450683594,45.400001525878906,41.57666778564453,125.4000015258789,116.01000213623047
2020-05-06T13:30:00.0,75.15750122070312,182.5399932861328,44.75,41.099998474121094,121.86000061035156,113.0999984741211
2020-05-07T13:30:00.0,75.93499755859375,183.60000610351562,44.599998474121094,40.630001068115234,128.64999389648438,112.16999816894531
2020-05-08T13:30:00.0,77.53250122070312,184.67999267578125,46.11000061035156,40.97999954223633,133.44000244140625,115.94999694824219
2020-05-11T13:30:00.0,78.75250244140625,186.74000549316406,45.540000915527344,41.223331451416016,128.91000366210938,115.30999755859375
2020-05-12T13:30:00.0,77.85250091552734,182.50999450683594,44.81999969482422,41.2599983215332,125.22000122070312,114.55000305175781
2020-05-13T13:30:00.0,76.9124984741211,179.75,43.939998626708984,41.23666763305664,121.5,113.91999816894531
2020-05-14T13:30:00.0,77.38500213623047,180.52999877929688,43.70000076293945,41.13999938964844,122.5199966430664,113.80999755859375
2020-05-15T13:30:00.0,76.92749786376953,183.16000366210938,43.2599983215332,41.97999954223633,120.0,114.61000061035156
2020-05-18T13:30:00.0,78.73999786376953,184.91000366210938,44.970001220703125,42.5533332824707,135.44000244140625,116.20999908447266
2020-05-19T13:30:00.0,78.28500366210938,183.6300048828125,44.540000915527344,41.650001525878906,130.44000244140625,112.44000244140625
2020-05-20T13:30:00.0,79.80750274658203,185.66000366210938,45.88999938964844,41.81666564941406,133.32000732421875,113.27999877929688
2020-05-21T13:30:00.0,79.2125015258789,183.42999267578125,45.16999816894531,41.663333892822266,139.0,111.62000274658203
2020-05-22T13:30:00.0,79.72250366210938,183.50999450683594,45.029998779296875,41.44333267211914,137.52999877929688,112.5999984741211
2020-05-26T13:30:00.0,79.18250274658203,181.57000732421875,46.09000015258789,41.28666687011719,144.72999572753906,112.02999877929688
2020-05-27T13:30:00.0,79.52749633789062,181.80999755859375,46.72999954223633,40.82666778564453,149.52000427246094,113.88999938964844
2020-05-28T13:30:00.0,79.5625,181.39999389648438,47.09000015258789,41.22999954223633,149.82000732421875,116.05999755859375
2020-05-29T13:30:00.0,79.48500061035156,183.25,46.68000030517578,41.35333251953125,145.85000610351562,115.91999816894531
2020-06-01T13:30:00.0,80.4625015258789,182.8300018310547,46.9900016784668,41.31999969482422,151.38999938964844,117.25
2020-06-02T13:30:00.0,80.83499908447266,184.91000366210938,46.900001525878906,41.313331604003906,153.30999755859375,118.05999755859375
2020-06-03T13:30:00.0,81.27999877929688,185.36000061035156,47.900001525878906,41.15666580200195,173.16000366210938,118.52999877929688
2020-06-04T13:30:00.0,80.58000183105469,182.9199981689453,47.91999816894531,40.70333480834961,184.3000030517578,116.05000305175781
2020-06-05T13:30:00.0,82.875,187.1999969482422,49.09000015258789,40.52000045776367,205.42999267578125,118.33000183105469
2020-06-08T13:30:00.0,83.36499786376953,188.36000061035156,49.849998474121094,40.413333892822266,230.5,119.05000305175781
2020-06-09T13:30:00.0,85.99749755859375,189.8000030517578,49.0,40.45000076293945,216.74000549316406,118.33999633789062
2020-06-10T13:30:00.0,88.20999908447266,196.83999633789062,48.619998931884766,40.38666534423828,203.41000366210938,119.2300033569336
2020-06-11T13:30:00.0,83.9749984741211,186.27000427246094,45.540000915527344,40.029998779296875,170.0,116.26000213623047
2020-06-12T13:30:00.0,84.69999694824219,187.74000549316406,45.599998474121094,39.246665954589844,189.50999450683594,115.62000274658203
2020-06-15T13:30:00.0,85.74749755859375,188.94000244140625,46.29999923706055,39.36000061035156,190.94000244140625,116.69000244140625
2020-06-16T13:30:00.0,88.0199966430664,193.57000732421875,46.77000045776367,39.883331298828125,197.77000427246094,118.12999725341797
2020-06-17T13:30:00.0,87.89749908447266,194.24000549316406,46.58000183105469,39.676666259765625,192.5399932861328,117.93000030517578
2020-06-18T13:30:00.0,87.93250274658203,196.32000732421875,46.9900016784668,39.33000183105469,192.2899932861328,119.27999877929688
2020-06-19T13:30:00.0,87.43000030517578,195.14999389648438,46.02000045776367,39.95000076293945,187.02000427246094,118.91999816894531
2020-06-22T13:30:00.0,89.71749877929688,200.57000732421875,45.7400016784668,40.560001373291016,188.52000427246094,117.75
2020-06-23T13:30:00.0,91.63249969482422,201.91000366210938,45.63999938964844,40.356666564941406,187.8800048828125,117.7300033569336
2020-06-24T13:30:00.0,90.01499938964844,197.83999633789062,44.650001525878906,40.099998474121094,176.69000244140625,116.41999816894531
2020-06-25T13:30:00.0,91.20999908447266,200.33999633789062,44.93000030517578,39.9033317565918,174.8800048828125,117.88999938964844
2020-06-26T13:30:00.0,88.40750122070312,196.3300018310547,43.56999969482422,39.439998626708984,170.00999450683594,115.2300033569336
2020-06-29T13:30:00.0,90.44499969482422,198.44000244140625,44.36000061035156,39.686668395996094,194.49000549316406,117.66000366210938
2020-06-30T13:30:00.0,91.19999694824219,203.50999450683594,44.68000030517578,39.926666259765625,183.3000030517578,119.56999969482422
2020-07-01T13:30:00.0,91.02749633789062,204.6999969482422,44.81999969482422,39.89666748046875,180.32000732421875,119.9800033569336
2020-07-02T13:30:00.0,91.02749633789062,206.25999450683594,44.880001068115234,39.73666763305664,180.80999755859375,120.87999725341797
2020-07-06T13:30:00.0,93.4625015258789,210.6999969482422,45.22999954223633,39.630001068115234,187.91000366210938,121.62999725341797
2020-07-07T13:30:00.0,93.17250061035156,208.25,45.209999084472656,42.31666564941406,178.8800048828125,122.22000122070312
2020-07-08T13:30:00.0,95.34249877929688,212.8300018310547,45.06999969482422,41.47999954223633,180.0800018310547,122.88999938964844
2020-07-09T13:30:00.0,95.75250244140625,214.32000732421875,43.90999984741211,42.58333206176758,173.27999877929688,122.4800033569336
2020-07-10T13:30:00.0,95.91999816894531,213.6699981689453,45.150001525878906,43.560001373291016,178.44000244140625,123.88999938964844
2020-07-13T13:30:00.0,95.47750091552734,207.07000732421875,45.25,43.17333221435547,175.64999389648438,124.05000305175781
2020-07-14T13:30:00.0,97.05750274658203,208.35000610351562,45.869998931884766,44.003334045410156,179.9600067138672,125.08999633789062
2020-07-15T13:30:00.0,97.7249984741211,208.0399932861328,46.400001525878906,44.0,187.94000244140625,124.5
2020-07-16T13:30:00.0,96.52249908447266,203.9199981689453,46.150001525878906,44.06666564941406,178.6999969482422,124.76000213623047
2020-07-17T13:30:00.0,96.32749938964844,202.8800048828125,46.81999969482422,43.913333892822266,175.66000366210938,125.62999725341797
2020-07-20T13:30:00.0,98.35749816894531,211.60000610351562,46.119998931884766,43.823333740234375,174.4199981689453,125.23999786376953
2020-07-21T13:30:00.0,97.0,208.75,47.20000076293945,44.11000061035156,178.6300048828125,125.06999969482422
2020-07-22T13:30:00.0,97.27249908447266,211.75,48.47999954223633,44.220001220703125,179.7899932861328,126.13999938964844
2020-07-23T13:30:00.0,92.84500122070312,202.5399932861328,48.279998779296875,43.880001068115234,176.4499969482422,126.16000366210938
2020-07-24T13:30:00.0,92.61499786376953,201.3000030517578,48.4900016784668,43.746665954589844,173.75999450683594,125.95999908447266
2020-07-27T13:30:00.0,94.80999755859375,203.85000610351562,48.47999954223633,43.73666763305664,170.2100067138672,126.31999969482422
2020-07-28T13:30:00.0,93.25250244140625,202.02000427246094,48.18000030517578,43.91999816894531,170.83999633789062,127.87999725341797
2020-07-29T13:30:00.0,95.04000091552734,204.05999755859375,48.02000045776367,43.563331604003906,166.00999450683594,128.30999755859375
2020-07-30T13:30:00.0,96.19000244140625,203.89999389648438,47.689998626708984,43.37333297729492,161.9499969482422,131.4199981689453
2020-07-31T13:30:00.0,106.26000213623047,205.00999450683594,47.2400016784668,43.133331298828125,158.0,131.1199951171875
2020-08-03T13:30:00.0,108.9375,216.5399932861328,46.29999923706055,43.099998474121094,162.27000427246094,131.2899932861328
2020-08-04T13:30:00.0,109.66500091552734,213.2899932861328,46.689998626708984,43.880001068115234,165.07000732421875,133.7899932861328
2020-08-05T13:30:00.0,110.0625,212.94000244140625,47.220001220703125,43.27000045776367,174.27999877929688,133.44000244140625
2020-08-06T13:30:00.0,113.90249633789062,216.35000610351562,47.47999954223633,43.116668701171875,172.1999969482422,132.7100067138672
2020-08-07T13:30:00.0,111.11250305175781,212.47999572753906,47.79999923706055,43.323333740234375,170.02000427246094,133.5500030517578
2020-08-10T13:30:00.0,112.72750091552734,208.25,47.720001220703125,43.959999084472656,179.41000366210938,134.10000610351562
2020-08-11T13:30:00.0,109.375,203.3800048828125,47.93000030517578,43.400001525878906,180.1300048828125,133.22999572753906
2020-08-12T13:30:00.0,113.01000213623047,209.19000244140625,48.43000030517578,43.96333312988281,175.44000244140625,135.4600067138672
2020-08-13T13:30:00.0,115.01000213623047,208.6999969482422,48.380001068115234,43.95000076293945,174.72999572753906,135.77999877929688
2020-08-14T13:30:00.0,114.90750122070312,208.89999389648438,48.45000076293945,44.20000076293945,178.0800018310547,135.10000610351562
2020-08-17T13:30:00.0,114.60749816894531,210.27999877929688,48.209999084472656,45.20000076293945,172.00999450683594,135.5
2020-08-18T13:30:00.0,115.5625,211.49000549316406,48.41999816894531,44.9033317565918,170.22999572753906,136.50999450683594
2020-08-19T13:30:00.0,115.7074966430664,209.6999969482422,47.369998931884766,44.13666534423828,169.27000427246094,135.77000427246094
2020-08-20T13:30:00.0,118.2750015258789,214.5800018310547,47.349998474121094,43.52333450317383,169.5800018310547,136.85000610351562
2020-08-21T13:30:00.0,124.37000274658203,213.02000427246094,47.279998779296875,43.87666702270508,167.5,137.44000244140625
2020-08-24T13:30:00.0,125.85749816894531,213.69000244140625,47.970001220703125,43.776668548583984,178.27000427246094,138.50999450683594
2020-08-25T13:30:00.0,124.82499694824219,216.47000122070312,47.90999984741211,43.543331146240234,174.72999572753906,139.05999755859375
2020-08-26T13:30:00.0,126.52249908447266,221.14999389648438,48.15999984741211,43.56666564941406,171.89999389648438,138.38999938964844
2020-08-27T13:30:00.0,125.01000213623047,226.5800018310547,48.22999954223633,45.543331146240234,174.1999969482422,138.2100067138672
2020-08-28T13:30:00.0,124.80750274658203,228.91000366210938,49.83000183105469,46.766666412353516,175.8000030517578,138.77000427246094
2020-08-31T13:30:00.0,129.0399932861328,225.52999877929688,49.529998779296875,46.28333282470703,171.82000732421875,138.3300018310547
2020-09-01T13:30:00.0,134.17999267578125,227.27000427246094,49.119998931884766,49.1966667175293,172.10000610351562,138.17999267578125
2020-09-02T13:30:00.0,131.39999389648438,231.64999389648438,51.189998626708984,49.22666549682617,174.77999877929688,140.50999450683594
2020-09-03T13:30:00.0,120.87999725341797,217.3000030517578,50.47999954223633,48.18000030517578,168.77000427246094,138.25999450683594
2020-09-04T13:30:00.0,120.95999908447266,214.25,51.040000915527344,47.61000061035156,171.0500030517578,137.9600067138672
2020-09-08T13:30:00.0,112.81999969482422,202.66000366210938,49.810001373291016,46.150001525878906,161.0800018310547,135.94000244140625
2020-09-09T13:30:00.0,117.31999969482422,211.2899932861328,50.189998626708984,46.630001068115234,160.77999877929688,138.14999389648438
2020-09-10T13:30:00.0,113.48999786376953,205.3699951171875,50.0,45.60333251953125,157.69000244140625,136.6999969482422
2020-09-11T13:30:00.0,112.0,204.02999877929688,51.060001373291016,45.56666564941406,160.22999572753906,138.13999938964844
2020-09-14T13:30:00.0,115.36000061035156,205.41000366210938,50.709999084472656,45.77333450317383,165.35000610351562,138.6300048828125
2020-09-15T13:30:00.0,115.54000091552734,208.77999877929688,51.04999923706055,45.78666687011719,163.49000549316406,138.6300048828125
2020-09-16T13:30:00.0,112.12999725341797,205.0500030517578,50.790000915527344,45.41999816894531,167.4600067138672,137.6999969482422
2020-09-17T13:30:00.0,110.33999633789062,202.91000366210938,50.54999923706055,45.563331604003906,167.52999877929688,137.52000427246094
2020-09-18T13:30:00.0,106.83999633789062,200.38999938964844,50.45000076293945,45.0966682434082,161.13999938964844,137.3699951171875
2020-09-21T13:30:00.0,110.08000183105469,202.5399932861328,49.09000015258789,45.689998626708984,156.35000610351562,136.7100067138672
2020-09-22T13:30:00.0,111.80999755859375,207.4199981689453,49.65999984741211,46.10333251953125,156.8000030517578,137.9600067138672
2020-09-23T13:30:00.0,107.12000274658203,200.58999633789062,48.209999084472656,45.33000183105469,151.17999267578125,136.30999755859375
2020-09-24T13:30:00.0,108.22000122070312,203.19000244140625,48.70000076293945,45.56666564941406,146.0500030517578,136.9199981689453
2020-09-25T13:30:00.0,112.27999877929688,207.82000732421875,48.720001220703125,45.75666809082031,156.02999877929688,137.6199951171875
2020-09-28T13:30:00.0,114.95999908447266,209.44000244140625,49.279998779296875,45.75,166.0800018310547,138.00999450683594
2020-09-29T13:30:00.0,114.08999633789062,207.25999450683594,48.91999816894531,45.71333312988281,163.60000610351562,137.25999450683594
2020-09-30T13:30:00.0,115.80999755859375,210.3300018310547,49.369998931884766,46.63666534423828,165.25999450683594,138.99000549316406
2020-10-01T13:30:00.0,116.79000091552734,212.4600067138672,49.18000030517578,47.69333267211914,167.86000061035156,139.24000549316406
2020-10-02T13:30:00.0,113.0199966430664,206.19000244140625,49.36000061035156,46.83333206176758,168.0800018310547,138.1199951171875
2020-10-05T13:30:00.0,116.5,210.3800048828125,49.380001068115234,47.266666412353516,171.1999969482422,139.38999938964844
2020-10-06T13:30:00.0,113.16000366210938,205.91000366210938,48.939998626708984,46.87666702270508,159.5399932861328,139.61000061035156
2020-10-07T13:30:00.0,115.08000183105469,209.8300018310547,49.560001373291016,46.96333312988281,164.61000061035156,140.6999969482422
2020-10-08T13:30:00.0,114.97000122070312,210.5800018310547,50.459999084472656,47.119998931884766,168.0,141.64999389648438
2020-10-09T13:30:00.0,116.97000122070312,215.80999755859375,50.810001373291016,47.59333419799805,167.3300018310547,142.9199981689453
2020-10-12T13:30:00.0,124.4000015258789,221.39999389648438,51.09000015258789,48.08333206176758,167.35000610351562,144.49000549316406
2020-10-13T13:30:00.0,121.0999984741211,222.86000061035156,50.220001220703125,48.74333190917969,162.13999938964844,144.2100067138672
2020-10-14T13:30:00.0,121.19000244140625,220.86000061035156,50.119998931884766,47.97999954223633,163.24000549316406,144.0399932861328
2020-10-15T13:30:00.0,120.70999908447266,219.66000366210938,49.9900016784668,48.176666259765625,164.24000549316406,143.8300018310547
2020-10-16T13:30:00.0,119.0199966430664,219.66000366210938,50.029998779296875,48.23666763305664,167.35000610351562,144.38999938964844
2020-10-19T13:30:00.0,115.9800033569336,214.22000122070312,49.619998931884766,47.650001525878906,167.11000061035156,141.91000366210938
2020-10-20T13:30:00.0,117.51000213623047,214.64999389648438,50.25,47.96666717529297,167.24000549316406,142.47999572753906
2020-10-21T13:30:00.0,116.87000274658203,214.8000030517578,49.9900016784668,48.133331298828125,163.86000061035156,143.25
2020-10-22T13:30:00.0,115.75,214.88999938964844,50.68000030517578,47.849998474121094,169.07000732421875,141.4499969482422
2020-10-23T13:30:00.0,115.04000091552734,216.22999572753906,50.52000045776367,47.95000076293945,167.36000061035156,142.3800048828125
2020-10-26T13:30:00.0,115.05000305175781,210.0800018310547,49.79999923706055,47.38666534423828,160.8300018310547,141.3000030517578
2020-10-27T13:30:00.0,116.5999984741211,213.25,49.900001525878906,47.62333297729492,155.24000549316406,142.36000061035156
2020-10-28T13:30:00.0,111.19999694824219,202.67999267578125,47.959999084472656,46.68000030517578,148.13999938964844,137.66000366210938
2020-10-29T13:30:00.0,115.31999969482422,204.72000122070312,48.02000045776367,46.63999938964844,148.2899932861328,137.57000732421875
2020-10-30T13:30:00.0,108.86000061035156,202.47000122070312,48.060001373291016,46.25,144.38999938964844,137.10000610351562
2020-11-02T14:30:00.0,108.7699966430664,202.3300018310547,48.619998931884766,46.79999923706055,148.60000610351562,138.5
2020-11-03T14:30:00.0,110.44000244140625,206.42999267578125,49.349998474121094,47.59333419799805,153.64999389648438,141.22000122070312
2020-11-04T14:30:00.0,114.94999694824219,216.38999938964844,49.16999816894531,47.31999969482422,151.6300048828125,140.63999938964844
2020-11-05T14:30:00.0,119.02999877929688,223.2899932861328,49.439998626708984,47.823333740234375,157.08999633789062,142.3800048828125
2020-11-06T14:30:00.0,118.69000244140625,223.72000122070312,49.45000076293945,48.59000015258789,157.74000549316406,143.22999572753906
2020-11-09T14:30:00.0,116.31999969482422,218.38999938964844,52.56999969482422,47.8466682434082,179.36000061035156,137.99000549316406
2020-11-10T14:30:00.0,115.97000122070312,211.00999450683594,53.97999954223633,48.52000045776367,188.69000244140625,140.25999450683594
2020-11-11T14:30:00.0,119.48999786376953,216.5500030517578,53.58000183105469,49.32666778564453,182.14999389648438,142.07000732421875
2020-11-12T14:30:00.0,119.20999908447266,215.44000244140625,53.0099983215332,49.40999984741211,176.72000122070312,142.14999389648438
2020-11-13T14:30:00.0,119.26000213623047,216.50999450683594,53.45000076293945,50.18000030517578,187.11000061035156,144.27999877929688
2020-11-16T14:30:00.0,120.30000305175781,217.22999572753906,53.849998474121094,50.813331604003906,202.39999389648438,142.42999267578125
2020-11-17T14:30:00.0,119.38999938964844,214.4600067138672,53.68000030517578,49.790000915527344,210.0500030517578,141.8800048828125
2020-11-18T14:30:00.0,118.02999877929688,211.0800018310547,52.61000061035156,49.6966667175293,203.3000030517578,139.6999969482422
2020-11-19T14:30:00.0,118.63999938964844,212.4199981689453,53.130001068115234,50.706668853759766,205.6699981689453,139.52999877929688
2020-11-20T14:30:00.0,117.33999633789062,210.38999938964844,52.66999816894531,50.08000183105469,199.6199951171875,139.3000030517578
2020-11-23T14:30:00.0,113.8499984741211,210.11000061035156,52.68000030517578,50.310001373291016,211.52999877929688,138.75999450683594
2020-11-24T14:30:00.0,115.16999816894531,213.86000061035156,53.220001220703125,50.45333480834961,218.49000549316406,138.30999755859375
2020-11-25T14:30:00.0,116.02999877929688,213.8699951171875,52.93000030517578,50.61000061035156,217.61000061035156,138.67999267578125
2020-11-27T14:30:00.0,116.58999633789062,215.22999572753906,52.70000076293945,50.53333282470703,216.5,138.61000061035156
2020-11-30T14:30:00.0,119.05000305175781,214.07000732421875,51.599998474121094,50.93000030517578,210.7100067138672,138.8699951171875
2020-12-01T14:30:00.0,122.72000122070312,216.2100067138672,52.040000915527344,50.880001068115234,213.00999450683594,139.3699951171875
2020-12-02T14:30:00.0,123.08000183105469,215.3699951171875,52.11000061035156,50.17333221435547,223.85000610351562,138.36000061035156
2020-12-03T14:30:00.0,122.94000244140625,214.24000549316406,52.779998779296875,49.766666412353516,237.1999969482422,137.33999633789062
2020-12-04T14:30:00.0,122.25,214.36000061035156,53.849998474121094,49.63666534423828,232.7100067138672,137.47000122070312
2020-12-07T14:30:00.0,123.75,214.2899932861328,52.9900016784668,49.369998931884766,238.1699981689453,137.67999267578125
2020-12-08T14:30:00.0,124.37999725341797,216.00999450683594,53.18000030517578,49.81666564941406,236.57000732421875,138.0500030517578
2020-12-09T14:30:00.0,121.77999877929688,211.8000030517578,53.33000183105469,49.42333221435547,232.05999755859375,136.41000366210938
2020-12-10T14:30:00.0,123.23999786376953,210.52000427246094,53.04999923706055,49.01333236694336,234.42999267578125,135.50999450683594
2020-12-11T14:30:00.0,122.41000366210938,213.25999450683594,53.349998474121094,49.0,230.3300018310547,136.50999450683594
2020-12-14T14:30:00.0,121.77999877929688,214.1999969482422,53.27000045776367,48.54999923706055,228.6199951171875,135.85000610351562
2020-12-15T14:30:00.0,127.87999725341797,214.1300048828125,53.84000015258789,48.526668548583984,229.5,136.64999389648438
2020-12-16T14:30:00.0,127.80999755859375,219.27999877929688,53.060001373291016,48.47666549682617,225.8699951171875,137.27000427246094
2020-12-17T14:30:00.0,128.6999969482422,219.4199981689453,53.27000045776367,48.70000076293945,221.24000549316406,138.25
2020-12-18T14:30:00.0,126.66000366210938,218.58999633789062,53.7400016784668,48.650001525878906,219.75,139.0399932861328
2020-12-21T14:30:00.0,128.22999572753906,222.58999633789062,52.810001373291016,48.65666580200195,219.30999755859375,137.52000427246094
2020-12-22T14:30:00.0,131.8800048828125,223.94000244140625,52.7599983215332,48.06666564941406,218.77999877929688,136.5500030517578
2020-12-23T14:30:00.0,130.9600067138672,221.02000427246094,53.08000183105469,47.7400016784668,219.69000244140625,136.33999633789062
2020-12-24T14:30:00.0,131.97000122070312,222.75,53.439998626708984,47.83333206176758,217.14999389648438,137.72000122070312
2020-12-28T14:30:00.0,136.69000244140625,224.9600067138672,54.15999984741211,48.40666580200195,216.08999633789062,138.67999267578125
2020-12-29T14:30:00.0,134.8699951171875,224.14999389648438,54.130001068115234,48.099998474121094,216.25,138.4199981689453
2020-12-30T14:30:00.0,133.72000122070312,221.67999267578125,54.439998626708984,48.060001373291016,216.6699981689453,137.77000427246094
2020-12-31T14:30:00.0,132.69000244140625,222.4199981689453,54.84000015258789,48.04999923706055,214.05999755859375,139.13999938964844
2021-01-04T14:30:00.0,129.41000366210938,217.69000244140625,52.7599983215332,48.84333419799805,202.72000122070312,137.82000732421875
2021-01-05T14:30:00.0,131.00999450683594,217.89999389648438,52.18000030517578,48.58333206176758,211.6300048828125,138.6999969482422
2021-01-06T14:30:00.0,126.5999984741211,212.25,50.52000045776367,48.88666534423828,211.02999877929688,140.16000366210938
2021-01-07T14:30:00.0,130.9199981689453,218.2899932861328,49.959999084472656,48.883331298828125,212.7100067138672,138.85000610351562
2021-01-08T14:30:00.0,132.0500030517578,219.6199951171875,51.08000183105469,48.87666702270508,209.89999389648438,138.7899932861328
2021-01-11T14:30:00.0,128.97999572753906,217.49000549316406,50.20000076293945,49.0966682434082,206.7899932861328,137.85000610351562
2021-01-12T14:30:00.0,128.8000030517578,214.92999267578125,50.11000061035156,49.65666580200195,208.41000366210938,137.0500030517578
2021-01-13T14:30:00.0,130.88999938964844,216.33999633789062,50.15999984741211,49.150001525878906,207.2100067138672,137.25999450683594
2021-01-14T14:30:00.0,128.91000366210938,213.02000427246094,49.22999954223633,48.9900016784668,209.91000366210938,135.8000030517578
2021-01-15T14:30:00.0,127.13999938964844,212.64999389648438,48.70000076293945,48.21333312988281,204.32000732421875,134.77999877929688
2021-01-19T14:30:00.0,127.83000183105469,216.44000244140625,48.5099983215332,47.79666519165039,210.7100067138672,133.60000610351562
2021-01-20T14:30:00.0,132.02999877929688,224.33999633789062,48.68000030517578,48.503334045410156,211.4499969482422,131.92999267578125
2021-01-21T14:30:00.0,136.8699951171875,224.97000122070312,48.95000076293945,48.28333282470703,207.41000366210938,131.00999450683594
2021-01-22T14:30:00.0,139.07000732421875,225.9499969482422,48.4900016784668,48.776668548583984,205.83999633789062,130.0
2021-01-25T14:30:00.0,142.9199981689453,229.52999877929688,48.779998779296875,48.733333587646484,203.36000061035156,132.24000549316406
2021-01-26T14:30:00.0,143.16000366210938,232.3300018310547,49.290000915527344,49.16999816894531,202.05999755859375,133.08999633789062
2021-01-27T14:30:00.0,142.05999755859375,232.89999389648438,48.529998779296875,47.9466667175293,194.02999877929688,128.3800048828125
2021-01-28T14:30:00.0,137.08999633789062,238.92999267578125,49.150001525878906,47.91666793823242,197.22999572753906,130.36000061035156
2021-01-29T14:30:00.0,131.9600067138672,231.9600067138672,48.150001525878906,46.83000183105469,194.19000244140625,128.2100067138672
2021-02-01T14:30:00.0,134.13999938964844,239.64999389648438,48.47999954223633,46.42333221435547,195.83999633789062,128.97000122070312
2021-02-02T14:30:00.0,134.99000549316406,239.50999450683594,48.959999084472656,46.92333221435547,200.94000244140625,128.7899932861328
2021-02-03T14:30:00.0,133.94000244140625,243.0,48.77000045776367,47.06666564941406,207.38999938964844,128.9499969482422
2021-02-04T14:30:00.0,137.38999938964844,242.00999450683594,49.0099983215332,47.5099983215332,210.63999938964844,129.02999877929688
2021-02-05T14:30:00.0,136.75999450683594,242.1999969482422,49.650001525878906,48.119998931884766,207.92999267578125,129.57000732421875
2021-02-08T14:30:00.0,136.91000366210938,242.47000122070312,49.91999816894531,48.34333419799805,211.9499969482422,129.1699981689453
2021-02-09T14:30:00.0,136.00999450683594,243.77000427246094,49.70000076293945,48.61000061035156,215.1199951171875,128.6699981689453
2021-02-10T14:30:00.0,135.38999938964844,242.82000732421875,49.599998474121094,48.043331146240234,211.9199981689453,128.22000122070312
2021-02-11T14:30:00.0,135.1300048828125,244.49000549316406,50.29999923706055,48.00666809082031,210.66000366210938,128.3300018310547
2021-02-12T14:30:00.0,135.3699951171875,244.99000549316406,50.689998626708984,48.15666580200195,210.97999572753906,127.62000274658203
2021-02-16T14:30:00.0,133.19000244140625,243.6999969482422,50.27000045776367,48.5533332824707,217.17999267578125,127.91999816894531
2021-02-17T14:30:00.0,130.83999633789062,244.1999969482422,50.130001068115234,49.06666564941406,215.52000427246094,128.4600067138672
2021-02-18T14:30:00.0,129.7100067138672,243.7899932861328,50.77000045776367,45.88666534423828,208.47999572753906,129.52999877929688
2021-02-19T14:30:00.0,129.8699951171875,240.97000122070312,50.11000061035156,46.11333465576172,217.47000122070312,127.12000274658203
2021-02-22T14:30:00.0,126.0,234.50999450683594,50.630001068115234,45.89666748046875,212.8800048828125,126.58000183105469
2021-02-23T14:30:00.0,125.86000061035156,233.27000427246094,50.540000915527344,45.15666580200195,212.1199951171875,127.5199966430664
2021-02-24T14:30:00.0,125.3499984741211,234.5500030517578,50.709999084472656,44.4033317565918,229.33999633789062,127.66000366210938
2021-02-25T14:30:00.0,120.98999786376953,228.99000549316406,50.16999816894531,43.983333587646484,216.4499969482422,126.58000183105469
2021-02-26T14:30:00.0,121.26000213623047,232.3800048828125,48.9900016784668,43.30666732788086,212.00999450683594,123.52999877929688
2021-03-01T14:30:00.0,127.79000091552734,236.94000244140625,49.900001525878906,43.790000915527344,224.38999938964844,124.29000091552734
2021-03-02T14:30:00.0,125.12000274658203,233.8699951171875,50.099998474121094,43.369998931884766,223.13999938964844,123.9000015258789
2021-03-03T14:30:00.0,122.05999755859375,227.55999755859375,49.97999954223633,42.529998779296875,228.55999755859375,123.16000366210938
2021-03-04T14:30:00.0,120.12999725341797,226.72999572753906,49.939998626708984,42.5099983215332,224.7100067138672,122.1500015258789
2021-03-05T14:30:00.0,121.41999816894531,231.60000610351562,50.790000915527344,43.040000915527344,223.22000122070312,125.9800033569336
2021-03-08T14:30:00.0,116.36000061035156,227.38999938964844,51.63999938964844,42.62666702270508,224.02999877929688,127.30999755859375
2021-03-09T14:30:00.0,121.08999633789062,233.77999877929688,50.86000061035156,42.96333312988281,230.61000061035156,126.18000030517578
2021-03-10T14:30:00.0,119.9800033569336,232.4199981689453,51.439998626708984,44.060001373291016,245.33999633789062,127.33999633789062
2021-03-11T14:30:00.0,121.95999908447266,237.1300048828125,50.880001068115234,44.043331146240234,252.0,126.91000366210938
2021-03-12T14:30:00.0,121.02999877929688,235.75,50.36000061035156,44.706668853759766,269.19000244140625,128.13999938964844
2021-03-15T13:30:00.0,123.98999786376953,234.80999755859375,51.029998779296875,44.47666549682617,265.6300048828125,128.55999755859375
2021-03-16T13:30:00.0,125.56999969482422,237.7100067138672,51.220001220703125,44.46333312988281,255.2100067138672,128.94000244140625
2021-03-17T13:30:00.0,124.76000213623047,237.0399932861328,51.2400016784668,44.09333419799805,263.5899963378906,128.4199981689453
2021-03-18T13:30:00.0,120.52999877929688,230.72000122070312,50.56999969482422,43.336666107177734,256.05999755859375,128.6999969482422
2021-03-19T13:30:00.0,119.98999786376953,230.35000610351562,50.810001373291016,43.913333892822266,255.82000732421875,128.00999450683594
2021-03-22T13:30:00.0,123.38999938964844,235.99000549316406,51.0,44.12333297729492,251.22999572753906,130.17999267578125
2021-03-23T13:30:00.0,122.54000091552734,237.5800018310547,51.38999938964844,44.64666748046875,241.25,132.60000610351562
2021-03-24T13:30:00.0,120.08999633789062,235.4600067138672,51.52000045776367,44.369998931884766,239.24000549316406,132.55999755859375
2021-03-25T13:30:00.0,120.58999633789062,232.33999633789062,52.02000045776367,44.66999816894531,247.19000244140625,133.47999572753906
2021-03-26T13:30:00.0,121.20999908447266,236.47999572753906,53.040000915527344,45.043331146240234,244.8699951171875,135.4499969482422
2021-03-29T13:30:00.0,121.38999938964844,235.24000549316406,53.849998474121094,45.55666732788086,250.52000427246094,137.57000732421875
2021-03-30T13:30:00.0,119.9000015258789,231.85000610351562,53.150001525878906,45.246665954589844,252.00999450683594,135.4499969482422
2021-03-31T13:30:00.0,122.1500015258789,235.77000427246094,52.709999084472656,45.276668548583984,254.72000122070312,135.42999267578125
2021-04-01T13:30:00.0,123.0,242.35000610351562,52.5099983215332,45.206668853759766,252.9600067138672,134.27999877929688
2021-04-05T13:30:00.0,125.9000015258789,249.07000732421875,52.810001373291016,46.47666549682617,259.3599853515625,136.4499969482422
2021-04-06T13:30:00.0,126.20999908447266,247.86000061035156,53.189998626708984,46.70000076293945,255.1699981689453,136.5
2021-04-07T13:30:00.0,127.9000015258789,249.89999389648438,53.279998779296875,46.599998474121094,252.5800018310547,136.74000549316406
2021-04-08T13:30:00.0,130.36000061035156,253.25,53.119998931884766,46.56999969482422,254.9499969482422,137.25999450683594
2021-04-09T13:30:00.0,133.0,255.85000610351562,53.18000030517578,46.59333419799805,252.36000061035156,136.3699951171875
2021-04-12T13:30:00.0,131.24000549316406,255.91000366210938,53.349998474121094,46.599998474121094,249.52000427246094,136.9199981689453
2021-04-13T13:30:00.0,134.42999267578125,258.489990234375,53.09000015258789,46.456668853759766,253.27000427246094,135.11000061035156
2021-04-14T13:30:00.0,132.02999877929688,255.58999633789062,53.08000183105469,46.439998626708984,252.42999267578125,135.60000610351562
2021-04-15T13:30:00.0,134.5,259.5,53.33000183105469,46.720001220703125,251.11000061035156,137.24000549316406
2021-04-16T13:30:00.0,134.16000366210938,260.739990234375,53.68000030517578,46.869998931884766,248.17999267578125,137.25
2021-04-19T13:30:00.0,134.83999633789062,258.739990234375,54.0,46.56999969482422,244.14999389648438,136.61000061035156
2021-04-20T13:30:00.0,133.11000061035156,258.260009765625,54.16999816894531,46.93000030517578,234.05999755859375,137.75
2021-04-21T13:30:00.0,133.5,260.5799865722656,54.61000061035156,47.06666564941406,235.9199981689453,136.85000610351562
2021-04-22T13:30:00.0,131.94000244140625,257.1700134277344,54.439998626708984,46.55666732788086,234.3300018310547,134.6300048828125
2021-04-23T13:30:00.0,134.32000732421875,261.1499938964844,54.470001220703125,46.633331298828125,238.3800048828125,133.94000244140625
2021-04-26T13:30:00.0,134.72000122070312,261.54998779296875,53.65999984741211,45.970001220703125,241.44000244140625,131.25999450683594
2021-04-27T13:30:00.0,134.38999938964844,261.9700012207031,53.58000183105469,46.12666702270508,242.47000122070312,131.17999267578125
2021-04-28T13:30:00.0,133.5800018310547,254.55999755859375,53.59000015258789,45.96333312988281,235.4600067138672,131.39999389648438
2021-04-29T13:30:00.0,133.47999572753906,252.50999450683594,54.2599983215332,46.543331146240234,235.94000244140625,132.50999450683594
2021-04-30T13:30:00.0,131.4600067138672,252.17999267578125,53.97999954223633,46.63666534423828,234.30999755859375,133.4199981689453
2021-05-03T13:30:00.0,132.5399932861328,251.86000061035156,54.47999954223633,47.37333297729492,235.19000244140625,135.0
2021-05-04T13:30:00.0,127.8499984741211,247.7899932861328,54.13999938964844,46.90666580200195,233.6300048828125,134.5399932861328
2021-05-05T13:30:00.0,128.10000610351562,246.47000122070312,54.0,46.866668701171875,228.17999267578125,133.4600067138672
2021-05-06T13:30:00.0,129.74000549316406,249.72999572753906,54.540000915527344,47.016666412353516,229.80999755859375,135.13999938964844
2021-05-07T13:30:00.0,130.2100067138672,252.4600067138672,54.5099983215332,46.733333587646484,235.47000122070312,135.14999389648438
2021-05-10T13:30:00.0,126.8499984741211,247.17999267578125,54.90999984741211,46.939998626708984,232.92999267578125,137.6699981689453
2021-05-11T13:30:00.0,125.91000366210938,246.22999572753906,54.31999969482422,46.516666412353516,228.8800048828125,136.99000549316406
2021-05-12T13:30:00.0,122.7699966430664,239.0,54.040000915527344,45.313331604003906,220.77999877929688,135.5399932861328
2021-05-13T13:30:00.0,124.97000122070312,243.02999877929688,54.5099983215332,46.08000183105469,222.63999938964844,137.72000122070312
2021-05-14T13:30:00.0,127.44999694824219,248.14999389648438,54.72999954223633,46.50666809082031,228.47000122070312,138.00999450683594
2021-05-17T13:30:00.0,126.2699966430664,245.17999267578125,54.63999938964844,46.29666519165039,227.97999572753906,137.72999572753906
2021-05-18T13:30:00.0,124.8499984741211,243.0800018310547,54.34000015258789,47.3033332824707,227.5500030517578,136.32000732421875
2021-05-19T13:30:00.0,124.69000244140625,243.1199951171875,54.16999816894531,47.30666732788086,224.4199981689453,136.60000610351562
2021-05-20T13:30:00.0,127.30999755859375,246.47999572753906,54.650001525878906,47.473331451416016,227.64999389648438,138.0
2021-05-21T13:30:00.0,125.43000030517578,245.1699981689453,54.619998931884766,47.25,234.82000732421875,138.0
2021-05-24T13:30:00.0,127.0999984741211,250.77999877929688,54.79999923706055,47.253334045410156,237.44000244140625,137.9600067138672
2021-05-25T13:30:00.0,126.9000015258789,251.72000122070312,54.790000915527344,47.4466667175293,240.74000549316406,138.42999267578125
2021-05-26T13:30:00.0,126.8499984741211,251.49000549316406,55.029998779296875,47.38999938964844,241.3699951171875,138.1199951171875
2021-05-27T13:30:00.0,125.27999877929688,249.30999755859375,55.4900016784668,47.22999954223633,250.6999969482422,134.97999572753906
2021-05-28T13:30:00.0,124.61000061035156,249.67999267578125,55.290000915527344,47.34333419799805,247.02000427246094,134.85000610351562
2021-06-01T13:30:00.0,124.27999877929688,247.39999389648438,55.279998779296875,47.220001220703125,254.72999572753906,132.8800048828125
2021-06-02T13:30:00.0,125.05999755859375,247.3000030517578,55.5,47.116668701171875,255.6199951171875,133.4600067138672
2021-06-03T13:30:00.0,123.54000091552734,245.7100067138672,55.63999938964844,47.20000076293945,250.32000732421875,135.85000610351562
2021-06-04T13:30:00.0,125.88999938964844,250.7899932861328,56.2400016784668,47.28333282470703,249.9199981689453,135.9499969482422
2021-06-07T13:30:00.0,125.9000015258789,253.80999755859375,56.040000915527344,46.96666717529297,252.66000366210938,136.4199981689453
2021-06-08T13:30:00.0,126.73999786376953,252.57000732421875,55.650001525878906,46.61000061035156,252.75999450683594,134.83999633789062
2021-06-09T13:30:00.0,127.12999725341797,253.58999633789062,55.47999954223633,46.36000061035156,248.05999755859375,134.7899932861328
2021-06-10T13:30:00.0,126.11000061035156,257.239990234375,55.90999984741211,46.62666702270508,248.33999633789062,135.7899932861328
2021-06-11T13:30:00.0,127.3499984741211,257.8900146484375,56.15999984741211,46.91666793823242,247.27999877929688,134.86000061035156
2021-06-14T13:30:00.0,130.47999572753906,259.8900146484375,55.54999923706055,46.85333251953125,245.13999938964844,134.91000366210938
2021-06-15T13:30:00.0,129.63999938964844,258.3599853515625,55.40999984741211,46.66666793823242,246.5399932861328,134.64999389648438
2021-06-16T13:30:00.0,130.14999389648438,257.3800048828125,54.66999816894531,45.71666717529297,242.27000427246094,132.77999877929688
2021-06-17T13:30:00.0,131.7899932861328,260.8999938964844,54.95000076293945,45.90666580200195,239.22000122070312,133.99000549316406
2021-06-18T13:30:00.0,130.4600067138672,259.42999267578125,53.77000045776367,45.05666732788086,237.35000610351562,132.02999877929688
2021-06-21T13:30:00.0,132.3000030517578,262.6300048828125,54.36000061035156,45.46666717529297,245.27999877929688,133.07000732421875
2021-06-22T13:30:00.0,133.97999572753906,265.510009765625,54.560001373291016,45.676666259765625,243.77999877929688,133.1199951171875
2021-06-23T13:30:00.0,133.6999969482422,265.2699890136719,54.119998931884766,45.31999969482422,243.57000732421875,132.92999267578125
2021-06-24T13:30:00.0,133.41000366210938,266.69000244140625,54.38999938964844,45.63666534423828,250.57000732421875,133.02000427246094
2021-06-25T13:30:00.0,133.11000061035156,265.0199890136719,54.31999969482422,46.176666259765625,248.3800048828125,134.9199981689453
2021-06-28T13:30:00.0,134.77999877929688,268.7200012207031,54.2599983215332,46.03333282470703,239.9600067138672,135.32000732421875
2021-06-29T13:30:00.0,136.3300018310547,271.3999938964844,53.86000061035156,45.766666412353516,235.75999450683594,134.39999389648438
2021-06-30T13:30:00.0,136.9600067138672,270.8999938964844,54.11000061035156,47.00666809082031,239.55999755859375,134.92999267578125
2021-07-01T13:30:00.0,137.27000427246094,271.6000061035156,53.959999084472656,46.439998626708984,239.72999572753906,135.24000549316406
2021-07-02T13:30:00.0,139.9600067138672,277.6499938964844,54.18000030517578,46.70333480834961,236.67999267578125,135.89999389648438
2021-07-06T13:30:00.0,142.02000427246094,277.6600036621094,53.880001068115234,46.64666748046875,236.13999938964844,135.97999572753906
2021-07-07T13:30:00.0,144.57000732421875,279.92999267578125,54.31999969482422,46.56999969482422,231.77999877929688,137.0
2021-07-08T13:30:00.0,143.24000549316406,277.4200134277344,54.130001068115234,46.529998779296875,236.77000427246094,136.97999572753906
2021-07-09T13:30:00.0,145.11000061035156,277.94000244140625,54.459999084472656,46.766666412353516,239.58999633789062,137.02999877929688
2021-07-12T13:30:00.0,144.5,277.32000732421875,54.47999954223633,46.68333435058594,238.2899932861328,137.13999938964844
2021-07-13T13:30:00.0,145.63999938964844,280.9800109863281,55.02000045776367,46.86000061035156,228.1999969482422,136.97000122070312
2021-07-14T13:30:00.0,149.14999389648438,282.510009765625,56.2599983215332,47.18333435058594,224.4499969482422,137.97999572753906
2021-07-15T13:30:00.0,148.47999572753906,281.0299987792969,56.439998626708984,47.220001220703125,222.75999450683594,139.16000366210938
2021-07-16T13:30:00.0,146.38999938964844,280.75,56.400001525878906,47.186668395996094,217.74000549316406,140.50999450683594
2021-07-19T13:30:00.0,142.4499969482422,277.010009765625,55.72999954223633,47.07666778564453,206.99000549316406,140.44000244140625
2021-07-20T13:30:00.0,146.14999389648438,279.32000732421875,55.83000183105469,47.290000915527344,217.14999389648438,139.69000244140625
2021-07-21T13:30:00.0,145.39999389648438,281.3999938964844,56.54999923706055,47.05666732788086,222.5399932861328,139.1999969482422
2021-07-22T13:30:00.0,146.8000030517578,286.1400146484375,56.470001220703125,47.09000015258789,220.8699951171875,137.8000030517578
2021-07-23T13:30:00.0,148.55999755859375,289.6700134277344,57.0099983215332,47.47666549682617,221.52000427246094,139.7899932861328
2021-07-26T13:30:00.0,148.99000549316406,289.04998779296875,57.060001373291016,47.543331146240234,225.85000610351562,140.27999877929688
2021-07-27T13:30:00.0,146.77000427246094,286.5400085449219,57.2599983215332,47.54666519165039,222.27000427246094,140.85000610351562
2021-07-28T13:30:00.0,144.97999572753906,286.2200012207031,56.7400016784668,47.35333251953125,231.57000732421875,138.75999450683594
2021-07-29T13:30:00.0,145.63999938964844,286.5,57.04999923706055,47.413333892822266,231.6300048828125,139.47999572753906
2021-07-30T13:30:00.0,145.86000061035156,284.9100036621094,57.029998779296875,47.516666412353516,226.47999572753906,142.22999572753906
2021-08-02T13:30:00.0,145.52000427246094,284.82000732421875,56.880001068115234,47.40666580200195,225.33999633789062,141.8800048828125
2021-08-03T13:30:00.0,147.36000061035156,287.1199951171875,56.91999816894531,47.939998626708984,229.08999633789062,143.9499969482422
2021-08-04T13:30:00.0,146.9499969482422,286.510009765625,56.099998474121094,47.61333465576172,226.6300048828125,142.42999267578125
2021-08-05T13:30:00.0,147.05999755859375,289.5199890136719,56.5,48.496665954589844,229.94000244140625,142.5
2021-08-06T13:30:00.0,146.13999938964844,289.4599914550781,56.63999938964844,48.40999984741211,231.3300018310547,141.41000366210938
2021-08-09T13:30:00.0,146.08999633789062,288.3299865722656,56.650001525878906,48.526668548583984,232.27000427246094,142.17999267578125
2021-08-10T13:30:00.0,145.60000610351562,286.44000244140625,56.79999923706055,49.560001373291016,235.77999877929688,142.27000427246094
2021-08-11T13:30:00.0,145.86000061035156,286.95001220703125,56.72999954223633,50.003334045410156,239.49000549316406,142.6199951171875
2021-08-12T13:30:00.0,148.88999938964844,289.80999755859375,56.84000015258789,49.686668395996094,238.17999267578125,142.9499969482422
2021-08-13T13:30:00.0,149.10000610351562,292.8500061035156,57.22999954223633,49.84333419799805,234.4600067138672,143.63999938964844
2021-08-16T13:30:00.0,151.1199951171875,294.6000061035156,57.47999954223633,50.25,229.05999755859375,144.63999938964844
2021-08-17T13:30:00.0,150.19000244140625,293.0799865722656,57.279998779296875,50.233333587646484,222.22000122070312,144.8800048828125
2021-08-18T13:30:00.0,146.36000061035156,290.7300109863281,56.5,49.70000076293945,219.0,143.3000030517578
2021-08-19T13:30:00.0,146.6999969482422,296.7699890136719,56.86000061035156,50.03666687011719,212.16000366210938,144.99000549316406
2021-08-20T13:30:00.0,148.19000244140625,304.3599853515625,56.63999938964844,50.483333587646484,212.6699981689453,145.08999633789062
2021-08-23T13:30:00.0,149.7100067138672,304.6499938964844,56.439998626708984,50.150001525878906,219.39999389648438,144.35000610351562
2021-08-24T13:30:00.0,149.6199951171875,302.6199951171875,56.0099983215332,49.633331298828125,221.42999267578125,143.17999267578125
2021-08-25T13:30:00.0,148.36000061035156,302.010009765625,56.06999969482422,49.6533317565918,221.02999877929688,142.6699981689453
2021-08-26T13:30:00.0,147.5399932861328,299.0899963378906,55.540000915527344,49.116668701171875,216.5,142.4199981689453
2021-08-27T13:30:00.0,148.60000610351562,299.7200012207031,55.650001525878906,48.84000015258789,221.75,142.30999755859375
2021-08-30T13:30:00.0,153.1199951171875,303.5899963378906,56.18000030517578,49.233333587646484,217.66000366210938,142.92999267578125
2021-08-31T13:30:00.0,151.8300018310547,301.8800048828125,56.310001373291016,49.366668701171875,219.5,142.38999938964844
2021-09-01T13:30:00.0,152.50999450683594,301.8299865722656,56.689998626708984,49.2599983215332,218.1199951171875,143.83999633789062
2021-09-02T13:30:00.0,153.64999389648438,301.1499938964844,56.77000045776367,49.52000045776367,220.8300018310547,143.9499969482422
2021-09-03T13:30:00.0,154.3000030517578,301.1400146484375,56.72999954223633,49.75,218.1699981689453,144.0500030517578
2021-09-07T13:30:00.0,156.69000244140625,300.17999267578125,55.66999816894531,49.09000015258789,214.24000549316406,143.50999450683594
2021-09-08T13:30:00.0,155.11000061035156,300.2099914550781,56.41999816894531,49.1533317565918,211.3800048828125,144.60000610351562
2021-09-09T13:30:00.0,154.07000732421875,297.25,55.86000061035156,48.80666732788086,213.94000244140625,143.99000549316406
2021-09-10T13:30:00.0,148.97000122070312,295.7099914550781,55.61000061035156,48.630001068115234,210.3000030517578,144.1300048828125
2021-09-13T13:30:00.0,149.5500030517578,296.989990234375,56.06999969482422,48.35333251953125,214.47999572753906,145.67999267578125
2021-09-14T13:30:00.0,148.1199951171875,299.7900085449219,55.689998626708984,48.099998474121094,211.57000732421875,145.42999267578125
2021-09-15T13:30:00.0,149.02999877929688,304.82000732421875,55.880001068115234,48.18333435058594,214.22000122070312,145.1199951171875
2021-09-16T13:30:00.0,148.7899932861328,305.2200012207031,55.349998474121094,48.34333419799805,213.36000061035156,144.11000061035156
2021-09-17T13:30:00.0,146.05999755859375,299.8699951171875,54.439998626708984,48.24333190917969,213.36000061035156,144.33999633789062
2021-09-20T13:30:00.0,142.94000244140625,294.29998779296875,54.060001373291016,47.58000183105469,209.5,142.88999938964844
2021-09-21T13:30:00.0,143.42999267578125,294.79998779296875,54.04999923706055,47.67333221435547,208.50999450683594,143.11000061035156
2021-09-22T13:30:00.0,145.85000610351562,298.5799865722656,54.130001068115234,47.563331604003906,216.97999572753906,143.60000610351562
2021-09-23T13:30:00.0,146.8300018310547,299.55999755859375,54.040000915527344,47.59000015258789,221.10000610351562,144.19000244140625
2021-09-24T13:30:00.0,146.9199981689453,299.3500061035156,53.88999938964844,47.723331451416016,221.38999938964844,143.5500030517578
2021-09-27T13:30:00.0,145.3699951171875,294.1700134277344,53.61000061035156,47.41666793823242,224.16000366210938,141.66000366210938
2021-09-28T13:30:00.0,141.91000366210938,283.5199890136719,52.63999938964844,46.83333206176758,218.41000366210938,140.58999633789062
2021-09-29T13:30:00.0,142.8300018310547,284.0,52.959999084472656,46.813331604003906,225.36000061035156,142.02000427246094
2021-09-30T13:30:00.0,141.5,281.9200134277344,52.470001220703125,46.459999084472656,219.94000244140625,139.8000030517578
2021-10-01T13:30:00.0,142.64999389648438,289.1000061035156,53.02000045776367,45.68333435058594,226.0,139.5800018310547
2021-10-04T13:30:00.0,139.13999938964844,283.1099853515625,52.9900016784668,45.24333190917969,223.7899932861328,138.7899932861328
2021-10-05T13:30:00.0,141.11000061035156,288.760009765625,53.08000183105469,45.540000915527344,224.4199981689453,139.3300018310547
2021-10-06T13:30:00.0,142.0,293.1099853515625,53.709999084472656,45.87333297729492,224.99000549316406,141.19000244140625
2021-10-07T13:30:00.0,143.2899932861328,294.8500061035156,53.880001068115234,46.413333892822266,226.47999572753906,142.32000732421875
2021-10-08T13:30:00.0,142.89999389648438,294.8500061035156,54.119998931884766,46.5533332824707,226.38999938964844,141.72999572753906
2021-10-11T13:30:00.0,142.80999755859375,294.2300109863281,54.22999954223633,46.5099983215332,226.4499969482422,142.32000732421875
2021-10-12T13:30:00.0,141.50999450683594,292.8800048828125,54.22999954223633,46.459999084472656,223.57000732421875,142.11000061035156
2021-10-13T13:30:00.0,140.91000366210938,296.30999755859375,54.2400016784668,46.12333297729492,221.77999877929688,142.44000244140625
2021-10-14T13:30:00.0,143.75999450683594,302.75,54.61000061035156,46.62333297729492,217.44000244140625,144.0500030517578
2021-10-15T13:30:00.0,144.83999633789062,304.2099914550781,54.47999954223633,46.849998474121094,217.0399932861328,144.4199981689453
2021-10-18T13:30:00.0,146.5500030517578,307.2900085449219,53.939998626708984,47.22666549682617,216.97999572753906,142.33999633789062
2021-10-19T13:30:00.0,148.75999450683594,308.2300109863281,54.150001525878906,48.22999954223633,215.97000122070312,140.66000366210938
2021-10-20T13:30:00.0,149.25999450683594,307.4100036621094,54.630001068115234,48.66666793823242,216.1699981689453,141.2100067138672
2021-10-21T13:30:00.0,149.47999572753906,310.760009765625,54.349998474121094,48.936668395996094,214.33999633789062,139.3300018310547
2021-10-22T13:30:00.0,148.69000244140625,309.1600036621094,54.45000076293945,49.4466667175293,212.97000122070312,140.8300018310547
2021-10-25T13:30:00.0,148.63999938964844,308.1300048828125,54.22999954223633,50.02000045776367,212.8699951171875,140.85000610351562
2021-10-26T13:30:00.0,149.32000732421875,310.1099853515625,54.470001220703125,49.58333206176758,209.80999755859375,142.85000610351562
2021-10-27T13:30:00.0,148.85000610351562,323.1700134277344,55.52000045776367,49.176666259765625,206.61000061035156,141.8300018310547
2021-10-28T13:30:00.0,152.57000732421875,324.3500061035156,56.040000915527344,49.483333587646484,207.85000610351562,142.67999267578125
2021-10-29T13:30:00.0,149.8000030517578,331.6199951171875,56.369998931884766,49.80666732788086,207.02999877929688,142.99000549316406
2021-11-01T13:30:00.0,148.9600067138672,329.3699951171875,56.16999816894531,49.93000030517578,214.5800018310547,142.63999938964844
2021-11-02T13:30:00.0,150.02000427246094,333.1300048828125,56.099998474121094,49.90666580200195,212.77000427246094,144.05999755859375
2021-11-03T13:30:00.0,151.49000549316406,334.0,56.290000915527344,50.060001373291016,213.3800048828125,145.0500030517578
2021-11-04T13:30:00.0,150.9600067138672,336.44000244140625,56.599998474121094,50.426666259765625,213.02999877929688,145.32000732421875
2021-11-05T13:30:00.0,151.27999877929688,336.05999755859375,56.84000015258789,50.07666778564453,224.4600067138672,146.0399932861328
2021-11-08T14:30:00.0,150.44000244140625,336.989990234375,56.33000183105469,49.75666809082031,222.67999267578125,144.9499969482422
2021-11-09T14:30:00.0,150.80999755859375,335.95001220703125,56.4900016784668,49.93000030517578,220.7899932861328,145.38999938964844
2021-11-10T14:30:00.0,147.9199981689453,330.79998779296875,56.720001220703125,49.47999954223633,218.5,146.82000732421875
2021-11-11T14:30:00.0,147.8699951171875,332.42999267578125,56.7400016784668,49.5,219.3800048828125,146.39999389648438
2021-11-12T14:30:00.0,149.99000549316406,336.7200012207031,56.61000061035156,49.253334045410156,220.9600067138672,146.55999755859375
2021-11-15T14:30:00.0,150.0,336.07000732421875,56.619998931884766,48.970001220703125,233.08999633789062,147.39999389648438
2021-11-16T14:30:00.0,151.0,339.510009765625,56.220001220703125,47.723331451416016,225.8000030517578,147.19000244140625
2021-11-17T14:30:00.0,153.49000549316406,339.1199951171875,55.90999984741211,47.313331604003906,226.6199951171875,147.10000610351562
2021-11-18T14:30:00.0,157.8699951171875,341.2699890136719,55.40999984741211,47.720001220703125,227.25,147.1199951171875
2021-11-19T14:30:00.0,160.5500030517578,343.1099853515625,55.130001068115234,47.46333312988281,214.1300048828125,146.82000732421875
2021-11-22T14:30:00.0,161.02000427246094,339.8299865722656,55.470001220703125,48.2599983215332,209.89999389648438,147.8000030517578
2021-11-23T14:30:00.0,161.41000366210938,337.67999267578125,55.880001068115234,48.60333251953125,209.1300048828125,149.44000244140625
2021-11-24T14:30:00.0,161.94000244140625,337.9100036621094,55.43000030517578,48.8466682434082,210.60000610351562,148.66000366210938
2021-11-26T14:30:00.0,156.80999755859375,329.67999267578125,53.72999954223633,48.29999923706055,199.2100067138672,147.47000122070312
2021-11-29T14:30:00.0,160.24000549316406,336.6300048828125,54.58000183105469,47.543331146240234,198.5,149.02000427246094
2021-11-30T14:30:00.0,165.3000030517578,330.5899963378906,52.45000076293945,46.87666702270508,197.85000610351562,144.5800018310547
2021-12-01T14:30:00.0,164.77000427246094,330.0799865722656,52.29999923706055,45.71333312988281,188.19000244140625,146.39999389648438
2021-12-02T14:30:00.0,163.75999450683594,329.489990234375,53.06999969482422,45.15666580200195,202.3800048828125,147.25999450683594
2021-12-03T14:30:00.0,161.83999633789062,323.010009765625,53.540000915527344,45.836666107177734,198.49000549316406,149.8800048828125
2021-12-06T14:30:00.0,165.32000732421875,326.19000244140625,54.90999984741211,46.33333206176758,205.8800048828125,152.14999389648438
2021-12-07T14:30:00.0,171.17999267578125,334.9200134277344,55.209999084472656,46.18333435058594,208.8300018310547,151.75
2021-12-08T14:30:00.0,175.0800018310547,334.9700012207031,55.0,45.71666717529297,211.02999877929688,152.42999267578125
2021-12-09T14:30:00.0,174.55999755859375,333.1000061035156,54.86000061035156,46.16666793823242,207.55999755859375,153.32000732421875
2021-12-10T14:30:00.0,179.4499969482422,342.5400085449219,56.279998779296875,47.0099983215332,205.05999755859375,155.4600067138672
2021-12-13T14:30:00.0,175.74000549316406,339.3999938964844,57.7599983215332,47.856666564941406,197.39999389648438,157.6699981689453
2021-12-14T14:30:00.0,174.3300018310547,328.3399963378906,57.79999923706055,48.313331604003906,195.5,158.25
2021-12-15T14:30:00.0,179.3000030517578,334.6499938964844,58.060001373291016,48.59000015258789,195.42999267578125,158.86000061035156
2021-12-16T14:30:00.0,172.25999450683594,324.8999938964844,58.650001525878906,47.779998779296875,190.7899932861328,161.11000061035156
2021-12-17T14:30:00.0,171.13999938964844,323.79998779296875,57.72999954223633,46.25,192.6300048828125,157.4600067138672
2021-12-20T14:30:00.0,169.75,319.9100036621094,57.540000915527344,46.400001525878906,188.47999572753906,157.86000061035156
2021-12-21T14:30:00.0,172.99000549316406,327.2900085449219,57.77000045776367,46.540000915527344,199.52000427246094,157.75999450683594
2021-12-22T14:30:00.0,175.63999938964844,333.20001220703125,58.18000030517578,46.599998474121094,201.69000244140625,159.32000732421875
2021-12-23T14:30:00.0,176.27999877929688,334.69000244140625,58.220001220703125,46.496665954589844,204.22000122070312,160.10000610351562
2021-12-27T14:30:00.0,180.3300018310547,342.45001220703125,58.650001525878906,46.91999816894531,203.1699981689453,161.97000122070312
2021-12-28T14:30:00.0,179.2899932861328,341.25,58.880001068115234,47.59333419799805,206.1300048828125,162.83999633789062
2021-12-29T14:30:00.0,179.3800048828125,341.95001220703125,58.95000076293945,47.56999969482422,203.66000366210938,164.19000244140625
2021-12-30T14:30:00.0,178.1999969482422,339.32000732421875,58.779998779296875,47.723331451416016,202.7100067138672,162.77000427246094
2021-12-31T14:30:00.0,177.57000732421875,336.32000732421875,59.209999084472656,48.22999954223633,201.32000732421875,163.5800018310547
2022-01-03T14:30:00.0,182.00999450683594,334.75,59.29999923706055,48.21666717529297,207.86000061035156,162.89999389648438
2022-01-04T14:30:00.0,179.6999969482422,329.010009765625,60.290000915527344,47.33333206176758,213.6300048828125,163.47000122070312
2022-01-05T14:30:00.0,174.9199981689453,316.3800048828125,60.790000915527344,47.973331451416016,213.07000732421875,164.2100067138672
2022-01-06T14:30:00.0,172.0,313.8800048828125,60.470001220703125,47.84000015258789,211.33999633789062,162.8300018310547
2022-01-07T14:30:00.0,172.1699981689453,314.0400085449219,60.33000183105469,48.29666519165039,215.5,162.74000549316406
2022-01-10T14:30:00.0,172.19000244140625,314.2699890136719,60.43000030517578,48.20333480834961,209.30999755859375,160.52000427246094
2022-01-11T14:30:00.0,175.0800018310547,314.9800109863281,60.45000076293945,48.06666564941406,216.02000427246094,158.66000366210938
2022-01-12T14:30:00.0,175.52999877929688,318.2699890136719,60.540000915527344,47.813331604003906,217.4499969482422,159.00999450683594
2022-01-13T14:30:00.0,172.19000244140625,304.79998779296875,60.900001525878906,48.4900016784668,223.89999389648438,158.2899932861328
2022-01-14T14:30:00.0,173.07000732421875,310.20001220703125,61.38999938964844,48.35333251953125,225.9600067138672,159.80999755859375
2022-01-18T14:30:00.0,169.8000030517578,302.6499938964844,60.900001525878906,47.50666809082031,225.00999450683594,156.72999572753906
2022-01-19T14:30:00.0,166.22999572753906,303.3299865722656,61.0,47.97999954223633,217.0800018310547,162.0
2022-01-20T14:30:00.0,164.50999450683594,301.6000061035156,60.75,47.073333740234375,214.19000244140625,162.0
2022-01-21T14:30:00.0,162.41000366210938,296.0299987792969,60.45000076293945,46.72999954223633,205.44000244140625,162.6199951171875
2022-01-24T14:30:00.0,161.6199951171875,296.3699951171875,59.959999084472656,46.733333587646484,204.1999969482422,161.3000030517578
2022-01-25T14:30:00.0,159.77999877929688,288.489990234375,59.81999969482422,45.71666717529297,204.10000610351562,159.5399932861328
2022-01-26T14:30:00.0,159.69000244140625,296.7099914550781,59.599998474121094,45.25,194.27000427246094,158.14999389648438
2022-01-27T14:30:00.0,159.22000122070312,299.8399963378906,59.650001525878906,45.279998779296875,189.75,159.1300048828125
2022-01-28T14:30:00.0,170.3300018310547,308.260009765625,60.84000015258789,45.84000015258789,190.57000732421875,160.5
2022-01-31T14:30:00.0,174.77999877929688,310.9800109863281,61.0099983215332,46.60333251953125,200.24000549316406,160.4499969482422
2022-02-01T14:30:00.0,174.61000061035156,308.760009765625,60.560001373291016,46.970001220703125,208.33999633789062,159.74000549316406
2022-02-02T14:30:00.0,175.83999633789062,313.4599914550781,61.18000030517578,46.95000076293945,207.52000427246094,162.60000610351562
2022-02-03T14:30:00.0,172.89999389648438,301.25,61.61000061035156,46.996665954589844,206.38999938964844,164.13999938964844
2022-02-04T14:30:00.0,172.38999938964844,305.94000244140625,60.959999084472656,46.44333267211914,206.4499969482422,161.52999877929688
2022-02-07T14:30:00.0,171.66000366210938,300.95001220703125,61.599998474121094,45.98666763305664,211.9199981689453,160.32000732421875
2022-02-08T14:30:00.0,174.8300018310547,304.55999755859375,62.0,45.996665954589844,213.27000427246094,159.9600067138672
2022-02-09T14:30:00.0,176.27999877929688,311.2099914550781,61.040000915527344,45.89666748046875,215.86000061035156,159.60000610351562
2022-02-10T14:30:00.0,172.1199951171875,302.3800048828125,61.380001068115234,45.36000061035156,218.75,157.1699981689453
2022-02-11T14:30:00.0,168.63999938964844,295.0400085449219,60.290000915527344,45.11000061035156,212.3000030517578,156.2899932861328
2022-02-14T14:30:00.0,168.8800048828125,295.0,60.68000030517578,44.650001525878906,210.0399932861328,156.74000549316406
2022-02-15T14:30:00.0,172.7899932861328,300.4700012207031,60.90999984741211,44.790000915527344,217.72999572753906,156.82000732421875
2022-02-16T14:30:00.0,172.5500030517578,299.5,60.900001525878906,44.5099983215332,218.92999267578125,158.00999450683594
2022-02-17T14:30:00.0,168.8800048828125,290.7300109863281,62.119998931884766,46.293331146240234,213.5800018310547,159.82000732421875
2022-02-18T14:30:00.0,167.3000030517578,287.92999267578125,62.540000915527344,45.996665954589844,209.02999877929688,159.89999389648438
2022-02-22T14:30:00.0,164.32000732421875,287.7200012207031,62.279998779296875,45.483333587646484,198.74000549316406,157.92999267578125
2022-02-23T14:30:00.0,160.07000732421875,280.2699890136719,61.59000015258789,45.016666412353516,196.4199981689453,155.9600067138672
2022-02-24T14:30:00.0,162.74000549316406,294.5899963378906,60.5099983215332,44.84333419799805,198.42999267578125,151.75999450683594
2022-02-25T14:30:00.0,164.85000610351562,297.30999755859375,62.849998474121094,45.459999084472656,201.47999572753906,158.24000549316406
2022-02-28T14:30:00.0,165.1199951171875,298.7900085449219,62.2400016784668,45.0533332824707,205.33999633789062,155.88999938964844
2022-03-01T14:30:00.0,163.1999969482422,294.95001220703125,61.970001220703125,45.33000183105469,194.91000366210938,153.30999755859375
2022-03-02T14:30:00.0,166.55999755859375,300.19000244140625,62.43000030517578,45.38666534423828,197.80999755859375,153.7899932861328
2022-03-03T14:30:00.0,166.22999572753906,295.9200134277344,62.470001220703125,46.43000030517578,188.85000610351562,154.36000061035156
2022-03-04T14:30:00.0,163.1699981689453,289.8599853515625,62.56999969482422,47.606666564941406,180.83999633789062,155.13999938964844
2022-03-07T14:30:00.0,159.3000030517578,278.9100036621094,61.08000183105469,47.223331451416016,169.1699981689453,152.83999633789062
2022-03-08T14:30:00.0,157.44000244140625,275.8500061035156,58.65999984741211,46.246665954589844,173.8000030517578,146.7899932861328
2022-03-09T14:30:00.0,162.9499969482422,288.5,58.959999084472656,46.48666763305664,178.55999755859375,148.77000427246094
2022-03-10T14:30:00.0,158.52000427246094,285.5899963378906,57.880001068115234,47.543331146240234,178.38999938964844,144.94000244140625
2022-03-11T14:30:00.0,154.72999572753906,280.07000732421875,57.91999816894531,47.356666564941406,176.22999572753906,143.22000122070312
2022-03-14T13:30:00.0,150.6199951171875,276.44000244140625,58.540000915527344,48.016666412353516,175.52000427246094,145.0500030517578
2022-03-15T13:30:00.0,155.08999633789062,287.1499938964844,59.619998931884766,48.59333419799805,179.88999938964844,150.27000427246094
2022-03-16T13:30:00.0,159.58999633789062,294.3900146484375,59.459999084472656,48.45000076293945,188.99000549316406,149.75999450683594
2022-03-17T13:30:00.0,160.6199951171875,295.2200012207031,60.09000015258789,48.336666107177734,190.19000244140625,150.22999572753906
2022-03-18T13:30:00.0,163.97999572753906,300.42999267578125,60.099998474121094,48.47999954223633,192.8300018310547,150.14999389648438
2022-03-21T13:30:00.0,165.3800048828125,299.1600036621094,60.58000183105469,48.07666778564453,185.89999389648438,150.72000122070312
2022-03-22T13:30:00.0,168.82000732421875,304.05999755859375,60.79999923706055,47.93333435058594,191.0399932861328,151.8800048828125
2022-03-23T13:30:00.0,170.2100067138672,299.489990234375,60.400001525878906,47.31666564941406,186.0399932861328,150.82000732421875
2022-03-24T13:30:00.0,174.07000732421875,304.1000061035156,60.97999954223633,47.61000061035156,189.0500030517578,151.0800018310547
2022-03-25T13:30:00.0,174.72000122070312,303.67999267578125,61.529998779296875,47.81666564941406,188.9499969482422,152.8300018310547
2022-03-28T13:30:00.0,175.60000610351562,310.70001220703125,61.91999816894531,48.66666793823242,188.16000366210938,153.8800048828125
2022-03-29T13:30:00.0,178.9600067138672,315.4100036621094,62.15999984741211,49.07666778564453,193.8000030517578,155.4600067138672
2022-03-30T13:30:00.0,177.77000427246094,313.8599853515625,62.209999084472656,49.956668853759766,194.91000366210938,154.38999938964844
2022-03-31T13:30:00.0,174.61000061035156,308.30999755859375,62.0,49.63999938964844,191.5,152.8000030517578
2022-04-01T13:30:00.0,174.30999755859375,309.4200134277344,62.869998931884766,50.336666107177734,190.75999450683594,155.08999633789062
2022-04-04T13:30:00.0,178.44000244140625,314.9700012207031,62.540000915527344,50.3466682434082,191.17999267578125,154.0800018310547
2022-04-05T13:30:00.0,175.05999755859375,310.8800048828125,62.470001220703125,50.4900016784668,182.64999389648438,154.6199951171875
2022-04-06T13:30:00.0,171.8300018310547,299.5,63.099998474121094,51.663333892822266,178.72000122070312,156.8300018310547
2022-04-07T13:30:00.0,172.13999938964844,301.3699951171875,63.439998626708984,52.18000030517578,177.97000122070312,158.86000061035156
2022-04-08T13:30:00.0,170.08999633789062,296.9700012207031,63.83000183105469,52.470001220703125,175.1999969482422,160.10000610351562
2022-04-11T13:30:00.0,165.75,285.260009765625,63.810001373291016,51.43000030517578,175.02999877929688,159.49000549316406
2022-04-12T13:30:00.0,167.66000366210938,282.05999755859375,64.55999755859375,51.07666778564453,176.27999877929688,159.00999450683594
2022-04-13T13:30:00.0,170.39999389648438,287.6199951171875,64.7300033569336,52.40666580200195,182.8699951171875,159.4600067138672
2022-04-14T13:30:00.0,165.2899932861328,279.8299865722656,65.0199966430664,52.36000061035156,181.94000244140625,158.57000732421875
2022-04-18T13:30:00.0,165.07000732421875,280.5199890136719,64.44000244140625,51.959999084472656,179.85000610351562,157.05999755859375
2022-04-19T13:30:00.0,167.39999389648438,285.29998779296875,65.06999969482422,52.54999923706055,185.97999572753906,159.41000366210938
2022-04-20T13:30:00.0,167.22999572753906,286.3599853515625,65.95999908447266,53.209999084472656,183.5500030517578,163.64999389648438
2022-04-21T13:30:00.0,166.4199981689453,280.80999755859375,66.20999908447266,53.290000915527344,181.02000427246094,162.61000061035156
2022-04-22T13:30:00.0,161.7899932861328,274.0299987792969,65.25,52.28666687011719,176.9199981689453,161.25
2022-04-25T13:30:00.0,162.8800048828125,280.7200012207031,65.94000244140625,52.313331604003906,175.91000366210938,162.5500030517578
2022-04-26T13:30:00.0,156.8000030517578,270.2200012207031,65.05000305175781,51.766666412353516,167.0399932861328,159.7899932861328
2022-04-27T13:30:00.0,156.57000732421875,283.2200012207031,65.55999755859375,51.413333892822266,154.4600067138672,159.36000061035156
2022-04-28T13:30:00.0,163.63999938964844,289.6300048828125,66.19000244140625,52.06999969482422,154.22000122070312,163.41000366210938
2022-04-29T13:30:00.0,157.64999389648438,277.5199890136719,64.61000061035156,50.996665954589844,148.83999633789062,160.5500030517578
2022-05-02T13:30:00.0,157.9600067138672,284.4700012207031,63.439998626708984,50.65999984741211,148.61000061035156,158.3800048828125
2022-05-03T13:30:00.0,159.47999572753906,281.7799987792969,63.08000183105469,50.836666107177734,153.5800018310547,156.2100067138672
2022-05-04T13:30:00.0,166.02000427246094,289.9800109863281,65.02999877929688,51.540000915527344,156.97000122070312,157.36000061035156
2022-05-05T13:30:00.0,156.77000427246094,277.3500061035156,64.51000213623047,50.913333892822266,150.47000122070312,154.4600067138672
2022-05-06T13:30:00.0,157.27999877929688,274.7300109863281,64.73999786376953,49.85333251953125,148.89999389648438,156.0
2022-05-09T13:30:00.0,152.05999755859375,264.5799865722656,64.61000061035156,50.436668395996094,133.30999755859375,155.61000061035156
2022-05-10T13:30:00.0,154.50999450683594,269.5,64.01000213623047,49.72666549682617,132.9499969482422,154.7899932861328
2022-05-11T13:30:00.0,146.5,260.54998779296875,64.30999755859375,49.206668853759766,129.38999938964844,152.61000061035156
2022-05-12T13:30:00.0,142.55999755859375,255.35000610351562,64.51000213623047,49.15999984741211,123.13999938964844,151.99000549316406
2022-05-13T13:30:00.0,147.11000061035156,261.1199951171875,65.72000122070312,49.349998474121094,127.19999694824219,153.6199951171875
2022-05-16T13:30:00.0,145.5399932861328,261.5,65.95999908447266,49.4033317565918,124.05000305175781,155.1199951171875
2022-05-17T13:30:00.0,149.24000549316406,266.82000732421875,65.77999877929688,43.78333282470703,132.0500030517578,154.67999267578125
2022-05-18T13:30:00.0,140.82000732421875,254.0800018310547,61.20000076293945,40.810001373291016,125.5199966430664,145.0399932861328
2022-05-19T13:30:00.0,137.35000610351562,253.13999938964844,60.0,39.689998626708984,127.13999938964844,141.6999969482422
2022-05-20T13:30:00.0,137.58999633789062,252.55999755859375,60.97999954223633,39.733333587646484,120.69999694824219,141.7899932861328
2022-05-23T13:30:00.0,143.11000061035156,260.6499938964844,62.86000061035156,40.866668701171875,124.06999969482422,145.0500030517578
2022-05-24T13:30:00.0,140.36000061035156,259.6199951171875,64.0199966430664,41.37666702270508,119.4000015258789,147.6300048828125
2022-05-25T13:30:00.0,140.52000427246094,262.5199890136719,64.06999969482422,41.12333297729492,122.05999755859375,145.2100067138672
2022-05-26T13:30:00.0,143.77999877929688,265.8999938964844,64.30000305175781,42.0,127.7300033569336,146.47999572753906
2022-05-27T13:30:00.0,149.63999938964844,273.239990234375,64.68000030517578,42.82666778564453,132.22999572753906,148.72000122070312
2022-05-31T13:30:00.0,148.83999633789062,271.8699951171875,63.380001068115234,42.87666702270508,131.39999389648438,147.8800048828125
2022-06-01T13:30:00.0,148.7100067138672,272.4200134277344,63.06999969482422,41.81666564941406,130.64999389648438,145.63999938964844
2022-06-02T13:30:00.0,151.2100067138672,274.5799865722656,63.72999954223633,42.503334045410156,140.5,147.2100067138672
2022-06-03T13:30:00.0,145.3800048828125,270.0199890136719,62.970001220703125,41.77333450317383,139.25,145.88999938964844
2022-06-06T13:30:00.0,146.13999938964844,268.75,62.869998931884766,41.62333297729492,139.24000549316406,145.32000732421875
2022-06-07T13:30:00.0,148.7100067138672,272.5,63.25,41.12333297729492,140.82000732421875,146.94000244140625
2022-06-08T13:30:00.0,147.9600067138672,270.4100036621094,62.88999938964844,40.766666412353516,139.6300048828125,145.11000061035156
2022-06-09T13:30:00.0,142.63999938964844,264.7900085449219,61.79999923706055,40.34000015258789,133.72999572753906,142.49000549316406
2022-06-10T13:30:00.0,137.1300048828125,252.99000549316406,61.40999984741211,40.56666564941406,127.0,141.9499969482422
2022-06-13T13:30:00.0,131.8800048828125,242.25999450683594,61.34000015258789,39.8033332824707,115.86000061035156,138.14999389648438
2022-06-14T13:30:00.0,132.75999450683594,244.49000549316406,59.22999954223633,39.81999969482422,122.16000366210938,133.83999633789062
2022-06-15T13:30:00.0,135.42999267578125,251.75999450683594,59.66999816894531,39.793331146240234,133.72000122070312,132.50999450683594
2022-06-16T13:30:00.0,130.05999755859375,244.97000122070312,59.06999969482422,40.206668853759766,133.36000061035156,133.32000732421875
2022-06-17T13:30:00.0,131.55999755859375,247.64999389648438,59.43000030517578,39.43000030517578,136.8000030517578,132.36000061035156
2022-06-21T13:30:00.0,135.8699951171875,253.74000549316406,60.70000076293945,40.723331451416016,136.75,136.3699951171875
2022-06-22T13:30:00.0,135.35000610351562,253.1300048828125,61.150001525878906,40.22999954223633,137.16000366210938,138.5
2022-06-23T13:30:00.0,138.27000427246094,258.8599853515625,61.880001068115234,41.206668853759766,133.97000122070312,142.3000030517578
2022-06-24T13:30:00.0,141.66000366210938,267.70001220703125,63.040000915527344,41.2400016784668,141.52999877929688,144.35000610351562
2022-06-27T13:30:00.0,141.66000366210938,264.8900146484375,62.90999984741211,41.37333297729492,138.72000122070312,143.25
2022-06-28T13:30:00.0,137.44000244140625,256.4800109863281,62.279998779296875,40.790000915527344,138.6999969482422,140.9199981689453
2022-06-29T13:30:00.0,139.22999572753906,260.260009765625,62.72999954223633,40.63999938964844,138.4499969482422,142.1999969482422
2022-06-30T13:30:00.0,136.72000122070312,256.8299865722656,62.90999984741211,40.526668548583984,136.72000122070312,143.7899932861328
2022-07-01T13:30:00.0,138.92999267578125,259.5799865722656,64.37999725341797,40.87666702270508,139.83999633789062,146.11000061035156
2022-07-05T13:30:00.0,141.55999755859375,262.8500061035156,63.279998779296875,41.41666793823242,137.6999969482422,144.6999969482422
2022-07-06T13:30:00.0,142.9199981689453,266.2099914550781,63.40999984741211,41.709999084472656,136.30999755859375,146.0500030517578
2022-07-07T13:30:00.0,146.35000610351562,268.3999938964844,62.90999984741211,41.77333450317383,139.97000122070312,146.0
2022-07-08T13:30:00.0,147.0399932861328,267.6600036621094,63.13999938964844,41.79999923706055,139.07000732421875,145.02000427246094
2022-07-11T13:30:00.0,144.8699951171875,264.510009765625,62.939998626708984,41.81666564941406,136.99000549316406,146.0399932861328
2022-07-12T13:30:00.0,145.86000061035156,253.6699981689453,62.66999816894531,41.689998626708984,147.14999389648438,144.75
2022-07-13T13:30:00.0,145.49000549316406,252.72000122070312,62.380001068115234,41.790000915527344,143.9499969482422,145.6999969482422
2022-07-14T13:30:00.0,148.47000122070312,254.0800018310547,62.18000030517578,42.606666564941406,147.14999389648438,145.27000427246094
2022-07-15T13:30:00.0,150.1699981689453,256.7200012207031,62.5,43.02333450317383,147.74000549316406,145.07000732421875
2022-07-18T13:30:00.0,147.07000732421875,254.25,61.650001525878906,42.92333221435547,147.72000122070312,143.30999755859375
2022-07-19T13:30:00.0,151.0,259.5299987792969,62.529998779296875,43.186668395996094,156.1300048828125,144.0399932861328
2022-07-20T13:30:00.0,153.0399932861328,262.2699890136719,61.5,43.54666519165039,158.3800048828125,141.5500030517578
2022-07-21T13:30:00.0,155.35000610351562,264.8399963378906,61.36000061035156,44.18333435058594,161.41000366210938,140.77000427246094
2022-07-22T13:30:00.0,154.08999633789062,260.3599853515625,61.59000015258789,44.06999969482422,158.16000366210938,143.02000427246094
2022-07-25T13:30:00.0,152.9499969482422,258.8299865722656,62.189998626708984,44.00666809082031,156.63999938964844,143.99000549316406
2022-07-26T13:30:00.0,151.60000610351562,251.89999389648438,63.209999084472656,40.65999984741211,155.9199981689453,144.27000427246094
2022-07-27T13:30:00.0,156.7899932861328,268.739990234375,63.0099983215332,42.1966667175293,156.08999633789062,145.63999938964844
2022-07-28T13:30:00.0,157.35000610351562,276.4100036621094,64.05999755859375,43.25,159.08999633789062,148.05999755859375
2022-07-29T13:30:00.0,162.50999450683594,280.739990234375,64.16999816894531,44.016666412353516,159.30999755859375,138.91000366210938
2022-08-01T13:30:00.0,161.50999450683594,278.010009765625,64.5199966430664,44.18000030517578,169.07000732421875,142.89999389648438
2022-08-02T13:30:00.0,160.00999450683594,274.82000732421875,63.63999938964844,44.22666549682617,163.27999877929688,141.9499969482422
2022-08-03T13:30:00.0,166.1300048828125,282.4700012207031,63.91999816894531,43.5,166.63999938964844,144.8800048828125
2022-08-04T13:30:00.0,165.80999755859375,283.6499938964844,63.66999816894531,41.856666564941406,166.5,144.64999389648438
2022-08-05T13:30:00.0,165.35000610351562,282.9100036621094,63.380001068115234,42.19333267211914,165.0399932861328,144.72000122070312
2022-08-08T13:30:00.0,164.8699951171875,280.32000732421875,62.970001220703125,42.53666687011719,165.88999938964844,145.27000427246094
2022-08-09T13:30:00.0,164.9199981689453,282.29998779296875,63.04999923706055,42.956668853759766,164.85000610351562,144.92999267578125
2022-08-10T13:30:00.0,169.24000549316406,289.1600036621094,63.650001525878906,43.04666519165039,169.02000427246094,146.3000030517578
2022-08-11T13:30:00.0,168.49000549316406,287.0199890136719,63.220001220703125,43.27333450317383,167.8800048828125,145.25999450683594
2022-08-12T13:30:00.0,172.10000610351562,291.9100036621094,63.70000076293945,44.073333740234375,169.99000549316406,146.6699981689453
2022-08-15T13:30:00.0,173.19000244140625,293.4700012207031,64.5,44.20000076293945,170.47000122070312,148.55999755859375
2022-08-16T13:30:00.0,173.02999877929688,292.7099914550781,65.02999877929688,46.456668853759766,172.0800018310547,149.92999267578125
2022-08-17T13:30:00.0,174.5500030517578,291.32000732421875,64.87999725341797,46.50666809082031,167.1999969482422,149.24000549316406
2022-08-18T13:30:00.0,174.14999389648438,290.1700134277344,65.22000122070312,46.356666564941406,168.69000244140625,149.77000427246094
2022-08-19T13:30:00.0,171.52000427246094,286.1499938964844,65.16999816894531,45.67333221435547,162.9199981689453,149.72999572753906
2022-08-22T13:30:00.0,167.57000732421875,277.75,64.19999694824219,44.856666564941406,158.97999572753906,149.3300018310547
2022-08-23T13:30:00.0,167.22999572753906,276.44000244140625,64.2699966430664,44.66666793823242,160.07000732421875,146.4499969482422
2022-08-24T13:30:00.0,167.52999877929688,275.7900085449219,64.36000061035156,44.9900016784668,163.60000610351562,145.82000732421875
2022-08-25T13:30:00.0,170.02999877929688,278.8500061035156,64.66999816894531,45.290000915527344,169.3800048828125,145.6999969482422
2022-08-26T13:30:00.0,163.6199951171875,268.0899963378906,63.11000061035156,43.866668701171875,164.52999877929688,142.2899932861328
2022-08-29T13:30:00.0,161.3800048828125,265.2300109863281,62.72999954223633,44.293331146240234,165.4199981689453,141.69000244140625
2022-08-30T13:30:00.0,158.91000366210938,262.9700012207031,62.150001525878906,44.15999984741211,162.2100067138672,140.17999267578125
2022-08-31T13:30:00.0,157.22000122070312,261.4700012207031,61.709999084472656,44.18333435058594,160.25,137.94000244140625
2022-09-01T13:30:00.0,157.9600067138672,260.3999938964844,62.0,44.82666778564453,153.66000366210938,139.63999938964844
2022-09-02T13:30:00.0,155.80999755859375,256.05999755859375,61.150001525878906,44.33333206176758,151.82000732421875,137.16000366210938
2022-09-06T13:30:00.0,154.52999877929688,253.25,61.18000030517578,44.11333465576172,152.38999938964844,135.6300048828125
2022-09-07T13:30:00.0,155.9600067138672,258.0899963378906,62.310001373291016,45.246665954589844,155.9499969482422,137.67999267578125
2022-09-08T13:30:00.0,154.4600067138672,258.5199890136719,62.119998931884766,45.47666549682617,157.7899932861328,137.86000061035156
2022-09-09T13:30:00.0,157.3699951171875,264.4599914550781,62.31999969482422,45.61333465576172,157.52000427246094,139.9600067138672
2022-09-12T13:30:00.0,163.42999267578125,266.6499938964844,62.5,46.02333450317383,158.72000122070312,141.10000610351562
2022-09-13T13:30:00.0,153.83999633789062,251.99000549316406,60.470001220703125,45.073333740234375,147.30999755859375,138.17999267578125
2022-09-14T13:30:00.0,155.30999755859375,252.22000122070312,60.790000915527344,44.973331451416016,149.25999450683594,138.50999450683594
2022-09-15T13:30:00.0,152.3699951171875,245.3800048828125,59.529998779296875,44.4900016784668,149.77999877929688,137.44000244140625
2022-09-16T13:30:00.0,150.6999969482422,244.74000549316406,59.540000915527344,44.39666748046875,144.2899932861328,138.27999877929688
2022-09-19T13:30:00.0,154.47999572753906,244.52000427246094,59.9900016784668,44.776668548583984,144.8800048828125,137.99000549316406
2022-09-20T13:30:00.0,156.89999389648438,242.4499969482422,59.900001525878906,44.516666412353516,145.94000244140625,137.5
2022-09-21T13:30:00.0,153.72000122070312,238.9499969482422,59.400001525878906,44.92333221435547,143.2899932861328,135.72999572753906
2022-09-22T13:30:00.0,152.74000549316406,240.97999572753906,59.2599983215332,44.46333312988281,138.7100067138672,136.2100067138672
2022-09-23T13:30:00.0,150.42999267578125,237.9199981689453,58.599998474121094,43.35333251953125,131.25999450683594,135.5800018310547
2022-09-26T13:30:00.0,150.77000427246094,237.4499969482422,57.869998931884766,43.77000045776367,127.33999633789062,135.7100067138672
2022-09-27T13:30:00.0,151.75999450683594,236.41000366210938,56.380001068115234,43.650001525878906,127.51000213623047,131.97999572753906
2022-09-28T13:30:00.0,149.83999633789062,241.07000732421875,56.97999954223633,44.369998931884766,133.44000244140625,131.97999572753906
2022-09-29T13:30:00.0,142.47999572753906,237.5,56.56999969482422,44.08333206176758,125.33000183105469,128.6999969482422
2022-09-30T13:30:00.0,138.1999969482422,232.89999389648438,56.02000045776367,43.233333587646484,121.08000183105469,126.25
2022-10-03T13:30:00.0,142.4499969482422,240.74000549316406,56.650001525878906,44.176666259765625,126.05000305175781,128.50999450683594
2022-10-04T13:30:00.0,146.10000610351562,248.8800048828125,56.779998779296875,44.75,133.50999450683594,130.10000610351562
2022-10-05T13:30:00.0,146.39999389648438,249.1999969482422,56.2400016784668,44.30666732788086,132.11000061035156,129.1999969482422
2022-10-06T13:30:00.0,145.42999267578125,246.7899932861328,55.029998779296875,43.893333435058594,132.1999969482422,126.4800033569336
2022-10-07T13:30:00.0,140.08999633789062,234.24000549316406,54.5099983215332,42.85333251953125,129.7899932861328,124.2699966430664
2022-10-10T13:30:00.0,140.4199981689453,229.25,54.38999938964844,43.106666564941406,131.89999389648438,123.76000213623047
2022-10-11T13:30:00.0,138.97999572753906,225.41000366210938,54.47999954223633,44.223331451416016,131.57000732421875,124.2300033569336
2022-10-12T13:30:00.0,138.33999633789062,225.75,55.13999938964844,43.723331451416016,130.4199981689453,124.43000030517578
2022-10-13T13:30:00.0,142.99000549316406,234.24000549316406,55.869998931884766,44.09333419799805,132.39999389648438,126.30999755859375
2022-10-14T13:30:00.0,138.3800048828125,228.55999755859375,54.97999954223633,43.47666549682617,133.14999389648438,125.08000183105469
2022-10-17T13:30:00.0,142.41000366210938,237.52999877929688,55.689998626708984,43.790000915527344,136.08999633789062,127.33999633789062
2022-10-18T13:30:00.0,143.75,238.5,56.439998626708984,44.71333312988281,137.33999633789062,128.3699951171875
2022-10-19T13:30:00.0,143.86000061035156,236.47999572753906,55.959999084472656,44.586666107177734,138.38999938964844,129.55999755859375
2022-10-20T13:30:00.0,143.38999938964844,236.14999389648438,55.08000183105469,44.6966667175293,139.1300048828125,126.98999786376953
2022-10-21T13:30:00.0,147.27000427246094,242.1199951171875,55.959999084472656,45.599998474121094,141.32000732421875,128.5800018310547
2022-10-24T13:30:00.0,149.4499969482422,247.25,57.56999969482422,46.470001220703125,142.0500030517578,129.3699951171875
2022-10-25T13:30:00.0,152.33999633789062,250.66000366210938,58.95000076293945,46.689998626708984,146.64999389648438,130.86000061035156
2022-10-26T13:30:00.0,149.35000610351562,231.32000732421875,59.38999938964844,47.04666519165039,133.7899932861328,131.77999877929688
2022-10-27T13:30:00.0,144.8000030517578,226.75,59.529998779296875,46.90999984741211,139.75999450683594,131.8800048828125
2022-10-28T13:30:00.0,155.74000549316406,235.8699951171875,60.7599983215332,47.503334045410156,143.83999633789062,135.22000122070312
2022-10-31T13:30:00.0,153.33999633789062,232.1300048828125,59.849998474121094,47.44333267211914,142.50999450683594,134.6699981689453
2022-11-01T13:30:00.0,150.64999389648438,228.1699981689453,59.63999938964844,47.22999954223633,143.3800048828125,134.8800048828125
2022-11-02T13:30:00.0,145.02999877929688,220.10000610351562,58.810001373291016,46.91666793823242,147.41000366210938,132.94000244140625
2022-11-03T13:30:00.0,138.8800048828125,214.25,58.779998779296875,46.90666580200195,156.75,132.02999877929688
2022-11-04T13:30:00.0,138.3800048828125,221.38999938964844,59.2599983215332,46.9900016784668,160.00999450683594,134.44000244140625
2022-11-07T14:30:00.0,138.9199981689453,227.8699951171875,59.4900016784668,47.483333587646484,164.91000366210938,136.5
2022-11-08T14:30:00.0,139.5,228.8699951171875,59.599998474121094,47.5966682434082,169.6199951171875,136.80999755859375
2022-11-09T14:30:00.0,134.8699951171875,224.50999450683594,58.77000045776367,46.4900016784668,168.74000549316406,136.47999572753906
2022-11-10T14:30:00.0,146.8699951171875,242.97999572753906,60.880001068115234,47.45333480834961,177.5800018310547,141.17999267578125
2022-11-11T14:30:00.0,149.6999969482422,247.11000061035156,61.31999969482422,47.526668548583984,177.49000549316406,140.97000122070312
2022-11-14T14:30:00.0,148.27999877929688,241.5500030517578,60.72999954223633,46.130001068115234,173.5500030517578,140.97999572753906
2022-11-15T14:30:00.0,150.0399932861328,241.97000122070312,60.630001068115234,49.14666748046875,175.35000610351562,140.49000549316406
2022-11-16T14:30:00.0,148.7899932861328,241.72999572753906,60.52000045776367,49.5,172.69000244140625,141.74000549316406
2022-11-17T14:30:00.0,150.72000122070312,241.67999267578125,60.709999084472656,49.33333206176758,172.77999877929688,140.8699951171875
2022-11-18T14:30:00.0,151.2899932861328,241.22000122070312,61.13999938964844,50.07666778564453,173.88999938964844,142.57000732421875
2022-11-21T14:30:00.0,148.00999450683594,242.0500030517578,62.08000183105469,50.383331298828125,172.94000244140625,144.3800048828125
2022-11-22T14:30:00.0,150.17999267578125,245.02999877929688,62.349998474121094,50.563331604003906,172.5,145.6199951171875
2022-11-23T14:30:00.0,151.07000732421875,247.5800018310547,62.630001068115234,50.80666732788086,174.85000610351562,146.4499969482422
2022-11-25T14:30:00.0,148.11000061035156,247.49000549316406,62.689998626708984,51.02333450317383,178.36000061035156,146.72000122070312
2022-11-28T14:30:00.0,144.22000122070312,241.75999450683594,62.70000076293945,51.16999816894531,171.8300018310547,146.60000610351562
2022-11-29T14:30:00.0,141.1699981689453,240.3300018310547,62.47999954223633,50.9900016784668,175.32000732421875,145.47999572753906
2022-11-30T14:30:00.0,148.02999877929688,255.13999938964844,63.61000061035156,50.80666732788086,178.8800048828125,149.16000366210938
2022-12-01T14:30:00.0,148.30999755859375,254.69000244140625,63.790000915527344,51.12333297729492,175.77999877929688,149.25
2022-12-02T14:30:00.0,147.80999755859375,255.02000427246094,64.3499984741211,51.073333740234375,182.8699951171875,150.61000061035156
2022-12-05T14:30:00.0,146.6300048828125,250.1999969482422,63.470001220703125,50.54999923706055,185.10000610351562,149.08999633789062
2022-12-06T14:30:00.0,142.91000366210938,245.1199951171875,63.439998626708984,49.96333312988281,178.42999267578125,149.27999877929688
2022-12-07T14:30:00.0,140.94000244140625,244.3699951171875,63.540000915527344,49.70333480834961,176.5,150.24000549316406
2022-12-08T14:30:00.0,142.64999389648438,247.39999389648438,63.810001373291016,49.59333419799805,179.0800018310547,151.32000732421875
2022-12-09T14:30:00.0,142.16000366210938,245.4199981689453,63.13999938964844,48.436668395996094,179.5399932861328,150.9199981689453
2022-12-12T14:30:00.0,144.49000549316406,252.50999450683594,63.970001220703125,49.34000015258789,186.27000427246094,152.47000122070312
2022-12-13T14:30:00.0,145.47000122070312,256.9200134277344,63.9900016784668,49.163333892822266,187.1300048828125,152.24000549316406
2022-12-14T14:30:00.0,143.2100067138672,257.2200012207031,63.9900016784668,48.88999938964844,188.25,152.83999633789062
2022-12-15T14:30:00.0,136.5,249.00999450683594,63.11000061035156,48.45333480834961,183.72000122070312,151.11000061035156
2022-12-16T14:30:00.0,134.50999450683594,244.69000244140625,62.75,47.58333206176758,184.6999969482422,150.44000244140625
2022-12-19T14:30:00.0,132.3699951171875,240.4499969482422,62.84000015258789,47.599998474121094,185.67999267578125,150.39999389648438
2022-12-20T14:30:00.0,132.3000030517578,241.8000030517578,62.790000915527344,48.016666412353516,188.2899932861328,150.4600067138672
2022-12-21T14:30:00.0,135.4499969482422,244.42999267578125,63.79999923706055,48.393333435058594,196.0,151.83999633789062
2022-12-22T14:30:00.0,132.22999572753906,238.19000244140625,63.34000015258789,47.82666778564453,188.25,152.19000244140625
2022-12-23T14:30:00.0,131.86000061035156,238.72999572753906,63.81999969482422,47.92333221435547,189.05999755859375,152.6199951171875
2022-12-27T14:30:00.0,130.02999877929688,236.9600067138672,64.20999908447266,47.936668395996094,189.39999389648438,153.9499969482422
2022-12-28T14:30:00.0,126.04000091552734,234.52999877929688,63.56999969482422,47.0966682434082,188.3800048828125,151.9600067138672
2022-12-29T14:30:00.0,129.61000061035156,241.00999450683594,63.95000076293945,47.383331298828125,188.91000366210938,152.58999633789062
2022-12-30T14:30:00.0,129.92999267578125,239.82000732421875,63.61000061035156,47.26333236694336,190.49000549316406,151.55999755859375
2023-01-03T14:30:00.0,125.06999969482422,239.5800018310547,62.95000076293945,47.866668701171875,195.38999938964844,151.57000732421875
2023-01-04T14:30:00.0,126.36000061035156,229.10000610351562,62.91999816894531,47.91999816894531,203.63999938964844,152.22999572753906
2023-01-05T14:30:00.0,125.0199966430664,222.30999755859375,62.20000076293945,47.75666809082031,204.99000549316406,150.33999633789062
2023-01-06T14:30:00.0,129.6199951171875,224.92999267578125,63.400001525878906,48.926666259765625,213.0,153.9199981689453
2023-01-09T14:30:00.0,130.14999389648438,227.1199951171875,62.61000061035156,48.31666564941406,208.57000732421875,152.0399932861328
2023-01-10T14:30:00.0,130.72999572753906,228.85000610351562,62.130001068115234,48.28666687011719,206.69000244140625,151.88999938964844
2023-01-11T14:30:00.0,133.49000549316406,235.77000427246094,62.0099983215332,48.709999084472656,208.02999877929688,150.66000366210938
2023-01-12T14:30:00.0,133.41000366210938,238.50999450683594,61.209999084472656,48.27000045776367,214.32000732421875,149.80999755859375
2023-01-13T14:30:00.0,134.75999450683594,239.22999572753906,61.43000030517578,48.43000030517578,214.1300048828125,150.8800048828125
2023-01-17T14:30:00.0,135.94000244140625,240.35000610351562,61.68000030517578,48.13666534423828,211.41000366210938,150.44000244140625
2023-01-18T14:30:00.0,135.2100067138672,235.80999755859375,59.810001373291016,46.9466667175293,209.41000366210938,146.41000366210938
2023-01-19T14:30:00.0,135.27000427246094,231.92999267578125,59.720001220703125,46.276668548583984,207.08999633789062,142.4199981689453
2023-01-20T14:30:00.0,137.8699951171875,240.22000122070312,60.08000183105469,46.8466682434082,206.75999450683594,142.97000122070312
2023-01-23T14:30:00.0,141.11000061035156,242.5800018310547,60.22999954223633,47.54666519165039,209.97000122070312,141.0500030517578
2023-01-24T14:30:00.0,142.52999877929688,242.0399932861328,60.54999923706055,47.67333221435547,211.97999572753906,141.82000732421875
2023-01-25T14:30:00.0,141.86000061035156,240.61000061035156,60.93000030517578,47.4466667175293,212.67999267578125,141.72000122070312
2023-01-26T14:30:00.0,143.9600067138672,248.0,60.810001373291016,47.4033317565918,212.72999572753906,141.14999389648438
2023-01-27T14:30:00.0,145.92999267578125,248.16000366210938,60.4900016784668,47.766666412353516,211.1699981689453,140.57000732421875
2023-01-30T14:30:00.0,143.0,242.7100067138672,60.63999938964844,47.383331298828125,209.6699981689453,141.00999450683594
2023-01-31T14:30:00.0,144.2899932861328,247.80999755859375,61.31999969482422,47.956668853759766,213.0,142.3800048828125
2023-02-01T14:30:00.0,145.42999267578125,252.75,61.33000183105469,48.223331451416016,214.75,143.19000244140625
2023-02-02T14:30:00.0,150.82000732421875,264.6000061035156,60.279998779296875,47.87333297729492,209.33999633789062,142.1699981689453
2023-02-03T14:30:00.0,154.5,258.3500061035156,59.83000183105469,47.23666763305664,206.00999450683594,142.61000061035156
2023-02-06T14:30:00.0,151.72999572753906,256.7699890136719,60.16999816894531,46.893333435058594,206.80999755859375,141.39999389648438
2023-02-07T14:30:00.0,154.64999389648438,267.55999755859375,60.06999969482422,46.99333190917969,214.75999450683594,140.02000427246094
2023-02-08T14:30:00.0,151.9199981689453,266.7300109863281,59.720001220703125,46.7400016784668,213.5,138.57000732421875
2023-02-09T14:30:00.0,150.8699951171875,263.6199951171875,59.619998931884766,47.17333221435547,211.99000549316406,137.0500030517578
2023-02-10T14:30:00.0,151.00999450683594,263.1000061035156,59.619998931884766,47.90666580200195,212.88999938964844,138.25999450683594
2023-02-13T14:30:00.0,153.85000610351562,271.32000732421875,60.599998474121094,48.63666534423828,215.64999389648438,140.07000732421875
2023-02-14T14:30:00.0,153.1999969482422,272.1700134277344,59.59000015258789,48.496665954589844,218.4499969482422,139.27999877929688
2023-02-15T14:30:00.0,155.3300018310547,269.32000732421875,59.59000015258789,48.856666564941406,217.44000244140625,138.9600067138672
2023-02-16T14:30:00.0,153.7100067138672,262.1499938964844,59.220001220703125,48.09000015258789,212.2100067138672,137.13999938964844
2023-02-17T14:30:00.0,152.5500030517578,258.05999755859375,60.119998931884766,48.813331604003906,211.66000366210938,140.00999450683594
2023-02-21T14:30:00.0,148.47999572753906,252.6699981689453,59.79999923706055,49.11000061035156,205.52000427246094,139.91000366210938
2023-02-22T14:30:00.0,148.91000366210938,251.50999450683594,59.97999954223633,48.08000183105469,205.75999450683594,140.5
2023-02-23T14:30:00.0,149.39999389648438,254.77000427246094,60.09000015258789,47.36333465576172,208.1300048828125,140.0500030517578
2023-02-24T14:30:00.0,146.7100067138672,249.22000122070312,59.84000015258789,47.4900016784668,198.14999389648438,139.25999450683594
2023-02-27T14:30:00.0,147.9199981689453,250.16000366210938,59.81999969482422,47.14666748046875,200.4600067138672,139.13999938964844
2023-02-28T14:30:00.0,147.41000366210938,249.4199981689453,59.5099983215332,47.37666702270508,201.5500030517578,137.55999755859375
2023-03-01T14:30:00.0,145.30999755859375,246.27000427246094,58.86000061035156,46.71666717529297,204.5500030517578,137.66000366210938
2023-03-02T14:30:00.0,145.91000366210938,251.11000061035156,59.720001220703125,46.83333206176758,210.05999755859375,139.92999267578125
2023-03-03T14:30:00.0,151.02999877929688,255.2899932861328,59.439998626708984,46.88999938964844,215.11000061035156,140.9499969482422
2023-03-06T14:30:00.0,153.8300018310547,256.8699951171875,60.36000061035156,46.883331298828125,211.9199981689453,140.35000610351562
2023-03-07T14:30:00.0,151.60000610351562,254.14999389648438,60.0099983215332,46.41666793823242,207.9199981689453,137.55999755859375
2023-03-08T14:30:00.0,152.8699951171875,253.6999969482422,60.040000915527344,46.03333282470703,207.1999969482422,137.5800018310547
2023-03-09T14:30:00.0,150.58999633789062,252.32000732421875,59.459999084472656,45.723331451416016,201.24000549316406,136.57000732421875
2023-03-10T14:30:00.0,148.5,248.58999633789062,59.209999084472656,45.65666580200195,203.07000732421875,137.19000244140625
2023-03-13T13:30:00.0,150.47000122070312,253.9199981689453,59.810001373291016,45.790000915527344,203.3699951171875,138.13999938964844
2023-03-14T13:30:00.0,152.58999633789062,260.7900085449219,60.029998779296875,46.03333282470703,207.27999877929688,139.85000610351562
2023-03-15T13:30:00.0,152.99000549316406,265.44000244140625,60.43000030517578,46.54666519165039,198.2100067138672,141.8300018310547
2023-03-16T13:30:00.0,155.85000610351562,276.20001220703125,60.29999923706055,46.09333419799805,203.19000244140625,142.88999938964844
2023-03-17T13:30:00.0,155.0,279.42999267578125,60.02000045776367,46.46666717529297,201.0500030517578,142.92999267578125
2023-03-20T13:30:00.0,157.39999389648438,272.2300109863281,60.599998474121094,46.96666717529297,204.77000427246094,145.1300048828125
2023-03-21T13:30:00.0,159.27999877929688,273.7799987792969,60.31999969482422,46.80666732788086,204.6999969482422,144.0800018310547
2023-03-22T13:30:00.0,157.8300018310547,272.2900085449219,60.04999923706055,46.50666809082031,196.16000366210938,143.99000549316406
2023-03-23T13:30:00.0,158.92999267578125,277.6600036621094,59.91999816894531,46.883331298828125,197.89999389648438,143.7899932861328
2023-03-24T13:30:00.0,160.25,280.57000732421875,60.900001525878906,47.266666412353516,197.52999877929688,146.72000122070312
2023-03-27T13:30:00.0,158.27999877929688,276.3800048828125,61.349998474121094,48.05666732788086,200.57000732421875,145.9499969482422
2023-03-28T13:30:00.0,157.64999389648438,275.2300109863281,61.41999816894531,47.869998931884766,204.9600067138672,146.36000061035156
2023-03-29T13:30:00.0,160.77000427246094,280.510009765625,61.86000061035156,48.07666778564453,207.97000122070312,146.80999755859375
2023-03-30T13:30:00.0,162.36000061035156,284.04998779296875,61.849998474121094,48.55666732788086,211.0399932861328,147.4499969482422
2023-03-31T13:30:00.0,164.89999389648438,288.29998779296875,62.029998779296875,49.150001525878906,212.42999267578125,148.69000244140625
2023-04-03T13:30:00.0,166.1699981689453,287.2300109863281,62.400001525878906,49.563331604003906,215.38999938964844,149.50999450683594
2023-04-04T13:30:00.0,165.6300048828125,287.17999267578125,62.209999084472656,49.07666778564453,213.89999389648438,150.22999572753906
2023-04-05T13:30:00.0,163.75999450683594,284.3399963378906,62.79999923706055,49.88999938964844,210.0,151.25999450683594
2023-04-06T13:30:00.0,164.66000366210938,291.6000061035156,62.84000015258789,50.266666412353516,211.3699951171875,152.22000122070312
2023-04-10T13:30:00.0,162.02999877929688,289.3900146484375,62.689998626708984,50.16999816894531,210.77999877929688,150.9600067138672
2023-04-11T13:30:00.0,160.8000030517578,282.8299865722656,62.58000183105469,50.02333450317383,212.32000732421875,150.66000366210938
2023-04-12T13:30:00.0,160.10000610351562,283.489990234375,62.689998626708984,49.779998779296875,212.33999633789062,151.07000732421875
2023-04-13T13:30:00.0,165.55999755859375,289.8399963378906,63.150001525878906,49.83000183105469,213.58999633789062,151.77000427246094
2023-04-14T13:30:00.0,165.2100067138672,286.1400146484375,63.04999923706055,49.49333190917969,201.7100067138672,151.0
2023-04-17T13:30:00.0,165.22999572753906,288.79998779296875,63.459999084472656,49.84000015258789,205.02999877929688,151.0500030517578
2023-04-18T13:30:00.0,166.47000122070312,288.3699951171875,63.560001373291016,49.95000076293945,208.3699951171875,151.2100067138672
2023-04-19T13:30:00.0,167.6300048828125,288.45001220703125,63.68000030517578,50.003334045410156,208.7100067138672,151.24000549316406
2023-04-20T13:30:00.0,166.64999389648438,286.1099853515625,63.959999084472656,50.323333740234375,207.22999572753906,150.85000610351562
2023-04-21T13:30:00.0,165.02000427246094,285.760009765625,64.05000305175781,50.57666778564453,205.14999389648438,156.07000732421875
2023-04-24T13:30:00.0,165.3300018310547,281.7699890136719,63.95000076293945,50.91999816894531,205.77000427246094,156.35000610351562
2023-04-25T13:30:00.0,163.77000427246094,275.4200134277344,63.849998474121094,50.52333450317383,202.19000244140625,156.38999938964844
2023-04-26T13:30:00.0,163.75999450683594,295.3699951171875,63.54999923706055,50.3033332824707,203.02999877929688,154.5800018310547
2023-04-27T13:30:00.0,168.41000366210938,304.8299865722656,63.68000030517578,50.459999084472656,206.0399932861328,156.47000122070312
2023-04-28T13:30:00.0,169.67999267578125,307.260009765625,64.1500015258789,50.323333740234375,206.77999877929688,156.3800048828125
2023-05-01T13:30:00.0,169.58999633789062,305.55999755859375,64.30000305175781,50.529998779296875,203.8699951171875,156.57000732421875
2023-05-02T13:30:00.0,168.5399932861328,305.4100036621094,64.01000213623047,50.393333435058594,203.25,156.42999267578125
2023-05-03T13:30:00.0,167.4499969482422,304.3999938964844,63.650001525878906,50.206668853759766,200.92999267578125,156.22999572753906
2023-05-04T13:30:00.0,165.7899932861328,305.4100036621094,63.720001220703125,50.15666580200195,197.0500030517578,155.50999450683594
2023-05-05T13:30:00.0,173.57000732421875,310.6499938964844,64.0199966430664,50.59000015258789,198.33999633789062,156.02999877929688
2023-05-08T13:30:00.0,173.5,308.6499938964844,63.91999816894531,50.90666580200195,197.25999450683594,155.3000030517578
2023-05-09T13:30:00.0,171.77000427246094,307.0,63.38999938964844,50.99333190917969,201.8800048828125,153.7100067138672
2023-05-10T13:30:00.0,173.55999755859375,312.30999755859375,63.5,50.849998474121094,200.83999633789062,154.02999877929688
2023-05-11T13:30:00.0,173.75,310.1099853515625,63.86000061035156,51.040000915527344,201.83999633789062,154.38999938964844
2023-05-12T13:30:00.0,172.57000732421875,308.9700012207031,64.11000061035156,51.02333450317383,200.6999969482422,155.9600067138672
2023-05-15T13:30:00.0,172.07000732421875,309.4599914550781,63.939998626708984,50.62666702270508,202.77000427246094,156.00999450683594
2023-05-16T13:30:00.0,172.07000732421875,311.739990234375,63.220001220703125,49.926666259765625,200.8699951171875,155.74000549316406
2023-05-17T13:30:00.0,172.69000244140625,314.0,63.150001525878906,49.84333419799805,206.8699951171875,155.0800018310547
2023-05-18T13:30:00.0,175.0500030517578,318.5199890136719,62.79999923706055,50.4900016784668,207.24000549316406,152.52999877929688
2023-05-19T13:30:00.0,175.16000366210938,318.3399963378906,62.83000183105469,49.970001220703125,205.49000549316406,153.1699981689453
2023-05-22T13:30:00.0,174.1999969482422,321.17999267578125,61.5099983215332,49.529998779296875,205.91000366210938,149.16000366210938
2023-05-23T13:30:00.0,171.55999755859375,315.260009765625,61.400001525878906,49.436668395996094,202.60000610351562,147.5500030517578
2023-05-24T13:30:00.0,171.83999633789062,313.8500061035156,60.880001068115234,49.209999084472656,199.27000427246094,146.3300018310547
2023-05-25T13:30:00.0,172.99000549316406,325.9200134277344,60.40999984741211,48.720001220703125,200.8699951171875,145.38999938964844
2023-05-26T13:30:00.0,175.42999267578125,332.8900146484375,60.2599983215332,48.80666732788086,203.6300048828125,145.39999389648438
2023-05-30T13:30:00.0,177.3000030517578,331.2099914550781,59.779998779296875,48.686668395996094,204.69000244140625,143.17999267578125
2023-05-31T13:30:00.0,177.25,328.3900146484375,59.65999984741211,48.956668853759766,205.6999969482422,142.5
2023-06-01T13:30:00.0,180.08999633789062,332.5799865722656,60.0,49.13666534423828,207.9600067138672,143.9600067138672
2023-06-02T13:30:00.0,180.9499969482422,335.3999938964844,61.15999984741211,49.606666564941406,213.32000732421875,146.52000427246094
2023-06-05T13:30:00.0,179.5800018310547,335.94000244140625,60.75,49.93333435058594,208.77999877929688,145.94000244140625
2023-06-06T13:30:00.0,179.2100067138672,333.67999267578125,60.310001373291016,49.926666259765625,207.2899932861328,144.49000549316406
2023-06-07T13:30:00.0,177.82000732421875,323.3800048828125,60.220001220703125,50.0,211.92999267578125,144.8000030517578
2023-06-08T13:30:00.0,180.57000732421875,325.260009765625,60.369998931884766,50.723331451416016,218.11000061035156,146.44000244140625
2023-06-09T13:30:00.0,180.9600067138672,326.7900085449219,60.470001220703125,51.029998779296875,217.30999755859375,146.55999755859375
2023-06-12T13:30:00.0,183.7899932861328,331.8500061035156,60.209999084472656,51.366668701171875,221.55999755859375,145.41000366210938
2023-06-13T13:30:00.0,183.30999755859375,334.2900085449219,60.45000076293945,51.766666412353516,220.3800048828125,145.05999755859375
2023-06-14T13:30:00.0,183.9499969482422,337.3399963378906,60.86000061035156,52.290000915527344,216.89999389648438,146.4199981689453
2023-06-15T13:30:00.0,186.00999450683594,348.1000061035156,61.22999954223633,52.57666778564453,219.41000366210938,148.4499969482422
2023-06-16T13:30:00.0,184.9199981689453,342.3299865722656,61.66999816894531,51.84333419799805,219.99000549316406,149.5399932861328
2023-06-20T13:30:00.0,185.00999450683594,338.04998779296875,61.2599983215332,51.38666534423828,212.3699951171875,148.16000366210938
2023-06-21T13:30:00.0,183.9600067138672,333.55999755859375,61.43000030517578,51.48666763305664,212.0800018310547,149.44000244140625
2023-06-22T13:30:00.0,187.0,339.7099914550781,61.849998474121094,51.91666793823242,205.61000061035156,149.9499969482422
2023-06-23T13:30:00.0,186.67999267578125,335.0199890136719,61.20000076293945,51.81999969482422,205.41000366210938,148.4600067138672
2023-06-26T13:30:00.0,185.27000427246094,328.6000061035156,61.220001220703125,51.68333435058594,205.5800018310547,148.61000061035156
2023-06-27T13:30:00.0,188.05999755859375,334.57000732421875,61.09000015258789,51.496665954589844,209.42999267578125,150.02000427246094
2023-06-28T13:30:00.0,189.25,335.8500061035156,60.52000045776367,51.776668548583984,210.72000122070312,149.99000549316406
2023-06-29T13:30:00.0,189.58999633789062,335.04998779296875,60.02000045776367,51.426666259765625,211.8300018310547,149.3800048828125
2023-06-30T13:30:00.0,193.97000122070312,340.5400085449219,60.220001220703125,52.393333435058594,211.16000366210938,151.74000549316406
2023-07-03T13:30:00.0,192.4600067138672,337.989990234375,60.58000183105469,52.733333587646484,210.9199981689453,152.5
2023-07-05T13:30:00.0,191.3300018310547,338.1499938964844,61.029998779296875,52.70333480834961,213.30999755859375,152.24000549316406
2023-07-06T13:30:00.0,191.80999755859375,341.2699890136719,60.560001373291016,52.369998931884766,212.6199951171875,151.99000549316406
2023-07-07T13:30:00.0,190.67999267578125,337.2200012207031,59.7599983215332,51.163333892822266,212.10000610351562,148.8000030517578
2023-07-10T13:30:00.0,188.61000061035156,331.8299865722656,59.310001373291016,51.62666702270508,213.30999755859375,148.86000061035156
2023-07-11T13:30:00.0,188.0800018310547,332.4700012207031,59.52000045776367,51.54999923706055,218.75999450683594,148.0800018310547
2023-07-12T13:30:00.0,189.77000427246094,337.20001220703125,59.84000015258789,51.68000030517578,217.11000061035156,148.85000610351562
2023-07-13T13:30:00.0,190.5399932861328,342.6600036621094,60.349998474121094,51.37666702270508,216.85000610351562,148.9499969482422
2023-07-14T13:30:00.0,190.69000244140625,345.239990234375,60.900001525878906,51.5533332824707,213.1199951171875,150.0500030517578
2023-07-17T13:30:00.0,193.99000549316406,345.7300109863281,60.810001373291016,51.616668701171875,211.8699951171875,148.99000549316406
2023-07-18T13:30:00.0,193.72999572753906,359.489990234375,60.56999969482422,51.52333450317383,211.57000732421875,149.27000427246094
2023-07-19T13:30:00.0,195.10000610351562,355.0799865722656,61.63999938964844,51.540000915527344,208.60000610351562,150.2899932861328
2023-07-20T13:30:00.0,193.1300048828125,346.8699951171875,62.38999938964844,52.49333190917969,213.61000061035156,150.55999755859375
2023-07-21T13:30:00.0,191.94000244140625,343.7699890136719,62.439998626708984,52.790000915527344,211.8000030517578,152.92999267578125
2023-07-24T13:30:00.0,192.75,345.1099853515625,62.459999084472656,53.099998474121094,215.8699951171875,153.4199981689453
2023-07-25T13:30:00.0,193.6199951171875,350.9800109863281,62.25,53.05666732788086,214.1199951171875,153.77999877929688
2023-07-26T13:30:00.0,194.5,337.7699890136719,63.04999923706055,53.246665954589844,232.8000030517578,153.94000244140625
2023-07-27T13:30:00.0,193.22000122070312,330.7200012207031,62.439998626708984,53.0533332824707,233.75,152.11000061035156
2023-07-28T13:30:00.0,195.8300018310547,338.3699951171875,62.47999954223633,53.3033332824707,238.69000244140625,156.41000366210938
2023-07-31T13:30:00.0,196.4499969482422,335.9200134277344,61.93000030517578,53.28666687011719,238.85000610351562,156.3000030517578
2023-08-01T13:30:00.0,195.61000061035156,336.3399963378906,61.77000045776367,53.03666687011719,238.00999450683594,156.25
2023-08-02T13:30:00.0,192.5800018310547,327.5,61.959999084472656,53.073333740234375,231.3800048828125,156.58999633789062
2023-08-03T13:30:00.0,191.1699981689453,326.6600036621094,61.63999938964844,53.086666107177734,231.36000061035156,157.0
2023-08-04T13:30:00.0,181.99000549316406,327.7799987792969,60.709999084472656,52.779998779296875,231.36000061035156,155.27999877929688
2023-08-07T13:30:00.0,178.85000610351562,330.1099853515625,61.189998626708984,53.496665954589844,238.25,156.9199981689453
2023-08-08T13:30:00.0,179.8000030517578,326.04998779296875,60.91999816894531,53.54999923706055,238.0399932861328,157.08999633789062
2023-08-09T13:30:00.0,178.19000244140625,322.2300109863281,61.060001373291016,53.63666534423828,237.86000061035156,156.88999938964844
2023-08-10T13:30:00.0,177.97000122070312,322.92999267578125,60.91999816894531,53.41999816894531,238.25999450683594,156.11000061035156
2023-08-11T13:30:00.0,177.7899932861328,321.010009765625,61.16999816894531,53.733333587646484,235.72000122070312,157.02000427246094
2023-08-14T13:30:00.0,179.4600067138672,324.0400085449219,60.880001068115234,53.33333206176758,236.7100067138672,155.7899932861328
2023-08-15T13:30:00.0,177.4499969482422,321.8599853515625,60.470001220703125,53.060001373291016,232.25999450683594,154.7899932861328
2023-08-16T13:30:00.0,176.57000732421875,320.3999938964844,60.47999954223633,53.086666107177734,229.9499969482422,153.2100067138672
2023-08-17T13:30:00.0,174.0,316.8800048828125,60.61000061035156,51.89666748046875,224.5399932861328,152.11000061035156
2023-08-18T13:30:00.0,174.49000549316406,316.4800109863281,60.95000076293945,52.643333435058594,226.64999389648438,152.5399932861328
2023-08-21T13:30:00.0,175.83999633789062,321.8800048828125,60.43000030517578,52.503334045410156,227.22000122070312,151.77000427246094
2023-08-22T13:30:00.0,177.22999572753906,322.4599914550781,60.060001373291016,52.336666107177734,230.07000732421875,151.8300018310547
2023-08-23T13:30:00.0,181.1199951171875,327.0,60.27000045776367,52.70000076293945,228.5800018310547,153.25
2023-08-24T13:30:00.0,176.3800048828125,319.9700012207031,60.11000061035156,52.29666519165039,217.30999755859375,152.5399932861328
2023-08-25T13:30:00.0,178.61000061035156,322.9800109863281,60.38999938964844,52.606666564941406,223.41000366210938,153.5399932861328
2023-08-28T13:30:00.0,180.19000244140625,323.70001220703125,60.560001373291016,52.90666580200195,227.05999755859375,153.77999877929688
2023-08-29T13:30:00.0,184.1199951171875,328.4100036621094,60.5,53.349998474121094,227.25,153.8699951171875
2023-08-30T13:30:00.0,187.64999389648438,328.7900085449219,60.470001220703125,53.733333587646484,228.85000610351562,154.0399932861328
2023-08-31T13:30:00.0,187.8699951171875,327.760009765625,59.83000183105469,54.20333480834961,224.02999877929688,154.33999633789062
2023-09-01T13:30:00.0,189.4600067138672,328.6600036621094,59.310001373291016,53.856666564941406,223.39999389648438,154.50999450683594
2023-09-05T13:30:00.0,189.6999969482422,333.54998779296875,58.81999969482422,53.42333221435547,222.57000732421875,152.44000244140625
2023-09-06T13:30:00.0,182.91000366210938,332.8800048828125,58.779998779296875,53.823333740234375,217.9499969482422,152.13999938964844
2023-09-07T13:30:00.0,177.55999755859375,329.9100036621094,58.33000183105469,54.4900016784668,216.0500030517578,153.58999633789062
2023-09-08T13:30:00.0,178.17999267578125,334.2699890136719,58.33000183105469,54.59000015258789,211.27000427246094,152.92999267578125
2023-09-11T13:30:00.0,179.36000061035156,337.94000244140625,58.880001068115234,54.779998779296875,211.00999450683594,154.75
2023-09-12T13:30:00.0,176.3000030517578,331.7699890136719,58.29999923706055,54.84000015258789,210.64999389648438,152.02999877929688
2023-09-13T13:30:00.0,174.2100067138672,336.05999755859375,58.439998626708984,54.85333251953125,208.39999389648438,153.08999633789062
2023-09-14T13:30:00.0,175.74000549316406,338.70001220703125,58.459999084472656,55.08333206176758,209.0500030517578,154.77000427246094
2023-09-15T13:30:00.0,175.00999450683594,330.2200012207031,57.939998626708984,54.880001068115234,208.11000061035156,153.47000122070312
2023-09-18T13:30:00.0,177.97000122070312,329.05999755859375,58.29999923706055,54.473331451416016,205.1199951171875,154.0500030517578
2023-09-19T13:30:00.0,179.07000732421875,328.6499938964844,58.18000030517578,54.459999084472656,204.47999572753906,153.60000610351562
2023-09-20T13:30:00.0,175.49000549316406,320.7699890136719,58.439998626708984,54.63666534423828,202.3699951171875,153.47000122070312
2023-09-21T13:30:00.0,173.92999267578125,319.5299987792969,57.540000915527344,53.973331451416016,199.9499969482422,152.13999938964844
2023-09-22T13:30:00.0,174.7899932861328,317.010009765625,57.599998474121094,54.116668701171875,197.7100067138672,151.5800018310547
2023-09-25T13:30:00.0,176.0800018310547,317.5400085449219,57.0,54.356666564941406,198.77999877929688,150.66000366210938
2023-09-26T13:30:00.0,171.9600067138672,312.1400146484375,56.529998779296875,54.16666793823242,195.63999938964844,149.32000732421875
2023-09-27T13:30:00.0,170.42999267578125,312.7900085449219,55.95000076293945,53.90666580200195,195.4600067138672,147.33999633789062
2023-09-28T13:30:00.0,170.69000244140625,313.6400146484375,55.810001373291016,54.18000030517578,190.42999267578125,146.33999633789062
2023-09-29T13:30:00.0,171.2100067138672,315.75,55.97999954223633,53.310001373291016,191.67999267578125,145.86000061035156
2023-10-02T13:30:00.0,173.75,321.79998779296875,55.47999954223633,53.366668701171875,187.8300018310547,145.19000244140625
2023-10-03T13:30:00.0,172.39999389648438,313.3900146484375,54.880001068115234,53.029998779296875,188.9199981689453,145.49000549316406
2023-10-04T13:30:00.0,173.66000366210938,318.9599914550781,55.040000915527344,53.66666793823242,186.72999572753906,145.97000122070312
2023-10-05T13:30:00.0,174.91000366210938,319.3599853515625,52.380001068115234,53.026668548583984,186.2899932861328,143.8000030517578
2023-10-06T13:30:00.0,177.49000549316406,327.260009765625,53.13999938964844,52.13666534423828,187.3800048828125,144.08999633789062
2023-10-09T13:30:00.0,178.99000549316406,329.82000732421875,52.880001068115234,51.9466667175293,188.49000549316406,143.36000061035156
2023-10-10T13:30:00.0,178.38999938964844,328.3900146484375,54.029998779296875,52.53333282470703,193.52999877929688,144.77999877929688
2023-10-11T13:30:00.0,179.8000030517578,332.4200134277344,53.709999084472656,52.74333190917969,196.07000732421875,143.0
2023-10-12T13:30:00.0,180.7100067138672,331.1600036621094,52.810001373291016,52.983333587646484,191.3000030517578,143.32000732421875
2023-10-13T13:30:00.0,178.85000610351562,327.7300109863281,52.88999938964844,53.276668548583984,184.91000366210938,144.69000244140625
2023-10-16T13:30:00.0,178.72000122070312,332.6400146484375,53.43000030517578,53.73666763305664,184.92999267578125,146.07000732421875
2023-10-17T13:30:00.0,177.14999389648438,332.05999755859375,54.06999969482422,53.80666732788086,185.60000610351562,146.25999450683594
2023-10-18T13:30:00.0,175.83999633789062,330.1099853515625,54.04999923706055,53.8466682434082,185.69000244140625,150.02999877929688
2023-10-19T13:30:00.0,175.4600067138672,331.32000732421875,54.349998474121094,53.59000015258789,182.7899932861328,148.25
2023-10-20T13:30:00.0,172.8800048828125,326.6700134277344,54.56999969482422,52.91999816894531,180.0399932861328,148.0500030517578
2023-10-23T13:30:00.0,173.0,329.32000732421875,54.08000183105469,53.66999816894531,181.02999877929688,148.14999389648438
2023-10-24T13:30:00.0,173.44000244140625,330.5299987792969,55.63999938964844,54.41666793823242,182.36000061035156,149.89999389648438
2023-10-25T13:30:00.0,171.10000610351562,340.6700134277344,56.119998931884766,54.253334045410156,177.72999572753906,150.60000610351562
2023-10-26T13:30:00.0,166.88999938964844,327.8900146484375,55.779998779296875,53.92333221435547,179.08999633789062,149.8000030517578
2023-10-27T13:30:00.0,168.22000122070312,329.80999755859375,55.2400016784668,53.723331451416016,179.69000244140625,147.16000366210938
2023-10-30T13:30:00.0,170.2899932861328,337.30999755859375,56.150001525878906,54.34000015258789,182.35000610351562,149.25999450683594
2023-10-31T13:30:00.0,170.77000427246094,338.1099853515625,56.4900016784668,54.470001220703125,186.82000732421875,150.02999877929688
2023-11-01T13:30:00.0,173.97000122070312,346.07000732421875,56.439998626708984,54.956668853759766,189.3800048828125,149.61000061035156
2023-11-02T13:30:00.0,177.57000732421875,348.32000732421875,57.09000015258789,55.17333221435547,192.00999450683594,151.44000244140625
2023-11-03T13:30:00.0,176.64999389648438,352.79998779296875,56.7400016784668,54.88666534423828,195.0500030517578,150.07000732421875
2023-11-06T14:30:00.0,179.22999572753906,356.5299987792969,56.970001220703125,54.959999084472656,192.9499969482422,150.94000244140625
2023-11-07T14:30:00.0,181.82000732421875,360.5299987792969,57.18000030517578,55.21666717529297,191.41000366210938,150.58999633789062
2023-11-08T14:30:00.0,182.88999938964844,363.20001220703125,57.09000015258789,54.766666412353516,191.8300018310547,150.00999450683594
2023-11-09T14:30:00.0,182.41000366210938,360.69000244140625,56.65999984741211,54.63999938964844,193.3300018310547,150.35000610351562
2023-11-10T14:30:00.0,186.39999389648438,369.6700134277344,56.720001220703125,55.39666748046875,196.64999389648438,151.41000366210938
2023-11-13T14:30:00.0,184.8000030517578,366.67999267578125,56.93000030517578,55.893333435058594,204.5399932861328,152.4600067138672
2023-11-14T14:30:00.0,187.44000244140625,370.2699890136719,57.099998474121094,55.883331298828125,207.47000122070312,152.1199951171875
2023-11-15T14:30:00.0,188.00999450683594,369.6700134277344,57.209999084472656,56.59333419799805,208.7100067138672,151.4199981689453
2023-11-16T14:30:00.0,189.7100067138672,376.1700134277344,57.150001525878906,52.01333236694336,206.60000610351562,152.8300018310547
2023-11-17T14:30:00.0,189.69000244140625,369.8500061035156,57.2599983215332,51.78333282470703,208.0399932861328,151.07000732421875
2023-11-20T14:30:00.0,191.4499969482422,377.44000244140625,57.400001525878906,51.766666412353516,217.7100067138672,150.27000427246094
2023-11-21T14:30:00.0,190.63999938964844,373.07000732421875,58.029998779296875,51.95333480834961,218.27000427246094,149.61000061035156
2023-11-22T14:30:00.0,191.30999755859375,377.8500061035156,58.41999816894531,51.55666732788086,219.91000366210938,151.02000427246094
2023-11-24T14:30:00.0,189.97000122070312,377.42999267578125,58.56999969482422,52.02000045776367,220.0,151.3800048828125
2023-11-27T14:30:00.0,189.7899932861328,378.6099853515625,58.459999084472656,52.25666809082031,219.3000030517578,151.24000549316406
2023-11-28T14:30:00.0,190.39999389648438,382.70001220703125,58.58000183105469,52.880001068115234,222.3699951171875,152.2899932861328
2023-11-29T14:30:00.0,189.3699951171875,378.8500061035156,58.22999954223633,52.026668548583984,224.42999267578125,151.1300048828125
2023-11-30T14:30:00.0,189.9499969482422,378.9100036621094,58.439998626708984,51.89666748046875,231.6300048828125,153.52000427246094
2023-12-01T14:30:00.0,191.24000549316406,374.510009765625,58.63999938964844,51.4466667175293,233.8699951171875,152.66000366210938
2023-12-04T14:30:00.0,189.42999267578125,369.1400146484375,58.56999969482422,51.43333435058594,234.8699951171875,152.05999755859375
2023-12-05T14:30:00.0,193.4199981689453,372.5199890136719,58.65999984741211,51.90999984741211,234.16000366210938,146.75999450683594
2023-12-06T14:30:00.0,192.32000732421875,368.79998779296875,58.599998474121094,51.3466682434082,236.88999938964844,146.64999389648438
2023-12-07T14:30:00.0,194.27000427246094,370.95001220703125,58.7400016784668,50.81999969482422,237.3300018310547,146.5
2023-12-08T14:30:00.0,195.7100067138672,374.2300109863281,58.61000061035156,50.28666687011719,244.6999969482422,145.14999389648438
2023-12-11T14:30:00.0,193.17999267578125,371.29998779296875,59.040000915527344,50.413333892822266,248.0800018310547,145.82000732421875
2023-12-12T14:30:00.0,194.7100067138672,374.3800048828125,59.41999816894531,50.45333480834961,248.6300048828125,145.94000244140625
2023-12-13T14:30:00.0,197.9600067138672,374.3699951171875,59.93000030517578,51.349998474121094,250.91000366210938,148.5800018310547
2023-12-14T14:30:00.0,198.11000061035156,365.92999267578125,59.040000915527344,50.723331451416016,256.239990234375,144.66000366210938
2023-12-15T14:30:00.0,197.57000732421875,370.7300109863281,58.599998474121094,50.913333892822266,264.2699890136719,143.9600067138672
2023-12-18T14:30:00.0,195.88999938964844,372.6499938964844,59.02000045776367,51.65666580200195,260.4100036621094,146.1699981689453
2023-12-19T14:30:00.0,196.94000244140625,373.260009765625,58.83000183105469,51.84333419799805,263.510009765625,146.1699981689453
2023-12-20T14:30:00.0,194.8300018310547,370.6199951171875,57.61000061035156,51.23666763305664,260.25,143.91000366210938
2023-12-21T14:30:00.0,194.67999267578125,373.5400085449219,57.9900016784668,51.599998474121094,262.0199890136719,144.25999450683594
2023-12-22T14:30:00.0,193.60000610351562,374.5799865722656,58.31999969482422,52.21666717529297,260.44000244140625,145.27999877929688
2023-12-26T14:30:00.0,193.0500030517578,374.6600036621094,58.560001373291016,52.13666534423828,262.7900085449219,145.94000244140625
2023-12-27T14:30:00.0,193.14999389648438,374.07000732421875,58.709999084472656,52.62666702270508,262.1000061035156,146.05999755859375
2023-12-28T14:30:00.0,193.5800018310547,375.2799987792969,58.75,52.52333450317383,260.3500061035156,145.72999572753906
2023-12-29T14:30:00.0,192.52999877929688,376.0400085449219,58.93000030517578,52.54999923706055,260.6600036621094,146.5399932861328
2024-01-02T14:30:00.0,185.63999938964844,370.8699951171875,59.81999969482422,53.0966682434082,251.75999450683594,148.74000549316406
2024-01-03T14:30:00.0,184.25,370.6000061035156,59.959999084472656,53.099998474121094,243.91000366210938,147.83999633789062
2024-01-04T14:30:00.0,181.91000366210938,367.94000244140625,59.7599983215332,52.586666107177734,244.94000244140625,148.64999389648438
2024-01-05T14:30:00.0,181.17999267578125,367.75,59.66999816894531,52.23666763305664,249.0,147.4199981689453
2024-01-08T14:30:00.0,185.55999755859375,374.69000244140625,60.11000061035156,52.75,229.0,148.69000244140625
2024-01-09T14:30:00.0,185.13999938964844,375.7900085449219,60.0,53.10333251953125,225.75999450683594,149.3000030517578
2024-01-10T14:30:00.0,186.19000244140625,382.7699890136719,60.20000076293945,53.76333236694336,227.83999633789062,149.94000244140625
2024-01-11T14:30:00.0,185.58999633789062,384.6300048828125,59.810001373291016,53.70333480834961,222.66000366210938,150.50999450683594
2024-01-12T14:30:00.0,185.9199981689453,388.4700012207031,60.38999938964844,53.77333450317383,217.6999969482422,150.60000610351562
2024-01-16T14:30:00.0,183.6300048828125,390.2699890136719,59.9900016784668,53.94333267211914,200.52000427246094,149.7899932861328
2024-01-17T14:30:00.0,182.67999267578125,389.4700012207031,59.9900016784668,53.689998626708984,203.05999755859375,149.94000244140625
2024-01-18T14:30:00.0,188.6300048828125,393.8699951171875,60.15999984741211,54.413333892822266,211.61000061035156,148.13999938964844
2024-01-19T14:30:00.0,191.55999755859375,398.6700134277344,59.83000183105469,54.12666702270508,215.02000427246094,147.57000732421875
2024-01-22T14:30:00.0,193.88999938964844,396.510009765625,59.56999969482422,54.130001068115234,214.92999267578125,147.86000061035156
2024-01-23T14:30:00.0,195.17999267578125,398.8999938964844,59.849998474121094,54.266666412353516,211.5,153.97999572753906
2024-01-24T14:30:00.0,194.5,402.55999755859375,58.90999984741211,53.5,214.1300048828125,152.1199951171875
2024-01-25T14:30:00.0,194.1699981689453,404.8699951171875,59.15999984741211,54.279998779296875,201.8800048828125,155.6199951171875
2024-01-26T14:30:00.0,192.4199981689453,403.92999267578125,59.369998931884766,54.75666809082031,205.47000122070312,156.13999938964844
2024-01-29T14:30:00.0,191.72999572753906,409.7200012207031,59.72999954223633,55.01333236694336,205.19000244140625,156.16000366210938
2024-01-30T14:30:00.0,188.0399932861328,408.5899963378906,59.900001525878906,55.1966667175293,200.44000244140625,157.49000549316406
2024-01-31T14:30:00.0,184.39999389648438,397.5799865722656,59.4900016784668,55.08333206176758,211.0399932861328,157.13999938964844
2024-02-01T14:30:00.0,186.86000061035156,403.7799987792969,60.97999954223633,56.10333251953125,209.80999755859375,159.17999267578125
2024-02-02T14:30:00.0,185.85000610351562,411.2200012207031,60.540000915527344,56.52333450317383,209.3800048828125,158.08999633789062
2024-02-05T14:30:00.0,187.67999267578125,405.6499938964844,60.040000915527344,56.220001220703125,206.6300048828125,158.2100067138672
2024-02-06T14:30:00.0,189.3000030517578,405.489990234375,59.939998626708984,56.60333251953125,208.5800018310547,158.9600067138672
2024-02-07T14:30:00.0,189.41000366210938,414.04998779296875,59.9900016784668,56.459999084472656,211.9199981689453,159.1199951171875
2024-02-08T14:30:00.0,188.32000732421875,414.1099853515625,59.83000183105469,56.456668853759766,209.22000122070312,158.63999938964844
2024-02-09T14:30:00.0,188.85000610351562,420.54998779296875,59.560001373291016,56.426666259765625,209.1999969482422,157.4199981689453
2024-02-12T14:30:00.0,187.14999389648438,415.260009765625,59.70000076293945,56.766666412353516,209.3300018310547,157.11000061035156
2024-02-13T14:30:00.0,185.0399932861328,406.32000732421875,59.349998474121094,56.380001068115234,204.4600067138672,156.27000427246094
2024-02-14T14:30:00.0,184.14999389648438,409.489990234375,59.290000915527344,56.20000076293945,203.3800048828125,155.6300048828125
2024-02-15T14:30:00.0,183.86000061035156,406.55999755859375,59.400001525878906,56.43000030517578,205.3300018310547,157.00999450683594
2024-02-16T14:30:00.0,182.30999755859375,404.05999755859375,59.38999938964844,56.78666687011719,203.88999938964844,157.50999450683594
2024-02-20T14:30:00.0,181.55999755859375,402.7900085449219,60.70000076293945,58.619998931884766,203.3699951171875,158.50999450683594
2024-02-21T14:30:00.0,182.32000732421875,402.17999267578125,61.2400016784668,57.900001525878906,201.57000732421875,160.39999389648438
2024-02-22T14:30:00.0,184.3699951171875,411.6499938964844,61.150001525878906,58.470001220703125,201.5,160.55999755859375
2024-02-23T14:30:00.0,182.52000427246094,410.3399963378906,61.20000076293945,58.52000045776367,200.8300018310547,161.02999877929688
2024-02-26T14:30:00.0,181.16000366210938,407.5400085449219,60.709999084472656,59.599998474121094,200.5399932861328,160.22000122070312
2024-02-27T14:30:00.0,182.6300048828125,407.4800109863281,60.34000015258789,59.59000015258789,201.39999389648438,159.3000030517578
2024-02-28T14:30:00.0,181.4199981689453,407.7200012207031,60.400001525878906,59.619998931884766,207.0,160.0500030517578
2024-02-29T14:30:00.0,180.75,413.6400146484375,60.02000045776367,58.61000061035156,203.72000122070312,158.94000244140625
2024-03-01T14:30:00.0,179.66000366210938,415.5,59.529998779296875,58.7599983215332,200.0,158.85000610351562
2024-03-04T14:30:00.0,175.10000610351562,414.9200134277344,59.810001373291016,59.29999923706055,200.5399932861328,159.55999755859375
2024-03-05T14:30:00.0,170.1199951171875,402.6499938964844,59.52000045776367,60.040000915527344,201.13999938964844,159.32000732421875
2024-03-06T14:30:00.0,169.1199951171875,402.0899963378906,59.54999923706055,60.56999969482422,201.0,159.57000732421875
2024-03-07T14:30:00.0,169.0,409.1400146484375,59.439998626708984,60.36000061035156,203.02999877929688,160.6199951171875
2024-03-08T14:30:00.0,170.72999572753906,406.2200012207031,59.52000045776367,60.119998931884766,198.49000549316406,160.35000610351562
2024-03-11T13:30:00.0,172.75,404.5199890136719,60.2400016784668,60.65999984741211,192.49000549316406,161.5500030517578
2024-03-12T13:30:00.0,173.22999572753906,415.2799987792969,60.5,61.40999984741211,184.24000549316406,161.92999267578125
2024-03-13T13:30:00.0,171.1300048828125,415.1000061035156,61.119998931884766,61.279998779296875,182.35000610351562,162.3000030517578
2024-03-14T13:30:00.0,173.0,425.2200012207031,60.5,61.02000045776367,181.14999389648438,161.5
2024-03-15T13:30:00.0,172.6199951171875,416.4200134277344,59.880001068115234,60.68000030517578,182.52999877929688,161.3800048828125
2024-03-18T13:30:00.0,173.72000122070312,417.32000732421875,60.130001068115234,60.86000061035156,179.83999633789062,161.2100067138672
2024-03-19T13:30:00.0,176.0800018310547,421.4100036621094,60.22999954223633,60.869998931884766,181.13999938964844,161.8300018310547
2024-03-20T13:30:00.0,178.6699981689453,425.2300109863281,60.75,61.25,187.77999877929688,161.99000549316406
2024-03-21T13:30:00.0,171.3699951171875,429.3699951171875,60.470001220703125,61.45000076293945,187.6999969482422,161.86000061035156
2024-03-22T13:30:00.0,172.27999877929688,428.739990234375,60.4900016784668,60.869998931884766,188.85000610351562,161.66000366210938
2024-03-25T13:30:00.0,170.85000610351562,422.8599853515625,60.400001525878906,60.56999969482422,191.41000366210938,160.19000244140625
2024-03-26T13:30:00.0,169.7100067138672,421.6499938964844,60.540000915527344,60.5099983215332,187.5,160.5500030517578
2024-03-27T13:30:00.0,173.30999755859375,421.42999267578125,61.029998779296875,60.720001220703125,191.9499969482422,162.61000061035156
2024-03-28T13:30:00.0,171.47999572753906,420.7200012207031,61.18000030517578,60.16999816894531,192.99000549316406,162.25
2024-04-01T13:30:00.0,170.02999877929688,424.57000732421875,60.68000030517578,60.0,189.5,160.5800018310547
2024-04-02T13:30:00.0,168.83999633789062,421.44000244140625,60.150001525878906,59.15999984741211,188.0399932861328,160.57000732421875
2024-04-03T13:30:00.0,169.64999389648438,420.45001220703125,59.83000183105469,59.43000030517578,184.9199981689453,156.14999389648438
2024-04-04T13:30:00.0,168.82000732421875,417.8800048828125,59.29999923706055,59.5,183.2899932861328,155.4499969482422
2024-04-05T13:30:00.0,169.5800018310547,425.5199890136719,59.5099983215332,59.849998474121094,183.13999938964844,156.10000610351562
2024-04-08T13:30:00.0,168.4499969482422,424.5899963378906,59.27000045776367,59.779998779296875,181.55999755859375,156.0399932861328
2024-04-09T13:30:00.0,169.6699981689453,426.2799987792969,59.720001220703125,59.790000915527344,178.1199951171875,156.66000366210938
2024-04-10T13:30:00.0,167.77999877929688,423.260009765625,58.91999816894531,60.619998931884766,174.6300048828125,157.24000549316406
2024-04-11T13:30:00.0,175.0399932861328,427.92999267578125,59.04999923706055,60.09000015258789,173.36000061035156,155.83999633789062
2024-04-12T13:30:00.0,176.5500030517578,421.8999938964844,58.279998779296875,60.13999938964844,169.5500030517578,155.3300018310547
2024-04-15T13:30:00.0,172.69000244140625,413.6400146484375,58.13999938964844,59.93000030517578,167.82000732421875,155.4499969482422
2024-04-16T13:30:00.0,169.3800048828125,414.5799865722656,58.060001373291016,59.84000015258789,170.5500030517578,155.9499969482422
2024-04-17T13:30:00.0,168.0,411.8399963378906,58.5099983215332,59.650001525878906,170.2100067138672,156.9600067138672
2024-04-18T13:30:00.0,167.0399932861328,404.2699890136719,58.90999984741211,59.2599983215332,170.22999572753906,157.2899932861328
2024-04-19T13:30:00.0,165.0,399.1199951171875,60.16999816894531,59.529998779296875,169.82000732421875,158.13999938964844
2024-04-22T13:30:00.0,165.83999633789062,400.9599914550781,60.54999923706055,60.13999938964844,170.47999572753906,160.5399932861328
2024-04-23T13:30:00.0,166.89999389648438,407.57000732421875,60.63999938964844,59.09000015258789,169.17999267578125,161.5
2024-04-24T13:30:00.0,169.02000427246094,409.05999755859375,61.54999923706055,59.869998931884766,164.3300018310547,162.60000610351562
2024-04-25T13:30:00.0,169.88999938964844,399.0400085449219,61.7400016784668,60.209999084472656,166.80999755859375,162.5500030517578
2024-04-26T13:30:00.0,169.3000030517578,406.32000732421875,61.7400016784668,60.15999984741211,167.22000122070312,161.2899932861328
2024-04-29T13:30:00.0,173.5,402.25,62.040000915527344,60.2400016784668,173.49000549316406,161.66000366210938
2024-04-30T13:30:00.0,170.3300018310547,389.3299865722656,61.77000045776367,59.349998474121094,167.83999633789062,163.1999969482422
2024-05-01T13:30:00.0,169.3000030517578,394.94000244140625,61.93000030517578,58.849998474121094,171.4600067138672,163.39999389648438
2024-05-02T13:30:00.0,173.02999877929688,397.8399963378906,61.9900016784668,59.709999084472656,178.85000610351562,163.83999633789062
2024-05-03T13:30:00.0,183.3800048828125,406.6600036621094,62.16999816894531,59.81999969482422,179.7899932861328,164.4600067138672
2024-05-06T13:30:00.0,181.7100067138672,413.5400085449219,62.349998474121094,59.869998931884766,178.35000610351562,164.44000244140625
2024-05-07T13:30:00.0,182.39999389648438,409.3399963378906,62.619998931884766,60.619998931884766,176.7100067138672,165.75999450683594
2024-05-08T13:30:00.0,182.74000549316406,410.5400085449219,62.849998474121094,60.29999923706055,180.35000610351562,165.07000732421875
2024-05-09T13:30:00.0,184.57000732421875,412.32000732421875,62.880001068115234,60.439998626708984,181.25,166.0399932861328
2024-05-10T13:30:00.0,183.0500030517578,414.739990234375,63.2599983215332,60.47999954223633,178.50999450683594,166.85000610351562
2024-05-13T13:30:00.0,186.27999877929688,413.7200012207031,63.58000183105469,60.40999984741211,178.44000244140625,165.8699951171875
2024-05-14T13:30:00.0,187.42999267578125,416.55999755859375,63.099998474121094,59.86000061035156,180.75999450683594,165.75999450683594
2024-05-15T13:30:00.0,189.72000122070312,423.0799865722656,63.130001068115234,59.83000183105469,176.99000549316406,166.50999450683594
2024-05-16T13:30:00.0,189.83999633789062,420.989990234375,63.31999969482422,64.01000213623047,182.9600067138672,167.86000061035156
2024-05-17T13:30:00.0,189.8699951171875,420.2099914550781,63.029998779296875,64.6500015258789,184.9499969482422,167.63999938964844
2024-05-20T13:30:00.0,191.0399932861328,425.3399963378906,62.56999969482422,64.18000030517578,186.61000061035156,167.30999755859375
2024-05-21T13:30:00.0,192.35000610351562,429.0400085449219,62.90999984741211,65.1500015258789,184.77999877929688,168.35000610351562
2024-05-22T13:30:00.0,190.89999389648438,430.5199890136719,63.0,65.25,186.27999877929688,167.80999755859375
2024-05-23T13:30:00.0,186.8800048828125,427.0,62.09000015258789,64.83999633789062,172.2100067138672,165.49000549316406
2024-05-24T13:30:00.0,189.97999572753906,430.1600036621094,62.0,65.37999725341797,174.52000427246094,165.3300018310547
2024-05-28T13:30:00.0,189.99000549316406,430.32000732421875,61.81999969482422,65.04000091552734,175.0800018310547,163.11000061035156
2024-05-29T13:30:00.0,190.2899932861328,429.1700134277344,61.70000076293945,64.91999816894531,171.64999389648438,161.64999389648438
2024-05-30T13:30:00.0,191.2899932861328,414.6700134277344,61.970001220703125,64.88999938964844,172.75,162.5800018310547
2024-05-31T13:30:00.0,192.25,415.1300048828125,62.93000030517578,65.76000213623047,177.61000061035156,164.5399932861328
2024-06-03T13:30:00.0,194.02999877929688,413.5199890136719,62.93000030517578,65.81999969482422,184.57000732421875,164.64999389648438
2024-06-04T13:30:00.0,194.35000610351562,416.07000732421875,63.939998626708984,66.5999984741211,188.6199951171875,167.00999450683594
2024-06-05T13:30:00.0,195.8699951171875,424.010009765625,63.91999816894531,67.08999633789062,189.85000610351562,166.0500030517578
2024-06-06T13:30:00.0,194.47999572753906,424.5199890136719,64.1500015258789,67.1500015258789,191.4199981689453,168.47000122070312
2024-06-07T13:30:00.0,196.88999938964844,423.8500061035156,63.90999984741211,65.87999725341797,190.24000549316406,167.05999755859375
2024-06-10T13:30:00.0,193.1199951171875,427.8699951171875,63.59000015258789,66.95999908447266,190.1199951171875,167.35000610351562
2024-06-11T13:30:00.0,207.14999389648438,432.67999267578125,63.54999923706055,66.7300033569336,185.5,167.47999572753906
2024-06-12T13:30:00.0,213.07000732421875,441.05999755859375,62.880001068115234,66.30999755859375,182.6699981689453,165.17999267578125
2024-06-13T13:30:00.0,214.24000549316406,441.5799865722656,62.9900016784668,66.69999694824219,180.6999969482422,166.41000366210938
2024-06-14T13:30:00.0,212.49000549316406,442.57000732421875,62.54999923706055,67.0199966430664,177.27000427246094,166.7899932861328
2024-06-17T13:30:00.0,216.6699981689453,448.3699951171875,62.619998931884766,67.41999816894531,178.38999938964844,167.5
2024-06-18T13:30:00.0,214.2899932861328,446.3399963378906,62.630001068115234,67.5999984741211,174.99000549316406,168.55999755859375
2024-06-20T13:30:00.0,209.67999267578125,445.70001220703125,62.18000030517578,68.01000213623047,176.3000030517578,167.6699981689453
2024-06-21T13:30:00.0,207.49000549316406,449.7799987792969,62.77000045776367,67.91000366210938,176.55999755859375,168.25999450683594
2024-06-24T13:30:00.0,208.13999938964844,447.6700134277344,63.970001220703125,68.9000015258789,179.10000610351562,168.4499969482422
2024-06-25T13:30:00.0,209.07000732421875,450.95001220703125,63.84000015258789,67.41999816894531,175.10000610351562,166.85000610351562
2024-06-26T13:30:00.0,213.25,452.1600036621094,64.05000305175781,68.29000091552734,178.5,167.4499969482422
2024-06-27T13:30:00.0,214.10000610351562,452.8500061035156,63.90999984741211,67.87999725341797,182.50999450683594,166.6199951171875
2024-06-28T13:30:00.0,210.6199951171875,446.95001220703125,63.650001525878906,67.70999908447266,182.00999450683594,164.9199981689453
2024-07-01T13:30:00.0,216.75,456.7300109863281,63.279998779296875,67.4800033569336,186.6999969482422,162.72000122070312
2024-07-02T13:30:00.0,220.27000427246094,459.2799987792969,63.150001525878906,68.06999969482422,185.4199981689453,163.89999389648438
2024-07-03T13:30:00.0,221.5500030517578,460.7699890136719,63.33000183105469,68.23999786376953,184.30999755859375,163.8300018310547
2024-07-05T13:30:00.0,226.33999633789062,467.55999755859375,63.7599983215332,70.04000091552734,184.8300018310547,165.2100067138672
2024-07-08T13:30:00.0,227.82000732421875,466.239990234375,62.959999084472656,69.68000030517578,185.83999633789062,166.52000427246094
2024-07-09T13:30:00.0,228.67999267578125,459.5400085449219,62.689998626708984,69.9000015258789,183.24000549316406,165.66000366210938
2024-07-10T13:30:00.0,232.97999572753906,466.25,62.83000183105469,70.41000366210938,183.72999572753906,166.8000030517578
2024-07-11T13:30:00.0,227.57000732421875,454.70001220703125,63.099998474121094,69.80000305175781,183.91000366210938,165.5399932861328
2024-07-12T13:30:00.0,230.5399932861328,453.54998779296875,63.70000076293945,69.23999786376953,182.30999755859375,166.61000061035156
2024-07-15T13:30:00.0,234.39999389648438,453.9599914550781,63.40999984741211,69.61000061035156,179.11000061035156,164.5800018310547
2024-07-16T13:30:00.0,234.82000732421875,449.5199890136719,64.2699966430664,69.98999786376953,186.0500030517578,166.9499969482422
2024-07-17T13:30:00.0,228.8800048828125,443.5199890136719,65.20999908447266,71.02999877929688,184.83999633789062,169.44000244140625
2024-07-18T13:30:00.0,224.17999267578125,440.3699951171875,65.19000244140625,70.81999969482422,180.22999572753906,168.44000244140625
2024-07-19T13:30:00.0,224.30999755859375,437.1099853515625,65.29000091552734,70.75,179.6699981689453,167.9600067138672
2024-07-22T13:30:00.0,223.9600067138672,442.94000244140625,64.7699966430664,70.37999725341797,178.89999389648438,168.25
2024-07-23T13:30:00.0,225.00999450683594,444.8500061035156,64.95999908447266,70.6500015258789,186.47999572753906,166.6199951171875
2024-07-24T13:30:00.0,218.5399932861328,428.8999938964844,65.80999755859375,70.5999984741211,180.07000732421875,168.0
2024-07-25T13:30:00.0,217.49000549316406,418.3999938964844,66.06999969482422,70.0199966430664,184.35000610351562,166.89999389648438
2024-07-26T13:30:00.0,217.9600067138672,425.2699890136719,67.05000305175781,69.77999877929688,186.88999938964844,169.11000061035156
2024-07-29T13:30:00.0,218.24000549316406,426.7300109863281,66.83000183105469,69.62000274658203,185.42999267578125,169.92999267578125
2024-07-30T13:30:00.0,218.8000030517578,422.9200134277344,67.68000030517578,69.19000244140625,186.86000061035156,161.6999969482422
2024-07-31T13:30:00.0,222.0800018310547,418.3500061035156,66.73999786376953,68.63999938964844,190.60000610351562,160.75999450683594
2024-08-01T13:30:00.0,218.36000061035156,417.1099853515625,67.95999908447266,69.79000091552734,178.30999755859375,165.69000244140625
2024-08-02T13:30:00.0,219.86000061035156,408.489990234375,69.33000183105469,68.45999908447266,169.9499969482422,170.0800018310547
2024-08-05T13:30:00.0,209.27000427246094,395.1499938964844,68.0999984741211,67.58999633789062,167.02999877929688,168.05999755859375
2024-08-06T13:30:00.0,207.22999572753906,399.6099853515625,68.05000305175781,67.73999786376953,165.0399932861328,168.08999633789062
2024-08-07T13:30:00.0,209.82000732421875,398.42999267578125,68.45999908447266,66.91000366210938,163.24000549316406,170.02000427246094
2024-08-08T13:30:00.0,213.30999755859375,402.69000244140625,68.7300033569336,67.66000366210938,168.8699951171875,170.8699951171875
2024-08-09T13:30:00.0,216.24000549316406,406.0199890136719,68.68000030517578,67.94999694824219,167.91000366210938,170.5399932861328
2024-08-12T13:30:00.0,217.52999877929688,406.80999755859375,68.16999816894531,68.69999694824219,164.1300048828125,166.80999755859375
2024-08-13T13:30:00.0,221.27000427246094,414.010009765625,68.45999908447266,68.12999725341797,168.75999450683594,167.2899932861328
2024-08-14T13:30:00.0,221.72000122070312,416.8599853515625,68.58000183105469,68.66000366210938,168.5,168.8000030517578
2024-08-15T13:30:00.0,224.72000122070312,421.0299987792969,68.6500015258789,73.18000030517578,176.41000366210938,167.9199981689453
2024-08-16T13:30:00.0,226.0500030517578,418.4700012207031,69.18000030517578,73.44999694824219,179.99000549316406,167.88999938964844
2024-08-19T13:30:00.0,225.88999938964844,421.5299987792969,68.9800033569336,73.72000122070312,179.63999938964844,168.4199981689453
2024-08-20T13:30:00.0,226.50999450683594,424.79998779296875,69.37999725341797,74.54000091552734,172.10000610351562,170.41000366210938
2024-08-21T13:30:00.0,226.39999389648438,424.1400146484375,69.56999969482422,75.23999786376953,173.42999267578125,170.16000366210938
2024-08-22T13:30:00.0,224.52999877929688,415.54998779296875,69.33000183105469,75.58000183105469,172.75999450683594,170.14999389648438
2024-08-23T13:30:00.0,226.83999633789062,416.7900085449219,69.79000091552734,75.69999694824219,174.9600067138672,169.1699981689453
2024-08-26T13:30:00.0,227.17999267578125,413.489990234375,70.83999633789062,76.02999877929688,173.47999572753906,170.35000610351562
2024-08-27T13:30:00.0,228.02999877929688,413.8399963378906,71.5,76.12999725341797,173.0500030517578,169.25
2024-08-28T13:30:00.0,226.49000549316406,410.6000061035156,71.75,76.08000183105469,170.7100067138672,169.05999755859375
2024-08-29T13:30:00.0,229.7899932861328,413.1199951171875,72.05000305175781,76.41999816894531,172.25999450683594,170.02999877929688
2024-08-30T13:30:00.0,229.0,417.1400146484375,72.47000122070312,77.2300033569336,173.74000549316406,171.5399932861328
2024-09-03T13:30:00.0,222.77000427246094,409.44000244140625,73.01000213623047,77.16999816894531,161.02000427246094,174.52000427246094
2024-09-04T13:30:00.0,220.85000610351562,408.8999938964844,72.55999755859375,77.23999786376953,163.22000122070312,175.89999389648438
2024-09-05T13:30:00.0,222.3800048828125,408.3900146484375,71.16999816894531,76.95999908447266,162.14999389648438,175.47000122070312
2024-09-06T13:30:00.0,220.82000732421875,401.70001220703125,71.13999938964844,76.63999938964844,157.6199951171875,175.58999633789062
2024-09-09T13:30:00.0,220.91000366210938,405.7200012207031,71.8499984741211,77.33999633789062,162.91000366210938,176.05999755859375
2024-09-10T13:30:00.0,220.11000061035156,414.20001220703125,71.55000305175781,78.80999755859375,160.07000732421875,177.7899932861328
2024-09-11T13:30:00.0,222.66000366210938,423.0400085449219,71.08000183105469,78.83999633789062,161.3300018310547,173.9199981689453
2024-09-12T13:30:00.0,222.77000427246094,427.0,71.2300033569336,79.66000366210938,162.77000427246094,173.47000122070312
2024-09-13T13:30:00.0,222.5,430.5899963378906,71.41000366210938,80.5999984741211,156.77000427246094,174.0800018310547
2024-09-16T13:30:00.0,216.32000732421875,431.3399963378906,72.0999984741211,80.55999755859375,155.5500030517578,177.24000549316406
2024-09-17T13:30:00.0,216.7899932861328,435.1499938964844,71.80000305175781,78.5999984741211,156.38999938964844,175.8800048828125
2024-09-18T13:30:00.0,220.69000244140625,430.80999755859375,71.75,79.02999877929688,155.11000061035156,173.9199981689453
2024-09-19T13:30:00.0,228.8699951171875,438.69000244140625,70.62000274658203,78.04000091552734,154.58999633789062,171.5399932861328
2024-09-20T13:30:00.0,228.1999969482422,435.2699890136719,71.63999938964844,79.05999755859375,153.2899932861328,174.22000122070312
2024-09-23T13:30:00.0,226.47000122070312,433.510009765625,71.7300033569336,80.33000183105469,156.3000030517578,173.77000427246094
2024-09-24T13:30:00.0,227.3699951171875,429.1700134277344,71.33000183105469,80.66999816894531,155.80999755859375,173.24000549316406
2024-09-25T13:30:00.0,226.3699951171875,432.1099853515625,71.44999694824219,81.4000015258789,152.22000122070312,172.25999450683594
2024-09-26T13:30:00.0,227.52000427246094,431.30999755859375,71.4000015258789,79.91999816894531,154.5800018310547,173.2100067138672
2024-09-27T13:30:00.0,227.7899932861328,428.0199890136719,71.79000091552734,79.77999877929688,156.32000732421875,173.5500030517578
2024-09-30T13:30:00.0,233.0,430.29998779296875,71.86000061035156,80.75,152.0399932861328,173.1999969482422
2024-10-01T13:30:00.0,226.2100067138672,420.69000244140625,71.70999908447266,81.2699966430664,154.22000122070312,173.0399932861328
2024-10-02T13:30:00.0,226.77999877929688,417.1300048828125,71.01000213623047,80.43000030517578,152.88999938964844,171.9199981689453
2024-10-03T13:30:00.0,225.6699981689453,416.5400085449219,70.5199966430664,80.43000030517578,150.52000427246094,170.1199951171875
2024-10-04T13:30:00.0,226.8000030517578,416.05999755859375,70.16999816894531,80.94000244140625,155.0,168.8800048828125
2024-10-07T13:30:00.0,221.69000244140625,409.5400085449219,69.01000213623047,79.0999984741211,155.91000366210938,167.1199951171875
2024-10-08T13:30:00.0,225.77000427246094,414.7099914550781,69.18000030517578,79.70999908447266,154.64999389648438,168.16000366210938
2024-10-09T13:30:00.0,229.5399932861328,417.4599914550781,69.56999969482422,80.4000015258789,149.3699951171875,169.27000427246094
2024-10-10T13:30:00.0,229.0399932861328,415.8399963378906,69.25,79.61000061035156,146.6199951171875,168.9499969482422
2024-10-11T13:30:00.0,227.5500030517578,416.32000732421875,69.56999969482422,80.0999984741211,151.02000427246094,171.08999633789062
2024-10-14T13:30:00.0,231.3000030517578,419.1400146484375,70.33999633789062,80.29000091552734,148.99000549316406,172.50999450683594
2024-10-15T13:30:00.0,233.85000610351562,418.739990234375,70.33999633789062,81.6500015258789,152.35000610351562,173.57000732421875
2024-10-16T13:30:00.0,231.77999877929688,416.1199951171875,70.56999969482422,81.22000122070312,154.89999389648438,172.3800048828125
2024-10-17T13:30:00.0,232.14999389648438,416.7200012207031,69.9000015258789,80.88999938964844,155.30999755859375,172.27999877929688
2024-10-18T13:30:00.0,235.0,418.1600036621094,70.44000244140625,81.30999755859375,155.0,171.27999877929688
2024-10-21T13:30:00.0,236.47999572753906,418.7799987792969,69.44999694824219,80.80999755859375,159.82000732421875,169.5399932861328
2024-10-22T13:30:00.0,235.86000061035156,427.510009765625,69.44999694824219,82.0199966430664,159.8800048828125,169.6999969482422
2024-10-23T13:30:00.0,230.75999450683594,424.6000061035156,68.01000213623047,83.2699966430664,157.05999755859375,169.5800018310547
2024-10-24T13:30:00.0,230.57000732421875,424.7300109863281,67.30000305175781,83.04000091552734,155.1999969482422,169.6199951171875
2024-10-25T13:30:00.0,231.41000366210938,428.1499938964844,66.91999816894531,82.51000213623047,155.00999450683594,168.22000122070312
2024-10-28T13:30:00.0,233.39999389648438,426.5899963378906,66.66999816894531,82.75,150.69000244140625,169.3000030517578
2024-10-29T13:30:00.0,233.6699981689453,431.95001220703125,65.55999755859375,81.69999694824219,152.97999572753906,167.1699981689453
2024-10-30T13:30:00.0,230.10000610351562,432.5299987792969,65.91999816894531,81.38999938964844,154.2899932861328,166.16000366210938
2024-10-31T13:30:00.0,225.91000366210938,406.3500061035156,65.30999755859375,81.94999694824219,149.30999755859375,165.17999267578125
2024-11-01T13:30:00.0,222.91000366210938,410.3699951171875,65.01000213623047,82.19000244140625,154.58999633789062,165.10000610351562
2024-11-04T14:30:00.0,222.00999450683594,408.4599914550781,65.11000061035156,82.44999694824219,155.07000732421875,165.0800018310547
2024-11-05T14:30:00.0,223.4499969482422,411.4599914550781,65.37000274658203,83.68000030517578,151.0,165.75999450683594
2024-11-06T14:30:00.0,222.72000122070312,420.17999267578125,63.70000076293945,83.44000244140625,147.16000366210938,161.0500030517578
2024-11-07T14:30:00.0,227.47999572753906,425.42999267578125,63.65999984741211,83.8499984741211,150.97999572753906,163.41000366210938
2024-11-08T14:30:00.0,226.9600067138672,422.5400085449219,63.91999816894531,84.83000183105469,151.67999267578125,167.7100067138672
2024-11-11T14:30:00.0,224.22999572753906,418.010009765625,63.36000061035156,84.20999908447266,148.9600067138672,166.02999877929688
2024-11-12T14:30:00.0,224.22999572753906,423.0299987792969,63.20000076293945,84.98999786376953,145.1699981689453,165.83999633789062
2024-11-13T14:30:00.0,225.1199951171875,425.20001220703125,63.0,85.5,139.97000122070312,166.5800018310547
2024-11-14T14:30:00.0,228.22000122070312,426.8900146484375,62.54999923706055,84.47000122070312,138.13999938964844,167.0800018310547
2024-11-15T14:30:00.0,225.0,415.0,61.7400016784668,84.25,140.19000244140625,169.5399932861328
2024-11-18T14:30:00.0,228.02000427246094,415.760009765625,61.86000061035156,84.08000183105469,143.8699951171875,170.75
2024-11-19T14:30:00.0,228.27999877929688,417.7900085449219,62.59000015258789,86.5999984741211,145.60000610351562,170.75999450683594
2024-11-20T14:30:00.0,229.0,415.489990234375,62.9900016784668,87.18000030517578,146.0800018310547,170.88999938964844
2024-11-21T14:30:00.0,228.52000427246094,412.8699951171875,63.7599983215332,88.38999938964844,143.41000366210938,172.75
2024-11-22T14:30:00.0,229.8699951171875,417.0,63.91999816894531,90.44000244140625,149.2899932861328,176.27999877929688
2024-11-25T14:30:00.0,232.8699951171875,418.7900085449219,64.37999725341797,89.5,153.10000610351562,177.38999938964844
2024-11-26T14:30:00.0,235.05999755859375,427.989990234375,64.55000305175781,91.30999755859375,150.75999450683594,179.30999755859375
2024-11-27T14:30:00.0,234.92999267578125,422.989990234375,64.43000030517578,91.87999725341797,152.39999389648438,179.36000061035156
2024-11-29T14:30:00.0,237.3300018310547,423.4599914550781,64.08000183105469,92.5,155.44000244140625,179.25999450683594
2024-12-02T14:30:00.0,239.58999633789062,430.9800109863281,63.650001525878906,92.63999938964844,156.5399932861328,179.6999969482422
2024-12-03T14:30:00.0,242.64999389648438,431.20001220703125,63.52000045776367,93.51000213623047,155.0,175.4199981689453
2024-12-04T14:30:00.0,243.00999450683594,437.4200134277344,62.209999084472656,94.44999694824219,158.27999877929688,175.11000061035156
2024-12-05T14:30:00.0,243.0399932861328,442.6199951171875,62.91999816894531,95.30000305175781,156.6699981689453,176.02999877929688
2024-12-06T14:30:00.0,242.83999633789062,443.57000732421875,62.529998779296875,95.69999694824219,153.92999267578125,173.82000732421875
2024-12-09T14:30:00.0,246.75,446.0199890136719,62.599998474121094,93.83000183105469,157.0399932861328,170.7899932861328
2024-12-10T14:30:00.0,247.77000427246094,443.3299865722656,62.90999984741211,94.55000305175781,164.10000610351562,172.27999877929688
2024-12-11T14:30:00.0,246.49000549316406,448.989990234375,62.63999938964844,94.95999908447266,165.9600067138672,170.6300048828125
2024-12-12T14:30:00.0,247.9600067138672,449.55999755859375,63.84000015258789,94.08999633789062,167.75,170.85000610351562
2024-12-13T14:30:00.0,248.1300048828125,447.2699890136719,63.119998931884766,94.25,169.64999389648438,171.05999755859375
2024-12-16T14:30:00.0,251.0399932861328,451.5899963378906,62.54999923706055,94.87000274658203,173.1699981689453,171.13999938964844
2024-12-17T14:30:00.0,253.47999572753906,454.4599914550781,63.400001525878906,95.41999816894531,173.02999877929688,170.3300018310547
2024-12-18T14:30:00.0,248.0500030517578,437.3900146484375,62.849998474121094,93.55000305175781,172.6199951171875,169.0800018310547
2024-12-19T14:30:00.0,249.7899932861328,437.0299987792969,62.45000076293945,93.4000015258789,177.0399932861328,169.19000244140625
2024-12-20T14:30:00.0,254.49000549316406,436.6000061035156,62.54999923706055,92.23999786376953,177.35000610351562,168.05999755859375
2024-12-23T14:30:00.0,255.27000427246094,435.25,62.380001068115234,90.3499984741211,177.69000244140625,168.11000061035156
2024-12-24T14:30:00.0,258.20001220703125,439.3299865722656,62.84000015258789,92.68000030517578,179.33999633789062,168.94000244140625
2024-12-26T14:30:00.0,259.0199890136719,438.1099853515625,62.56999969482422,92.79000091552734,180.3800048828125,170.16000366210938
2024-12-27T14:30:00.0,255.58999633789062,430.5299987792969,62.45000076293945,91.66000366210938,180.72000122070312,169.52999877929688
2024-12-30T14:30:00.0,252.1999969482422,424.8299865722656,62.029998779296875,90.56999969482422,176.5500030517578,167.08999633789062
2024-12-31T14:30:00.0,250.4199981689453,421.5,62.2599983215332,90.3499984741211,177.0,167.64999389648438
2025-01-02T14:30:00.0,243.85000610351562,418.5799865722656,61.84000015258789,90.0,171.8699951171875,165.97999572753906
2025-01-03T14:30:00.0,243.36000061035156,423.3500061035156,61.75,90.77999877929688,169.89999389648438,165.1300048828125
2025-01-06T14:30:00.0,245.0,427.8500061035156,60.810001373291016,91.43000030517578,170.77999877929688,160.60000610351562
2025-01-07T14:30:00.0,242.2100067138672,422.3699951171875,60.84000015258789,90.80999755859375,172.50999450683594,161.3000030517578
2025-01-08T14:30:00.0,242.6999969482422,424.55999755859375,61.709999084472656,91.80000305175781,171.75999450683594,162.10000610351562
2025-01-10T14:30:00.0,236.85000610351562,418.95001220703125,61.06999969482422,93.0,172.0,158.55999755859375
2025-01-13T14:30:00.0,234.39999389648438,417.19000244140625,61.650001525878906,91.52999877929688,170.57000732421875,158.83999633789062
2025-01-14T14:30:00.0,233.27999877929688,415.6700134277344,62.040000915527344,90.79000091552734,167.02000427246094,159.74000549316406
2025-01-15T14:30:00.0,237.8699951171875,426.30999755859375,61.77000045776367,91.33999633789062,166.1999969482422,159.64999389648438
2025-01-16T14:30:00.0,228.25999450683594,424.5799865722656,62.25,91.30000305175781,168.92999267578125,160.5
2025-01-17T14:30:00.0,229.97999572753906,429.0299987792969,62.709999084472656,91.94000244140625,171.08999633789062,161.1300048828125
2025-01-21T14:30:00.0,222.63999938964844,428.5,62.41999816894531,93.08000183105469,175.55999755859375,161.72000122070312
2025-01-22T14:30:00.0,223.8300018310547,446.20001220703125,61.779998779296875,93.2300033569336,174.8000030517578,164.74000549316406
2025-01-23T14:30:00.0,223.66000366210938,446.7099914550781,61.529998779296875,93.80999755859375,178.5,166.14999389648438
2025-01-24T14:30:00.0,222.77999877929688,444.05999755859375,61.91999816894531,94.76000213623047,176.05999755859375,164.1199951171875
2025-01-27T14:30:00.0,229.86000061035156,434.55999755859375,63.869998931884766,97.4000015258789,175.16000366210938,169.66000366210938
2025-01-28T14:30:00.0,238.25999450683594,447.20001220703125,62.36000061035156,97.29000091552734,177.77999877929688,166.19000244140625
2025-01-29T14:30:00.0,239.36000061035156,442.3299865722656,62.83000183105469,97.5,173.66000366210938,166.22999572753906
2025-01-30T14:30:00.0,237.58999633789062,414.989990234375,64.05000305175781,98.6500015258789,179.52999877929688,167.41000366210938
2025-01-31T14:30:00.0,236.0,415.05999755859375,63.47999954223633,98.16000366210938,176.52000427246094,165.99000549316406
2025-02-03T14:30:00.0,228.00999450683594,410.9200134277344,63.349998474121094,99.54000091552734,175.8699951171875,168.75999450683594
2025-02-04T14:30:00.0,232.8000030517578,412.3699951171875,62.66999816894531,100.7699966430664,176.22999572753906,168.1300048828125
2025-02-05T14:30:00.0,232.47000122070312,413.2900085449219,63.119998931884766,102.45999908447266,181.83999633789062,169.00999450683594
2025-02-06T14:30:00.0,233.22000122070312,415.82000732421875,63.36000061035156,102.8499984741211,184.8000030517578,168.8800048828125
2025-02-07T14:30:00.0,227.6300048828125,409.75,63.84000015258789,101.1500015258789,181.49000549316406,167.97000122070312
2025-02-10T14:30:00.0,227.64999389648438,412.2200012207031,64.55000305175781,102.91999816894531,180.5500030517578,167.52999877929688
2025-02-11T14:30:00.0,232.6199951171875,411.44000244140625,67.5999984741211,102.47000122070312,180.44000244140625,169.42999267578125
2025-02-12T14:30:00.0,236.8699951171875,409.0400085449219,68.70999908447266,103.61000061035156,186.25,169.5800018310547
2025-02-13T14:30:00.0,241.52999877929688,410.5400085449219,69.5,105.05000305175781,185.44000244140625,171.02000427246094
2025-02-14T14:30:00.0,244.60000610351562,408.42999267578125,68.87000274658203,104.04000091552734,184.4199981689453,162.88999938964844
2025-02-18T14:30:00.0,244.47000122070312,409.6400146484375,69.05000305175781,103.77999877929688,184.97000122070312,165.42999267578125
2025-02-19T14:30:00.0,244.8699951171875,414.7699890136719,70.06999969482422,104.0,186.14999389648438,166.49000549316406
2025-02-20T14:30:00.0,245.8300018310547,416.1300048828125,70.04000091552734,97.20999908447266,180.8800048828125,167.2100067138672
2025-02-21T14:30:00.0,245.5500030517578,408.2099914550781,71.3499984741211,94.77999877929688,177.14999389648438,170.22999572753906
2025-02-24T14:30:00.0,247.10000610351562,404.0,70.58999633789062,93.66999816894531,179.91000366210938,170.5399932861328
2025-02-25T14:30:00.0,247.0399932861328,397.8999938964844,71.48999786376953,97.69000244140625,178.27000427246094,172.64999389648438
2025-02-26T14:30:00.0,240.36000061035156,399.7300109863281,70.80000305175781,96.19999694824219,173.0399932861328,171.3000030517578
2025-02-27T14:30:00.0,237.3000030517578,392.5299987792969,70.87000274658203,96.79000091552734,173.8300018310547,171.97000122070312
2025-02-28T14:30:00.0,241.83999633789062,396.989990234375,71.20999908447266,98.61000061035156,174.6300048828125,173.83999633789062
2025-03-03T14:30:00.0,238.02999877929688,388.489990234375,72.31999969482422,97.58999633789062,170.05999755859375,175.58999633789062
2025-03-04T14:30:00.0,235.92999267578125,388.6099853515625,70.19000244140625,94.97000122070312,158.89999389648438,173.17999267578125
2025-03-05T14:30:00.0,235.74000549316406,401.0199890136719,70.08000183105469,95.9800033569336,163.16000366210938,174.61000061035156
2025-03-06T14:30:00.0,235.3300018310547,396.8900146484375,70.45999908447266,94.63999938964844,158.42999267578125,174.66000366210938
2025-03-07T14:30:00.0,239.07000732421875,393.30999755859375,71.43000030517578,91.72000122070312,154.17999267578125,175.9499969482422
2025-03-10T13:30:00.0,227.47999572753906,380.1600036621094,71.44999694824219,87.81999969482422,148.14999389648438,176.25999450683594
2025-03-11T13:30:00.0,220.83999633789062,380.45001220703125,71.04000091552734,87.44000244140625,154.05999755859375,173.1199951171875
2025-03-12T13:30:00.0,216.97999572753906,383.2699890136719,69.94000244140625,85.19999694824219,158.8000030517578,168.3699951171875
2025-03-13T13:30:00.0,209.67999267578125,378.7699890136719,69.62000274658203,84.5,159.32000732421875,168.58999633789062
2025-03-14T13:30:00.0,213.49000549316406,388.55999755859375,69.16000366210938,85.3499984741211,161.80999755859375,167.97000122070312
2025-03-17T13:30:00.0,214.0,388.70001220703125,70.12000274658203,87.45999908447266,161.85000610351562,169.75999450683594
2025-03-18T13:30:00.0,212.69000244140625,383.5199890136719,69.37999725341797,85.58999633789062,161.57000732421875,167.7100067138672
2025-03-19T13:30:00.0,215.24000549316406,387.82000732421875,69.27999877929688,86.33000183105469,172.6199951171875,168.57000732421875
2025-03-20T13:30:00.0,214.10000610351562,386.8399963378906,69.70999908447266,85.80999755859375,172.8300018310547,167.5500030517578
2025-03-21T13:30:00.0,218.27000427246094,391.260009765625,68.66999816894531,85.9800033569336,178.11000061035156,166.69000244140625
2025-03-24T13:30:00.0,220.72999572753906,393.0799865722656,68.94999694824219,87.48999786376953,180.89999389648438,165.64999389648438
2025-03-25T13:30:00.0,223.75,395.1600036621094,68.80999755859375,84.76000213623047,182.58999633789062,162.85000610351562
2025-03-26T13:30:00.0,221.52999877929688,389.9700012207031,70.0199966430664,85.20999908447266,178.5500030517578,166.5800018310547
2025-03-27T13:30:00.0,223.85000610351562,390.5799865722656,70.73999786376953,85.62999725341797,179.11000061035156,168.7100067138672
2025-03-28T13:30:00.0,217.89999389648438,378.79998779296875,70.37000274658203,85.1500015258789,173.30999755859375,168.02999877929688
2025-03-31T13:30:00.0,222.1300048828125,375.3900146484375,71.62000274658203,87.79000091552734,170.5500030517578,170.4199981689453
2025-04-01T13:30:00.0,223.19000244140625,382.19000244140625,71.87000274658203,88.83000183105469,168.1699981689453,170.55999755859375
2025-04-02T13:30:00.0,223.88999938964844,382.1400146484375,71.33000183105469,89.76000213623047,168.55999755859375,169.5
2025-04-03T13:30:00.0,203.19000244140625,373.1099853515625,73.18000030517578,87.26000213623047,150.91000366210938,172.38999938964844
2025-04-04T13:30:00.0,188.3800048828125,359.8399963378906,69.93000030517578,83.19000244140625,136.58999633789062,163.75
2025-04-07T13:30:00.0,181.4600067138672,357.8599853515625,68.37000274658203,83.83000183105469,138.86000061035156,160.22999572753906
2025-04-08T13:30:00.0,172.4199981689453,354.55999755859375,68.41999816894531,81.79000091552734,139.38999938964844,158.38999938964844
2025-04-09T13:30:00.0,198.85000610351562,390.489990234375,69.94999694824219,89.5999984741211,160.82000732421875,162.32000732421875
2025-04-10T13:30:00.0,190.4199981689453,381.3500061035156,70.76000213623047,90.61000061035156,155.52000427246094,163.55999755859375
2025-04-11T13:30:00.0,198.14999389648438,388.45001220703125,71.43000030517578,92.80000305175781,156.83999633789062,166.91000366210938
2025-04-14T13:30:00.0,202.52000427246094,387.80999755859375,72.44999694824219,94.7300033569336,159.27999877929688,169.1300048828125
2025-04-15T13:30:00.0,202.13999938964844,385.7300109863281,71.86000061035156,93.97000122070312,155.52000427246094,168.47000122070312
2025-04-16T13:30:00.0,194.27000427246094,371.6099853515625,71.68000030517578,91.19000244140625,156.47000122070312,166.38999938964844
2025-04-17T13:30:00.0,196.97999572753906,367.7799987792969,73.0,93.22000122070312,161.89999389648438,170.6300048828125
2025-04-21T13:30:00.0,193.16000366210938,359.1199951171875,72.7699966430664,92.41000366210938,159.33999633789062,165.75
2025-04-22T13:30:00.0,199.74000549316406,366.82000732421875,73.9000015258789,94.8499984741211,162.52000427246094,167.8800048828125
2025-04-23T13:30:00.0,204.60000610351562,374.3900146484375,73.30000305175781,94.95999908447266,172.3699951171875,165.72999572753906
2025-04-24T13:30:00.0,208.3699951171875,387.29998779296875,72.5199966430664,95.83999633789062,176.25999450683594,159.52999877929688
2025-04-25T13:30:00.0,209.27999877929688,391.8500061035156,71.91000366210938,95.08999633789062,177.9499969482422,161.02000427246094
2025-04-28T13:30:00.0,210.13999938964844,391.1600036621094,71.79000091552734,95.22000122070312,182.3000030517578,161.85000610351562
2025-04-29T13:30:00.0,211.2100067138672,394.0400085449219,72.3499984741211,96.04000091552734,182.0,162.25999450683594
2025-04-30T13:30:00.0,212.5,395.260009765625,72.55000305175781,97.25,183.24000549316406,162.57000732421875
2025-05-01T13:30:00.0,213.32000732421875,425.3999938964844,71.29000091552734,97.41000366210938,182.88999938964844,159.97999572753906
2025-05-02T13:30:00.0,205.35000610351562,435.2799987792969,71.6500015258789,98.75,185.4600067138672,160.52000427246094
2025-05-05T13:30:00.0,198.88999938964844,436.1700134277344,71.69999694824219,99.33000183105469,186.4600067138672,158.8300018310547
2025-05-06T13:30:00.0,198.50999450683594,433.30999755859375,71.72000122070312,98.55000305175781,185.9600067138672,159.25
2025-05-07T13:30:00.0,196.25,433.3500061035156,72.4000015258789,98.83000183105469,185.55999755859375,159.2899932861328
2025-05-08T13:30:00.0,197.49000549316406,438.1700134277344,71.16999816894531,97.43000030517578,191.6999969482422,158.64999389648438
2025-05-09T13:30:00.0,198.52999877929688,438.7300109863281,70.5199966430664,96.72000122070312,194.85000610351562,157.66000366210938
2025-05-12T13:30:00.0,210.7899932861328,449.260009765625,69.52999877929688,96.75,198.52999877929688,160.89999389648438
2025-05-13T13:30:00.0,212.92999267578125,449.1400146484375,68.95999908447266,95.87999725341797,203.4199981689453,158.72999572753906
2025-05-14T13:30:00.0,212.3300018310547,452.94000244140625,69.16000366210938,96.83000183105469,204.72000122070312,158.02000427246094
2025-05-15T13:30:00.0,211.4499969482422,453.1300048828125,71.61000061035156,96.3499984741211,206.24000549316406,162.41000366210938
2025-05-16T13:30:00.0,211.25999450683594,454.2699890136719,72.0,98.23999786376953,205.82000732421875,163.27999877929688
2025-05-19T13:30:00.0,208.77999877929688,458.8699951171875,71.93000030517578,98.12000274658203,205.25,164.77000427246094
2025-05-20T13:30:00.0,206.86000061035156,458.1700134277344,71.69000244140625,97.80000305175781,207.6699981689453,165.63999938964844
2025-05-21T13:30:00.0,202.08999633789062,452.57000732421875,71.8499984741211,96.43000030517578,203.2100067138672,165.42999267578125
2025-05-22T13:30:00.0,201.36000061035156,454.8599853515625,71.13999938964844,95.93000030517578,203.41000366210938,165.02999877929688
2025-05-23T13:30:00.0,195.27000427246094,450.17999267578125,71.7699966430664,96.33999633789062,202.36000061035156,165.86000061035156
2025-05-27T13:30:00.0,200.2100067138672,460.69000244140625,71.77999877929688,97.58000183105469,201.02999877929688,167.75999450683594
2025-05-28T13:30:00.0,200.4199981689453,457.3599853515625,71.1500015258789,97.23999786376953,201.5,167.36000061035156
2025-05-29T13:30:00.0,199.9499969482422,458.67999267578125,71.48999786376953,97.0999984741211,208.17999267578125,168.55999755859375
2025-05-30T13:30:00.0,200.85000610351562,460.3599853515625,72.0999984741211,98.72000122070312,207.32000732421875,169.88999938964844
2025-06-02T13:30:00.0,201.6999969482422,461.9700012207031,72.0,99.7699966430664,211.47000122070312,167.77999877929688
2025-06-03T13:30:00.0,203.27000427246094,462.9700012207031,71.16000366210938,99.9800033569336,213.42999267578125,166.85000610351562
2025-06-04T13:30:00.0,202.82000732421875,463.8699951171875,71.37000274658203,99.3499984741211,211.97999572753906,165.9499969482422
2025-06-05T13:30:00.0,200.6300048828125,467.67999267578125,70.91000366210938,97.95999908447266,209.02000427246094,162.8000030517578
2025-06-06T13:30:00.0,203.9199981689453,470.3800048828125,71.3499984741211,97.47000122070312,210.8000030517578,164.02000427246094
2025-06-09T13:30:00.0,201.4499969482422,472.75,71.7699966430664,97.44999694824219,217.50999450683594,162.55999755859375
2025-06-10T13:30:00.0,202.6699981689453,470.9200134277344,72.3499984741211,97.31999969482422,215.72999572753906,162.83999633789062
2025-06-11T13:30:00.0,198.77999877929688,472.6199951171875,72.06999969482422,95.80000305175781,214.0,162.11000061035156
2025-06-12T13:30:00.0,199.1999969482422,478.8699951171875,72.23999786376953,94.83000183105469,203.75,163.17999267578125
2025-06-13T13:30:00.0,196.4499969482422,474.9599914550781,71.0199966430664,94.44000244140625,200.32000732421875,160.27999877929688
2025-06-16T13:30:00.0,198.4199981689453,479.1400146484375,70.5199966430664,94.29000091552734,201.6999969482422,160.8800048828125
2025-06-17T13:30:00.0,195.63999938964844,478.0400085449219,69.62000274658203,94.25,200.25999450683594,158.52000427246094
2025-06-18T13:30:00.0,196.5800018310547,480.239990234375,69.20999908447266,95.08999633789062,197.67999267578125,158.02000427246094
2025-06-20T13:30:00.0,201.0,477.3999938964844,68.83999633789062,96.12000274658203,198.75,159.0800018310547
2025-06-23T13:30:00.0,201.5,486.0,69.73999786376953,97.87000274658203,201.30999755859375,161.02999877929688
2025-06-24T13:30:00.0,200.3000030517578,490.1099853515625,70.20999908447266,98.0,200.94000244140625,160.36000061035156
2025-06-25T13:30:00.0,201.55999755859375,492.2699890136719,69.62999725341797,97.26000213623047,198.89999389648438,158.97000122070312
2025-06-26T13:30:00.0,201.0,497.45001220703125,69.47000122070312,96.0199966430664,202.5800018310547,158.6300048828125
2025-06-27T13:30:00.0,201.0800018310547,495.94000244140625,70.33000183105469,97.2699966430664,214.5500030517578,159.86000061035156
2025-06-30T13:30:00.0,205.1699981689453,497.4100036621094,70.75,97.77999877929688,209.52999877929688,159.32000732421875
2025-07-01T13:30:00.0,207.82000732421875,492.04998779296875,71.66999816894531,98.23999786376953,209.7899932861328,161.22000122070312
2025-07-02T13:30:00.0,212.44000244140625,491.0899963378906,70.91000366210938,97.61000061035156,212.02999877929688,161.1999969482422
2025-07-03T13:30:00.0,213.5500030517578,498.8399963378906,71.3499984741211,98.36000061035156,215.9199981689453,160.8300018310547
2025-07-07T13:30:00.0,209.9499969482422,497.7200012207031,71.01000213623047,99.3499984741211,218.6300048828125,160.5
2025-07-08T13:30:00.0,210.00999450683594,496.6199951171875,70.23999786376953,97.08999633789062,218.52000427246094,157.88999938964844
2025-07-09T13:30:00.0,211.13999938964844,503.510009765625,69.4800033569336,96.80999755859375,226.60000610351562,157.52000427246094
2025-07-10T13:30:00.0,212.41000366210938,501.4800109863281,69.7699966430664,94.86000061035156,226.08999633789062,158.49000549316406
2025-07-11T13:30:00.0,211.16000366210938,503.32000732421875,69.87000274658203,94.4000015258789,226.83999633789062,157.0500030517578
2025-07-14T13:30:00.0,208.6199951171875,503.0199890136719,69.47000122070312,95.77999877929688,230.50999450683594,153.75999450683594
2025-07-15T13:30:00.0,209.11000061035156,505.82000732421875,69.36000061035156,95.38999938964844,230.0,152.67999267578125
2025-07-16T13:30:00.0,210.16000366210938,505.6199951171875,69.2699966430664,95.1500015258789,229.89999389648438,153.72999572753906
2025-07-17T13:30:00.0,210.02000427246094,511.70001220703125,70.58999633789062,95.08999633789062,231.0,155.6199951171875
2025-07-18T13:30:00.0,211.17999267578125,510.04998779296875,69.8499984741211,95.05000305175781,229.33999633789062,155.10000610351562
2025-07-21T13:30:00.0,212.47999572753906,510.05999755859375,70.06999969482422,95.66999816894531,229.32000732421875,155.02999877929688
2025-07-22T13:30:00.0,214.39999389648438,505.2699890136719,69.66000366210938,95.8499984741211,228.47999572753906,158.32000732421875
2025-07-23T13:30:00.0,214.14999389648438,505.8699951171875,69.16000366210938,95.68000030517578,233.8800048828125,158.27999877929688
2025-07-24T13:30:00.0,213.75999450683594,510.8800048828125,69.0999984741211,96.5999984741211,231.27000427246094,158.80999755859375
2025-07-25T13:30:00.0,213.8800048828125,513.7100219726562,69.16999816894531,97.47000122070312,233.05999755859375,158.3000030517578
2025-07-28T13:30:00.0,214.0500030517578,512.5,68.08999633789062,97.61000061035156,236.41000366210938,157.11000061035156
2025-07-29T13:30:00.0,211.27000427246094,512.5700073242188,69.37999725341797,98.33000183105469,226.0800018310547,156.61000061035156
2025-07-30T13:30:00.0,209.0500030517578,513.239990234375,68.75,97.58999633789062,225.83999633789062,152.8800048828125
2025-07-31T13:30:00.0,207.57000732421875,533.5,67.88999938964844,97.9800033569336,221.83999633789062,150.47000122070312
2025-08-01T13:30:00.0,202.3800048828125,524.1099853515625,68.86000061035156,98.48999786376953,221.89999389648438,150.64999389648438
2025-08-04T13:30:00.0,203.35000610351562,535.6400146484375,68.95999908447266,99.58999633789062,222.33999633789062,150.75999450683594
2025-08-05T13:30:00.0,202.9199981689453,527.75,69.05000305175781,99.30999755859375,224.86000061035156,150.50999450683594
2025-08-06T13:30:00.0,213.25,524.9400024414062,69.51000213623047,103.36000061035156,225.0399932861328,152.86000061035156
2025-08-07T13:30:00.0,220.02999877929688,520.8400268554688,70.43000030517578,103.12000274658203,227.3300018310547,153.49000549316406
2025-08-08T13:30:00.0,229.35000610351562,522.0399780273438,70.33999633789062,103.7300033569336,229.1199951171875,153.50999450683594
2025-08-11T13:30:00.0,227.17999267578125,521.77001953125,70.75,103.93000030517578,225.9600067138672,154.97999572753906
2025-08-12T13:30:00.0,229.64999389648438,529.239990234375,70.70999908447266,103.62000274658203,232.61000061035156,155.08999633789062
2025-08-13T13:30:00.0,233.3300018310547,520.5800170898438,70.45999908447266,100.98999786376953,233.3699951171875,155.41000366210938
2025-08-14T13:30:00.0,232.77999877929688,522.47998046875,69.55000305175781,100.8499984741211,233.19000244140625,153.74000549316406
2025-08-15T13:30:00.0,231.58999633789062,520.1699829101562,69.91999816894531,100.0,235.25999450683594,154.36000061035156
2025-08-18T13:30:00.0,230.88999938964844,517.0999755859375,69.12999725341797,100.69999694824219,232.41000366210938,155.72000122070312
2025-08-19T13:30:00.0,230.55999755859375,509.7699890136719,70.12999725341797,101.29000091552734,225.0,158.39999389648438
2025-08-20T13:30:00.0,226.00999450683594,505.7200012207031,70.69999694824219,102.56999969482422,225.6199951171875,159.50999450683594
2025-08-21T13:30:00.0,224.89999389648438,504.239990234375,70.66000366210938,97.95999908447266,224.4600067138672,158.72999572753906
2025-08-22T13:30:00.0,227.75999450683594,507.2300109863281,70.12999725341797,96.83000183105469,230.1199951171875,158.6699981689453
2025-08-25T13:30:00.0,227.16000366210938,504.260009765625,68.93000030517578,96.06999969482422,226.8699951171875,156.14999389648438
2025-08-26T13:30:00.0,229.30999755859375,502.0400085449219,68.7300033569336,96.05000305175781,234.8300018310547,155.97000122070312
2025-08-27T13:30:00.0,230.49000549316406,506.739990234375,68.83000183105469,96.08000183105469,235.6199951171875,156.9600067138672
2025-08-28T13:30:00.0,232.55999755859375,509.6400146484375,68.36000061035156,96.11000061035156,236.16000366210938,155.64999389648438
2025-08-29T13:30:00.0,232.13999938964844,506.69000244140625,68.98999786376953,96.9800033569336,234.67999267578125,157.0399932861328
2025-09-02T13:30:00.0,229.72000122070312,505.1199951171875,69.05999755859375,97.8499984741211,237.3800048828125,157.99000549316406
2025-09-03T13:30:00.0,238.47000122070312,505.3500061035156,68.98999786376953,99.44000244140625,232.3800048828125,158.1699981689453
2025-09-04T13:30:00.0,239.77999877929688,507.9700012207031,68.25,100.93000030517578,230.75,159.19000244140625
2025-09-05T13:30:00.0,239.69000244140625,495.0,67.95999908447266,100.51000213623047,229.61000061035156,160.02000427246094
2025-09-08T13:30:00.0,237.8800048828125,498.20001220703125,67.43000030517578,102.27999877929688,230.9499969482422,159.00999450683594
2025-09-09T13:30:00.0,234.35000610351562,498.4100036621094,67.86000061035156,102.29000091552734,229.52000427246094,159.4600067138672
2025-09-10T13:30:00.0,226.7899932861328,500.3699951171875,67.81999969482422,100.41000366210938,227.52000427246094,157.35000610351562
2025-09-11T13:30:00.0,230.02999877929688,501.010009765625,67.62000274658203,102.6500015258789,219.99000549316406,158.6300048828125
2025-09-12T13:30:00.0,234.07000732421875,509.8999938964844,67.01000213623047,103.48999786376953,215.94000244140625,157.89999389648438
2025-09-15T13:30:00.0,236.6999969482422,515.3599853515625,66.20999908447266,103.69000244140625,215.75,156.8300018310547
2025-09-16T13:30:00.0,238.14999389648438,509.0400085449219,66.23999786376953,103.41999816894531,215.02000427246094,158.0500030517578
2025-09-17T13:30:00.0,238.99000549316406,510.0199890136719,67.04000091552734,104.2699966430664,214.6300048828125,160.3300018310547
2025-09-18T13:30:00.0,237.8800048828125,508.45001220703125,66.45999908447266,103.5999984741211,215.66000366210938,157.32000732421875
2025-09-19T13:30:00.0,245.5,517.9299926757812,66.43000030517578,102.33000183105469,215.64999389648438,156.0399932861328
2025-09-22T13:30:00.0,256.0799865722656,514.4500122070312,66.20999908447266,102.81999969482422,212.08999633789062,153.07000732421875
2025-09-23T13:30:00.0,254.42999267578125,509.2300109863281,66.70999908447266,102.5199966430664,216.33999633789062,152.5
2025-09-24T13:30:00.0,252.30999755859375,510.1499938964844,66.44999694824219,102.7300033569336,215.10000610351562,152.4199981689453
2025-09-25T13:30:00.0,256.8699951171875,507.0299987792969,65.9800033569336,103.05000305175781,213.52999877929688,152.14999389648438
2025-09-26T13:30:00.0,255.4600067138672,511.4599914550781,65.66999816894531,103.16000366210938,221.25999450683594,152.5
2025-09-29T13:30:00.0,254.42999267578125,514.5999755859375,66.04000091552734,103.08000183105469,217.0800018310547,153.52999877929688
2025-09-30T13:30:00.0,254.6300048828125,517.9500122070312,66.31999969482422,103.05999755859375,215.8300018310547,153.64999389648438
2025-10-01T13:30:00.0,255.4499969482422,519.7100219726562,66.77999877929688,101.95999908447266,215.1999969482422,153.17999267578125
2025-10-02T13:30:00.0,257.1300048828125,515.739990234375,66.0999984741211,101.69999694824219,217.42999267578125,152.0500030517578
2025-10-03T13:30:00.0,258.0199890136719,517.3499755859375,66.6500015258789,102.06999969482422,216.3000030517578,152.27000427246094
2025-10-06T13:30:00.0,256.69000244140625,528.5700073242188,66.0999984741211,102.69999694824219,219.72999572753906,150.41000366210938
2025-10-07T13:30:00.0,256.4800109863281,523.97998046875,66.79000091552734,103.23999786376953,221.82000732421875,152.5399932861328
2025-10-08T13:30:00.0,258.05999755859375,524.8499755859375,66.12000274658203,102.9000015258789,225.32000732421875,150.69000244140625
2025-10-09T13:30:00.0,254.0399932861328,522.4000244140625,66.37000274658203,101.7699966430664,216.0,150.5800018310547
2025-10-10T13:30:00.0,245.27000427246094,510.9599914550781,67.04000091552734,101.83999633789062,210.72999572753906,149.69000244140625
2025-10-13T13:30:00.0,247.66000366210938,514.0499877929688,66.80000305175781,102.12000274658203,215.55999755859375,147.49000549316406
2025-10-14T13:30:00.0,247.77000427246094,513.5700073242188,67.51000213623047,107.20999908447266,214.3000030517578,149.16000366210938
2025-10-15T13:30:00.0,249.33999633789062,513.4299926757812,67.08000183105469,109.02999877929688,214.0,147.4199981689453
2025-10-16T13:30:00.0,247.4499969482422,511.6099853515625,67.58999633789062,106.47000122070312,211.88999938964844,149.60000610351562
2025-10-17T13:30:00.0,252.2899932861328,513.5800170898438,68.44000244140625,107.7300033569336,212.94000244140625,151.39999389648438
2025-10-20T13:30:00.0,262.239990234375,516.7899780273438,68.44000244140625,107.05000305175781,216.82000732421875,151.9600067138672
2025-10-21T13:30:00.0,262.7699890136719,517.6599731445312,71.22000122070312,106.22000122070312,217.25999450683594,151.6199951171875
2025-10-22T13:30:00.0,258.45001220703125,520.5399780273438,70.80999755859375,107.13999938964844,216.58999633789062,152.1999969482422
2025-10-23T13:30:00.0,259.5799865722656,520.5599975585938,69.94000244140625,106.86000061035156,217.77000427246094,152.2100067138672
2025-10-24T13:30:00.0,262.82000732421875,523.6099853515625,69.70999908447266,106.16999816894531,221.35000610351562,152.49000549316406
2025-10-27T13:30:00.0,268.80999755859375,531.52001953125,70.05999755859375,104.47000122070312,223.0,151.74000549316406
2025-10-28T13:30:00.0,269.0,542.0700073242188,70.16000366210938,103.16999816894531,223.3300018310547,151.3699951171875
2025-10-29T13:30:00.0,269.70001220703125,541.5499877929688,68.3499984741211,102.45999908447266,213.5800018310547,148.77000427246094
2025-10-30T13:30:00.0,271.3999938964844,525.760009765625,68.9800033569336,102.2300033569336,200.0800018310547,149.5800018310547
2025-10-31T13:30:00.0,270.3699951171875,517.8099975585938,68.9000015258789,101.18000030517578,201.02000427246094,150.3699951171875
2025-11-03T14:30:00.0,269.04998779296875,517.030029296875,67.97000122070312,101.58999633789062,204.5500030517578,148.02000427246094
2025-11-04T14:30:00.0,270.0400085449219,514.3300170898438,68.66000366210938,102.2699966430664,198.0500030517578,147.1699981689453
2025-11-05T14:30:00.0,270.1400146484375,507.1600036621094,68.51000213623047,101.47000122070312,197.6199951171875,145.7899932861328
2025-11-06T14:30:00.0,269.7699890136719,497.1000061035156,69.05999755859375,101.68000030517578,196.5,146.1300048828125
2025-11-07T14:30:00.0,268.4700012207031,496.82000732421875,70.55000305175781,102.58999633789062,194.61000061035156,146.97999572753906
2025-11-10T14:30:00.0,269.42999267578125,506.0,70.5199966430664,102.41999816894531,194.80999755859375,145.5
2025-11-11T14:30:00.0,275.25,508.67999267578125,71.61000061035156,103.44000244140625,195.2100067138672,148.5399932861328
2025-11-12T14:30:00.0,273.4700012207031,511.1400146484375,71.51000213623047,103.44000244140625,195.5,148.00999450683594
2025-11-13T14:30:00.0,272.95001220703125,503.2900085449219,71.06999969482422,102.54000091552734,194.5800018310547,147.9600067138672
2025-11-14T14:30:00.0,272.4100036621094,510.17999267578125,71.16000366210938,102.4800033569336,194.52000427246094,147.6699981689453
2025-11-17T14:30:00.0,267.4599914550781,507.489990234375,70.68000030517578,102.94999694824219,191.80999755859375,145.82000732421875
2025-11-18T14:30:00.0,267.44000244140625,493.7900085449219,71.22000122070312,101.38999938964844,189.6300048828125,146.99000549316406
2025-11-19T14:30:00.0,268.55999755859375,487.1199951171875,71.11000061035156,100.61000061035156,185.6999969482422,146.99000549316406
2025-11-20T14:30:00.0,266.25,478.42999267578125,71.20999908447266,107.11000061035156,179.3800048828125,148.19000244140625
2025-11-21T14:30:00.0,271.489990234375,472.1199951171875,72.94999694824219,105.31999969482422,179.6999969482422,150.9199981689453
2025-11-24T14:30:00.0,275.9200134277344,474.0,72.58999633789062,104.05999755859375,179.1199951171875,146.97999572753906
2025-11-25T14:30:00.0,276.9700012207031,476.989990234375,72.61000061035156,107.0,182.44000244140625,148.49000549316406
2025-11-26T14:30:00.0,277.54998779296875,485.5,72.87999725341797,109.0999984741211,186.9199981689453,148.25
2025-11-28T14:30:00.0,278.8500061035156,492.010009765625,73.12000274658203,110.51000213623047,189.0,148.16000366210938
2025-12-01T14:30:00.0,283.1000061035156,486.739990234375,71.94999694824219,111.52999877929688,186.4600067138672,147.44000244140625
2025-12-02T14:30:00.0,286.19000244140625,490.0,70.66999816894531,112.41000366210938,205.3800048828125,145.86000061035156
2025-12-03T14:30:00.0,284.1499938964844,477.7300109863281,70.80999755859375,114.41000366210938,202.5399932861328,146.7100067138672
2025-12-04T14:30:00.0,280.70001220703125,480.8399963378906,70.44999694824219,114.83999633789062,201.8699951171875,145.36000061035156
2025-12-05T14:30:00.0,278.7799987792969,483.1600036621094,70.0,115.11000061035156,201.88999938964844,143.4499969482422
2025-12-08T14:30:00.0,277.8900146484375,491.0199890136719,70.25,113.55999755859375,206.27000427246094,138.33999633789062
2025-12-09T14:30:00.0,277.17999267578125,492.0199890136719,70.08999633789062,115.05999755859375,200.3699951171875,139.6300048828125
2025-12-10T14:30:00.0,278.7799987792969,478.55999755859375,70.20999908447266,113.18000030517578,198.72000122070312,139.82000732421875
2025-12-11T14:30:00.0,278.0299987792969,483.4700012207031,69.11000061035156,115.5199966430664,200.7100067138672,140.75999450683594
2025-12-12T14:30:00.0,278.2799987792969,478.5299987792969,70.5199966430664,116.69999694824219,204.3800048828125,142.83999633789062
2025-12-15T14:30:00.0,274.1099853515625,474.82000732421875,70.97000122070312,116.79000091552734,205.5,145.1300048828125
2025-12-16T14:30:00.0,274.6099853515625,476.3900146484375,70.37000274658203,115.41999816894531,206.7100067138672,145.2100067138672
2025-12-17T14:30:00.0,271.8399963378906,476.1199951171875,70.66999816894531,115.66000366210938,206.3300018310547,147.80999755859375
2025-12-18T14:30:00.0,272.19000244140625,483.9800109863281,70.36000061035156,114.83000183105469,208.27000427246094,145.52000427246094
2025-12-19T14:30:00.0,273.6700134277344,485.9200134277344,70.05999755859375,114.36000061035156,214.0800018310547,144.4600067138672
2025-12-22T14:30:00.0,270.9700012207031,484.9200134277344,70.20999908447266,112.5999984741211,216.83999633789062,142.69000244140625
2025-12-23T14:30:00.0,272.3599853515625,486.8500061035156,69.87000274658203,110.9000015258789,216.85000610351562,143.17999267578125
2025-12-24T14:30:00.0,273.80999755859375,488.0199890136719,70.11000061035156,111.61000061035156,218.16000366210938,144.49000549316406
2025-12-26T14:30:00.0,273.3999938964844,487.7099914550781,69.87000274658203,111.73999786376953,216.44000244140625,144.74000549316406
2025-12-29T14:30:00.0,273.760009765625,487.1000061035156,70.16000366210938,112.52999877929688,217.25,144.57000732421875
2025-12-30T14:30:00.0,273.0799865722656,487.4800109863281,70.06999969482422,111.91999816894531,218.5,144.0500030517578
2025-12-31T14:30:00.0,271.8599853515625,483.6199951171875,69.91000366210938,111.41000366210938,217.1199951171875,143.30999755859375
